#
# There is insufficient memory for the Java Runtime Environment to continue.
# Native memory allocation (malloc) failed to allocate 1286336 bytes. Error detail: Chunk::new
# Possible reasons:
#   The system is out of physical RAM or swap space
#   This process is running with CompressedOops enabled, and the Java Heap may be blocking the growth of the native heap
# Possible solutions:
#   Reduce memory load on the system
#   Increase physical memory or swap space
#   Check if swap backing store is full
#   Decrease Java heap size (-Xmx/-Xms)
#   Decrease number of Java threads
#   Decrease Java thread stack sizes (-Xss)
#   Set larger code cache with -XX:ReservedCodeCacheSize=
#   JVM is running with Unscaled Compressed Oops mode in which the Java heap is
#     placed in the first 4GB address space. The Java Heap base address is the
#     maximum limit for the native heap growth. Please use -XX:HeapBaseMinAddress
#     to set the Java Heap base and to place the Java Heap above 4GB virtual address.
# This output file may be truncated or incomplete.
#
#  Out of Memory Error (arena.cpp:168), pid=30064, tid=3044
#
# JRE version: OpenJDK Runtime Environment Microsoft-11933218 (21.0.8+9) (build 21.0.8+9-LTS)
# Java VM: OpenJDK 64-Bit Server VM Microsoft-11933218 (21.0.8+9-LTS, mixed mode, sharing, tiered, compressed oops, compressed class ptrs, g1 gc, windows-amd64)
# No core dump will be written. Minidumps are not enabled by default on client versions of Windows
#

---------------  S U M M A R Y ------------

Command Line: -Xmx1G com.android.tools.r8.D8 --debug --min-api 24 --output obj\LocalDebug\net10.0-android\android\bin\ --lib C:\Program Files (x86)\Android\android-sdk\platforms\android-36\android.jar obj\LocalDebug\net10.0-android\android\bin\classes.zip C:\Program Files\dotnet\packs\Microsoft.Android.Ref.36\36.1.69\ref\net10.0\mono.android.jar C:\Program Files\dotnet\packs\Microsoft.Android.Sdk.Windows\36.1.69\tools\\java_runtime_clr.jar C:\Users\owner\.nuget\packages\xamarin.androidx.annotation.jvm\1.9.1.5\buildTransitive\net10.0-android35.0\..\..\jar\androidx.annotation.annotation-jvm.jar C:\Users\owner\.nuget\packages\xamarin.androidx.collection.jvm\1.5.0.3\buildTransitive\net10.0-android35.0\..\..\jar\androidx.collection.collection-jvm.jar C:\Users\owner\.nuget\packages\xamarin.androidx.annotation\1.9.1.5\buildTransitive\net10.0-android35.0\..\..\jar\androidx.annotation.annotation.jar C:\Users\owner\.nuget\packages\xamarin.androidx.collection\1.5.0.3\buildTransitive\net10.0-android35.0\..\..\jar\androidx.collection.collection.jar C:\Users\owner\.nuget\packages\xamarin.androidx.concurrent.futures\1.3.0.1\buildTransitive\net10.0-android35.0\..\..\jar\androidx.concurrent.concurrent-futures.jar C:\Users\owner\.nuget\packages\xamarin.androidx.lifecycle.common.jvm\2.9.2.1\buildTransitive\net10.0-android35.0\..\..\jar\androidx.lifecycle.lifecycle-common-jvm.jar C:\Users\owner\.nuget\packages\xamarin.androidx.lifecycle.common\2.9.2.1\buildTransitive\net10.0-android35.0\..\..\jar\androidx.lifecycle.lifecycle-common.jar C:\Users\owner\.nuget\packages\xamarin.androidx.arch.core.common\2.2.0.18\buildTransitive\net10.0-android35.0\..\..\jar\androidx.arch.core.core-common.jar C:\Users\owner\.nuget\packages\xamarin.androidx.resourceinspection.annotation\1.0.1.22\buildTransitive\net10.0-android35.0\..\..\jar\androidx.resourceinspection.resourceinspection-annotation.jar C:\Users\owner\.nuget\packages\xamarin.androidx.constraintlayout.core\1.1.1.3\buildTransitive\net10.0-android35.0\..\..\jar\androidx.constraintlayout.constraintlayout-core.jar C:\Users\owner\.nuget\packages\xamarin.androidx.window.windowcore.jvm\1.4.0.1\buildTransitive\net10.0-android35.0\..\..\jar\androidx.window.window-core-jvm.jar C:\Users\owner\.nuget\packages\xamarin.androidx.window.windowcore\1.4.0.1\buildTransitive\net10.0-android35.0\..\..\jar\androidx.window.window-core.jar C:\Users\owner\.nuget\packages\xamarin.androidx.collection.ktx\1.5.0.3\buildTransitive\net10.0-android35.0\..\..\jar\androidx.collection.collection-ktx.jar C:\Users\owner\.nuget\packages\microsoft.netcore.app.runtime.android-arm64\10.0.12\runtimes\android-arm64\native\libSystem.Security.Cryptography.Native.Android.jar obj\LocalDebug\net10.0-android\lp\103\jl\classes.jar obj\LocalDebug\net10.0-android\lp\104\jl\classes.jar obj\LocalDebug\net10.0-android\lp\106\jl\classes.jar obj\LocalDebug\net10.0-android\lp\107\jl\classes.jar obj\LocalDebug\net10.0-android\lp\108\jl\classes.jar obj\LocalDebug\net10.0-android\lp\109\jl\classes.jar obj\LocalDebug\net10.0-android\lp\110\jl\classes.jar obj\LocalDebug\net10.0-android\lp\112\jl\classes.jar obj\LocalDebug\net10.0-android\lp\113\jl\classes.jar obj\LocalDebug\net10.0-android\lp\114\jl\classes.jar obj\LocalDebug\net10.0-android\lp\115\jl\classes.jar obj\LocalDebug\net10.0-android\lp\116\jl\classes.jar obj\LocalDebug\net10.0-android\lp\117\jl\classes.jar obj\LocalDebug\net10.0-android\lp\118\jl\classes.jar obj\LocalDebug\net10.0-android\lp\120\jl\classes.jar obj\LocalDebug\net10.0-android\lp\121\jl\classes.jar obj\LocalDebug\net10.0-android\lp\122\jl\classes.jar obj\LocalDebug\net10.0-android\lp\124\jl\classes.jar obj\LocalDebug\net10.0-android\lp\125\jl\classes.jar obj\LocalDebug\net10.0-android\lp\126\jl\classes.jar obj\LocalDebug\net10.0-android\lp\128\jl\classes.jar obj\LocalDebug\net10.0-android\lp\129\jl\classes.jar obj\LocalDebug\net10.0-android\lp\130\jl\classes.jar obj\LocalDebug\net10.0-android\lp\131\jl\classes.jar obj\LocalDebug\net10.0-android\lp\132\jl\classes.jar obj\LocalDebug\net10.0-android\lp\133\jl\classes.jar obj\LocalDebug\net10.0-android\lp\134\jl\classes.jar obj\LocalDebug\net10.0-android\lp\135\jl\classes.jar obj\LocalDebug\net10.0-android\lp\136\jl\classes.jar obj\LocalDebug\net10.0-android\lp\136\jl\libs\repackaged.jar obj\LocalDebug\net10.0-android\lp\137\jl\classes.jar obj\LocalDebug\net10.0-android\lp\138\jl\classes.jar obj\LocalDebug\net10.0-android\lp\139\jl\classes.jar obj\LocalDebug\net10.0-android\lp\140\jl\classes.jar obj\LocalDebug\net10.0-android\lp\141\jl\classes.jar obj\LocalDebug\net10.0-android\lp\142\jl\classes.jar obj\LocalDebug\net10.0-android\lp\143\jl\classes.jar obj\LocalDebug\net10.0-android\lp\144\jl\classes.jar obj\LocalDebug\net10.0-android\lp\145\jl\classes.jar obj\LocalDebug\net10.0-android\lp\146\jl\classes.jar obj\LocalDebug\net10.0-android\lp\147\jl\classes.jar obj\LocalDebug\net10.0-android\lp\148\jl\classes.jar obj\LocalDebug\net10.0-android\lp\149\jl\classes.jar obj\LocalDebug\net10.0-android\lp\150\jl\classes.jar obj\LocalDebug\net10.0-android\lp\151\jl\classes.jar obj\LocalDebug\net10.0-android\lp\153\jl\classes.jar obj\LocalDebug\net10.0-android\lp\154\jl\classes.jar obj\LocalDebug\net10.0-android\lp\156\jl\classes.jar obj\LocalDebug\net10.0-android\lp\157\jl\classes.jar obj\LocalDebug\net10.0-android\lp\159\jl\classes.jar obj\LocalDebug\net10.0-android\lp\160\jl\classes.jar obj\LocalDebug\net10.0-android\lp\161\jl\classes.jar obj\LocalDebug\net10.0-android\lp\162\jl\classes.jar obj\LocalDebug\net10.0-android\lp\163\jl\classes.jar obj\LocalDebug\net10.0-android\lp\164\jl\classes.jar obj\LocalDebug\net10.0-android\lp\165\jl\classes.jar obj\LocalDebug\net10.0-android\lp\166\jl\classes.jar obj\LocalDebug\net10.0-android\lp\167\jl\libs\ED64959F88B22E6D.jar obj\LocalDebug\net10.0-android\lp\168\jl\libs\2E7FD15AFA9B216B.jar obj\LocalDebug\net10.0-android\lp\170\jl\classes.jar obj\LocalDebug\net10.0-android\lp\173\jl\libs\659D48BEBA477FDD.jar obj\LocalDebug\net10.0-android\lp\174\jl\libs\95D547F40BE4687C.jar obj\LocalDebug\net10.0-android\lp\175\jl\classes.jar obj\LocalDebug\net10.0-android\lp\176\jl\classes.jar obj\LocalDebug\net10.0-android\lp\177\jl\libs\F975D0960055A5E3.jar obj\LocalDebug\net10.0-android\lp\178\jl\libs\B71CFF5D5A0B3AEB.jar obj\LocalDebug\net10.0-android\lp\179\jl\libs\8956669C0037225B.jar obj\LocalDebug\net10.0-android\lp\180\jl\libs\05D34BA5CA8637CF.jar obj\LocalDebug\net10.0-android\lp\181\jl\libs\DCFB018199B59345.jar obj\LocalDebug\net10.0-android\lp\182\jl\libs\F91D79B39A269A7E.jar obj\LocalDebug\net10.0-android\lp\183\jl\libs\F01C7EADE990A004.jar obj\LocalDebug\net10.0-android\lp\184\jl\libs\F6DB49E0CC905A9A.jar obj\LocalDebug\net10.0-android\lp\185\jl\libs\A1A754E9E8693F85.jar obj\LocalDebug\net10.0-android\lp\186\jl\libs\B7446A23346A729D.jar obj\LocalDebug\net10.0-android\lp\187\jl\libs\623E6E29E2058512.jar --map-diagnostics warning info

Host: Intel(R) Core(TM) i5-14600K, 20 cores, 31G,  Windows 11 , 64 bit Build 26100 (10.0.26100.9444)
Time: Tue Oct  6 23:39:04 2026 West Asia Standard Time elapsed time: 2.540271 seconds (0d 0h 0m 2s)

---------------  T H R E A D  ---------------

Current thread (0x000002c767472620):  JavaThread "C2 CompilerThread7" daemon [_thread_in_native, id=3044, stack(0x000000ecb5100000,0x000000ecb5200000) (1024K)]


Current CompileTask:
C2:2540 5196 %     4       com.android.tools.r8.internal.RY::b @ 78 (658 bytes)

Stack: [0x000000ecb5100000,0x000000ecb5200000]
Native frames: (J=compiled Java code, j=interpreted, Vv=VM code, C=native code)
V  [jvm.dll+0x6e1729]
V  [jvm.dll+0x8bf47b]
V  [jvm.dll+0x8c19aa]
V  [jvm.dll+0x8c2083]
V  [jvm.dll+0x289fd6]
V  [jvm.dll+0xc903d]
V  [jvm.dll+0xc958c]
V  [jvm.dll+0x30113e]
V  [jvm.dll+0x608897]
V  [jvm.dll+0x25af97]
V  [jvm.dll+0x25b36d]
V  [jvm.dll+0x253c69]
V  [jvm.dll+0x251171]
V  [jvm.dll+0x1d18bf]
V  [jvm.dll+0x260f4a]
V  [jvm.dll+0x25f2b5]
V  [jvm.dll+0x40151d]
V  [jvm.dll+0x86975d]
V  [jvm.dll+0x6dff2d]
C  [ucrtbase.dll+0x2cd30]
C  [KERNEL32.DLL+0x2cd87]
C  [ntdll.dll+0xacaec]


---------------  P R O C E S S  ---------------

Threads class SMR info:
_java_thread_list=0x000002c76706c570, length=39, elements={
0x000002c702265ef0, 0x000002c762136f50, 0x000002c7621395c0, 0x000002c76213c830,
0x000002c76213d970, 0x000002c762167350, 0x000002c76216aa50, 0x000002c76216c470,
0x000002c76217a550, 0x000002c7622ab770, 0x000002c762338f30, 0x000002c762347450,
0x000002c76234bd00, 0x000002c7623df250, 0x000002c7623f3000, 0x000002c7673aa0b0,
0x000002c7673aa710, 0x000002c7673af4d0, 0x000002c7673afb30, 0x000002c762b9bd00,
0x000002c762b9f780, 0x000002c762ba2270, 0x000002c762bcccd0, 0x000002c762bcf860,
0x000002c762bcfef0, 0x000002c762bd0580, 0x000002c762bcde20, 0x000002c762bcf1d0,
0x000002c762bce4b0, 0x000002c762bd0c10, 0x000002c762bcd790, 0x000002c762bceb40,
0x000002c76717d470, 0x000002c767534580, 0x000002c7670f73c0, 0x000002c76746f7b0,
0x000002c76746d860, 0x000002c76759a9b0, 0x000002c767472620
}

Java Threads: ( => current thread )
  0x000002c702265ef0 JavaThread "main"                              [_thread_blocked, id=7600, stack(0x000000ecb1900000,0x000000ecb1a00000) (1024K)]
  0x000002c762136f50 JavaThread "Reference Handler"          daemon [_thread_blocked, id=26760, stack(0x000000ecb2100000,0x000000ecb2200000) (1024K)]
  0x000002c7621395c0 JavaThread "Finalizer"                  daemon [_thread_blocked, id=19512, stack(0x000000ecb2200000,0x000000ecb2300000) (1024K)]
  0x000002c76213c830 JavaThread "Signal Dispatcher"          daemon [_thread_blocked, id=26988, stack(0x000000ecb2300000,0x000000ecb2400000) (1024K)]
  0x000002c76213d970 JavaThread "Attach Listener"            daemon [_thread_blocked, id=22188, stack(0x000000ecb2400000,0x000000ecb2500000) (1024K)]
  0x000002c762167350 JavaThread "Service Thread"             daemon [_thread_blocked, id=27596, stack(0x000000ecb2500000,0x000000ecb2600000) (1024K)]
  0x000002c76216aa50 JavaThread "Monitor Deflation Thread"   daemon [_thread_blocked, id=23468, stack(0x000000ecb2600000,0x000000ecb2700000) (1024K)]
  0x000002c76216c470 JavaThread "C2 CompilerThread0"         daemon [_thread_in_native, id=15268, stack(0x000000ecb2700000,0x000000ecb2800000) (1024K)]
  0x000002c76217a550 JavaThread "C1 CompilerThread0"         daemon [_thread_in_native, id=18100, stack(0x000000ecb2800000,0x000000ecb2900000) (1024K)]
  0x000002c7622ab770 JavaThread "C1 CompilerThread1"         daemon [_thread_in_native, id=12760, stack(0x000000ecb2900000,0x000000ecb2a00000) (1024K)]
  0x000002c762338f30 JavaThread "C1 CompilerThread2"         daemon [_thread_in_native, id=22152, stack(0x000000ecb2a00000,0x000000ecb2b00000) (1024K)]
  0x000002c762347450 JavaThread "Notification Thread"        daemon [_thread_blocked, id=27960, stack(0x000000ecb2b00000,0x000000ecb2c00000) (1024K)]
  0x000002c76234bd00 JavaThread "Common-Cleaner"             daemon [_thread_blocked, id=13008, stack(0x000000ecb2c00000,0x000000ecb2d00000) (1024K)]
  0x000002c7623df250 JavaThread "C2 CompilerThread1"         daemon [_thread_in_native, id=20392, stack(0x000000ecb2d00000,0x000000ecb2e00000) (1024K)]
  0x000002c7623f3000 JavaThread "C1 CompilerThread3"         daemon [_thread_in_native, id=24804, stack(0x000000ecb2f00000,0x000000ecb3000000) (1024K)]
  0x000002c7673aa0b0 JavaThread "ForkJoinPool-1-worker-1"    daemon [_thread_in_vm, id=23636, stack(0x000000ecb2e00000,0x000000ecb2f00000) (1024K)]
  0x000002c7673aa710 JavaThread "ForkJoinPool-1-worker-2"    daemon [_thread_in_Java, id=29536, stack(0x000000ecb3000000,0x000000ecb3100000) (1024K)]
  0x000002c7673af4d0 JavaThread "ForkJoinPool-1-worker-3"    daemon [_thread_in_vm, id=22460, stack(0x000000ecb3100000,0x000000ecb3200000) (1024K)]
  0x000002c7673afb30 JavaThread "ForkJoinPool-1-worker-4"    daemon [_thread_in_Java, id=21036, stack(0x000000ecb3d00000,0x000000ecb3e00000) (1024K)]
  0x000002c762b9bd00 JavaThread "ForkJoinPool-1-worker-5"    daemon [_thread_in_Java, id=23576, stack(0x000000ecb3e00000,0x000000ecb3f00000) (1024K)]
  0x000002c762b9f780 JavaThread "ForkJoinPool-1-worker-6"    daemon [_thread_in_Java, id=30328, stack(0x000000ecb3f00000,0x000000ecb4000000) (1024K)]
  0x000002c762ba2270 JavaThread "ForkJoinPool-1-worker-7"    daemon [_thread_in_Java, id=4040, stack(0x000000ecb4000000,0x000000ecb4100000) (1024K)]
  0x000002c762bcccd0 JavaThread "ForkJoinPool-1-worker-8"    daemon [_thread_in_Java, id=18088, stack(0x000000ecb4100000,0x000000ecb4200000) (1024K)]
  0x000002c762bcf860 JavaThread "ForkJoinPool-1-worker-9"    daemon [_thread_in_vm, id=17716, stack(0x000000ecb4200000,0x000000ecb4300000) (1024K)]
  0x000002c762bcfef0 JavaThread "ForkJoinPool-1-worker-10"   daemon [_thread_in_Java, id=24640, stack(0x000000ecb4300000,0x000000ecb4400000) (1024K)]
  0x000002c762bd0580 JavaThread "ForkJoinPool-1-worker-11"   daemon [_thread_in_Java, id=22208, stack(0x000000ecb4400000,0x000000ecb4500000) (1024K)]
  0x000002c762bcde20 JavaThread "ForkJoinPool-1-worker-12"   daemon [_thread_in_Java, id=26308, stack(0x000000ecb4500000,0x000000ecb4600000) (1024K)]
  0x000002c762bcf1d0 JavaThread "ForkJoinPool-1-worker-14"   daemon [_thread_in_Java, id=29676, stack(0x000000ecb4600000,0x000000ecb4700000) (1024K)]
  0x000002c762bce4b0 JavaThread "ForkJoinPool-1-worker-13"   daemon [_thread_in_Java, id=24100, stack(0x000000ecb4700000,0x000000ecb4800000) (1024K)]
  0x000002c762bd0c10 JavaThread "ForkJoinPool-1-worker-15"   daemon [_thread_in_Java, id=27576, stack(0x000000ecb4800000,0x000000ecb4900000) (1024K)]
  0x000002c762bcd790 JavaThread "ForkJoinPool-1-worker-16"   daemon [_thread_in_Java, id=4700, stack(0x000000ecb4900000,0x000000ecb4a00000) (1024K)]
  0x000002c762bceb40 JavaThread "ForkJoinPool-1-worker-18"   daemon [_thread_in_Java, id=26940, stack(0x000000ecb4a00000,0x000000ecb4b00000) (1024K)]
  0x000002c76717d470 JavaThread "ForkJoinPool-1-worker-17"   daemon [_thread_in_Java, id=18324, stack(0x000000ecb4b00000,0x000000ecb4c00000) (1024K)]
  0x000002c767534580 JavaThread "C2 CompilerThread2"         daemon [_thread_in_native, id=2980, stack(0x000000ecb4c00000,0x000000ecb4d00000) (1024K)]
  0x000002c7670f73c0 JavaThread "C2 CompilerThread3"         daemon [_thread_in_native, id=22816, stack(0x000000ecb4d00000,0x000000ecb4e00000) (1024K)]
  0x000002c76746f7b0 JavaThread "C2 CompilerThread4"         daemon [_thread_in_native, id=29128, stack(0x000000ecb4e00000,0x000000ecb4f00000) (1024K)]
  0x000002c76746d860 JavaThread "C2 CompilerThread5"         daemon [_thread_in_native, id=28452, stack(0x000000ecb4f00000,0x000000ecb5000000) (1024K)]
  0x000002c76759a9b0 JavaThread "C2 CompilerThread6"         daemon [_thread_in_native, id=13620, stack(0x000000ecb5000000,0x000000ecb5100000) (1024K)]
=>0x000002c767472620 JavaThread "C2 CompilerThread7"         daemon [_thread_in_native, id=3044, stack(0x000000ecb5100000,0x000000ecb5200000) (1024K)]
Total: 39

Other Threads:
  0x000002c70224ca60 VMThread "VM Thread"                           [id=15936, stack(0x000000ecb2000000,0x000000ecb2100000) (1024K)]
  0x000002c76211aa00 WatcherThread "VM Periodic Task Thread"        [id=20948, stack(0x000000ecb1f00000,0x000000ecb2000000) (1024K)]
  0x000002c70224c320 WorkerThread "GC Thread#0"                     [id=19832, stack(0x000000ecb1a00000,0x000000ecb1b00000) (1024K)]
  0x000002c70224dc80 WorkerThread "GC Thread#1"                     [id=19768, stack(0x000000ecb3200000,0x000000ecb3300000) (1024K)]
  0x000002c70224d540 WorkerThread "GC Thread#2"                     [id=28844, stack(0x000000ecb3300000,0x000000ecb3400000) (1024K)]
  0x000002c767158f50 WorkerThread "GC Thread#3"                     [id=7540, stack(0x000000ecb3400000,0x000000ecb3500000) (1024K)]
  0x000002c767157d30 WorkerThread "GC Thread#4"                     [id=19584, stack(0x000000ecb3500000,0x000000ecb3600000) (1024K)]
  0x000002c7671580d0 WorkerThread "GC Thread#5"                     [id=29316, stack(0x000000ecb3600000,0x000000ecb3700000) (1024K)]
  0x000002c7671592f0 WorkerThread "GC Thread#6"                     [id=28720, stack(0x000000ecb3700000,0x000000ecb3800000) (1024K)]
  0x000002c767159a30 WorkerThread "GC Thread#7"                     [id=16696, stack(0x000000ecb3800000,0x000000ecb3900000) (1024K)]
  0x000002c767158470 WorkerThread "GC Thread#8"                     [id=26360, stack(0x000000ecb3900000,0x000000ecb3a00000) (1024K)]
  0x000002c767159690 WorkerThread "GC Thread#9"                     [id=30688, stack(0x000000ecb3a00000,0x000000ecb3b00000) (1024K)]
  0x000002c767156eb0 WorkerThread "GC Thread#10"                    [id=28656, stack(0x000000ecb3b00000,0x000000ecb3c00000) (1024K)]
  0x000002c767156030 WorkerThread "GC Thread#11"                    [id=6088, stack(0x000000ecb3c00000,0x000000ecb3d00000) (1024K)]
  0x000002c767158810 WorkerThread "GC Thread#12"                    [id=18048, stack(0x000000ecb5200000,0x000000ecb5300000) (1024K)]
  0x000002c767158bb0 WorkerThread "GC Thread#13"                    [id=12112, stack(0x000000ecb5300000,0x000000ecb5400000) (1024K)]
  0x000002c768fdb300 WorkerThread "GC Thread#14"                    [id=28128, stack(0x000000ecb5400000,0x000000ecb5500000) (1024K)]
  0x000002c704803e90 ConcurrentGCThread "G1 Main Marker"            [id=15696, stack(0x000000ecb1b00000,0x000000ecb1c00000) (1024K)]
  0x000002c70224c6c0 WorkerThread "G1 Conc#0"                       [id=25128, stack(0x000000ecb1c00000,0x000000ecb1d00000) (1024K)]
  0x000002c768fdabc0 WorkerThread "G1 Conc#1"                       [id=3772, stack(0x000000ecb5500000,0x000000ecb5600000) (1024K)]
  0x000002c768fda480 WorkerThread "G1 Conc#2"                       [id=20056, stack(0x000000ecb5600000,0x000000ecb5700000) (1024K)]
  0x000002c768fdc520 WorkerThread "G1 Conc#3"                       [id=19984, stack(0x000000ecb5700000,0x000000ecb5800000) (1024K)]
  0x000002c720f39050 ConcurrentGCThread "G1 Refine#0"               [id=12480, stack(0x000000ecb1d00000,0x000000ecb1e00000) (1024K)]
  0x000002c720f39870 ConcurrentGCThread "G1 Service"                [id=8052, stack(0x000000ecb1e00000,0x000000ecb1f00000) (1024K)]
Total: 24

Threads with active compile tasks:
C2 CompilerThread0  2564 5918 %     4       com.android.tools.r8.internal.de::a @ 1940 (4509 bytes)
C1 CompilerThread0  2564 7091       3       com.android.tools.r8.internal.vb::a (27 bytes)
C1 CompilerThread1  2564 7101       3       com.android.tools.r8.internal.Nn::a (122 bytes)
C1 CompilerThread2  2564 7068       2       com.android.tools.r8.internal.QZ::b (1938 bytes)
C2 CompilerThread1  2565 6084       4       com.android.tools.r8.ir.optimize.b0::a (278 bytes)
C1 CompilerThread3  2566 7118   !   3       java.util.AbstractMap::equals (145 bytes)
C2 CompilerThread2  2566 5116 %     4       com.android.tools.r8.internal.U60::a @ 12 (500 bytes)
C2 CompilerThread3  2566 6406       4       com.android.tools.r8.internal.US::a (863 bytes)
C2 CompilerThread4  2566 6489       4       com.android.tools.r8.internal.kb::a (183 bytes)
C2 CompilerThread5  2567 6835       4       com.android.tools.r8.internal.dD::a (71 bytes)
C2 CompilerThread6  2567 6962       4       com.android.tools.r8.internal.J9::a (224 bytes)
C2 CompilerThread7  2567 5196 %     4       com.android.tools.r8.internal.RY::b @ 78 (658 bytes)
Total: 12

VM state: not at safepoint (normal execution)

VM Mutex/Monitor currently owned by a thread: None

Heap address: 0x00000000c0000000, size: 1024 MB, Compressed Oops mode: 32-bit

CDS archive(s) mapped at: [0x000002c721000000-0x000002c721c80000-0x000002c721c80000), size 13107200, SharedBaseAddress: 0x000002c721000000, ArchiveRelocationMode: 1.
Compressed class space mapped at: 0x000002c722000000-0x000002c762000000, reserved size: 1073741824
Narrow klass base: 0x000002c721000000, Narrow klass shift: 0, Narrow klass range: 0x100000000

GC Precious Log:
 CardTable entry size: 512
 Card Set container configuration: InlinePtr #cards 5 size 8 Array Of Cards #cards 12 size 40 Howl #buckets 4 coarsen threshold 1843 Howl Bitmap #cards 512 size 80 coarsen threshold 460 Card regions per heap region 1 cards per card region 2048
 CPUs: 20 total, 20 available
 Memory: 32544M
 Large Page Support: Disabled
 NUMA Support: Disabled
 Compressed Oops: Enabled (32-bit)
 Heap Region Size: 1M
 Heap Min Capacity: 8M
 Heap Initial Capacity: 510M
 Heap Max Capacity: 1G
 Pre-touch: Disabled
 Parallel Workers: 15
 Concurrent Workers: 4
 Concurrent Refinement Workers: 15
 Periodic GC: Disabled

Heap:
 garbage-first heap   total 627712K, used 339024K [0x00000000c0000000, 0x0000000100000000)
  region size 1024K, 39 young (39936K), 7 survivors (7168K)
 Metaspace       used 22305K, committed 22720K, reserved 1114112K
  class space    used 3437K, committed 3648K, reserved 1048576K

Heap Regions: E=young(eden), S=young(survivor), O=old, HS=humongous(starts), HC=humongous(continues), CS=collection set, F=free, TAMS=top-at-mark-start, PB=parsable bottom
|   0|0x00000000c0000000, 0x00000000c0100000, 0x00000000c0100000|100%|HS|  |TAMS 0x00000000c0000000| PB 0x00000000c0000000| Complete 
|   1|0x00000000c0100000, 0x00000000c0200000, 0x00000000c0200000|100%| O|  |TAMS 0x00000000c0100000| PB 0x00000000c0100000| Untracked 
|   2|0x00000000c0200000, 0x00000000c0300000, 0x00000000c0300000|100%| O|  |TAMS 0x00000000c0200000| PB 0x00000000c0200000| Untracked 
|   3|0x00000000c0300000, 0x00000000c0300000, 0x00000000c0400000|  0%| F|  |TAMS 0x00000000c0300000| PB 0x00000000c0300000| Untracked 
|   4|0x00000000c0400000, 0x00000000c0400000, 0x00000000c0500000|  0%| F|  |TAMS 0x00000000c0400000| PB 0x00000000c0400000| Untracked 
|   5|0x00000000c0500000, 0x00000000c0500000, 0x00000000c0600000|  0%| F|  |TAMS 0x00000000c0500000| PB 0x00000000c0500000| Untracked 
|   6|0x00000000c0600000, 0x00000000c0700000, 0x00000000c0700000|100%|HS|  |TAMS 0x00000000c0600000| PB 0x00000000c0600000| Complete 
|   7|0x00000000c0700000, 0x00000000c0800000, 0x00000000c0800000|100%|HC|  |TAMS 0x00000000c0700000| PB 0x00000000c0700000| Complete 
|   8|0x00000000c0800000, 0x00000000c0900000, 0x00000000c0900000|100%| O|  |TAMS 0x00000000c0800000| PB 0x00000000c0800000| Untracked 
|   9|0x00000000c0900000, 0x00000000c0a00000, 0x00000000c0a00000|100%| O|  |TAMS 0x00000000c0900000| PB 0x00000000c0900000| Untracked 
|  10|0x00000000c0a00000, 0x00000000c0b00000, 0x00000000c0b00000|100%| O|  |TAMS 0x00000000c0a00000| PB 0x00000000c0a00000| Untracked 
|  11|0x00000000c0b00000, 0x00000000c0c00000, 0x00000000c0c00000|100%| O|  |TAMS 0x00000000c0b00000| PB 0x00000000c0b00000| Untracked 
|  12|0x00000000c0c00000, 0x00000000c0d00000, 0x00000000c0d00000|100%| O|  |TAMS 0x00000000c0c00000| PB 0x00000000c0c00000| Untracked 
|  13|0x00000000c0d00000, 0x00000000c0e00000, 0x00000000c0e00000|100%| O|  |TAMS 0x00000000c0d00000| PB 0x00000000c0d00000| Untracked 
|  14|0x00000000c0e00000, 0x00000000c0f00000, 0x00000000c0f00000|100%| O|  |TAMS 0x00000000c0e00000| PB 0x00000000c0e00000| Untracked 
|  15|0x00000000c0f00000, 0x00000000c1000000, 0x00000000c1000000|100%| O|  |TAMS 0x00000000c0f00000| PB 0x00000000c0f00000| Untracked 
|  16|0x00000000c1000000, 0x00000000c1100000, 0x00000000c1100000|100%| O|  |TAMS 0x00000000c1000000| PB 0x00000000c1000000| Untracked 
|  17|0x00000000c1100000, 0x00000000c1100000, 0x00000000c1200000|  0%| F|  |TAMS 0x00000000c1100000| PB 0x00000000c1100000| Untracked 
|  18|0x00000000c1200000, 0x00000000c1300000, 0x00000000c1300000|100%| O|  |TAMS 0x00000000c1200000| PB 0x00000000c1200000| Untracked 
|  19|0x00000000c1300000, 0x00000000c1300000, 0x00000000c1400000|  0%| F|  |TAMS 0x00000000c1300000| PB 0x00000000c1300000| Untracked 
|  20|0x00000000c1400000, 0x00000000c1500000, 0x00000000c1500000|100%| O|  |TAMS 0x00000000c1400000| PB 0x00000000c1400000| Untracked 
|  21|0x00000000c1500000, 0x00000000c1500000, 0x00000000c1600000|  0%| F|  |TAMS 0x00000000c1500000| PB 0x00000000c1500000| Untracked 
|  22|0x00000000c1600000, 0x00000000c1700000, 0x00000000c1700000|100%| O|  |TAMS 0x00000000c1600000| PB 0x00000000c1600000| Untracked 
|  23|0x00000000c1700000, 0x00000000c1800000, 0x00000000c1800000|100%| O|  |TAMS 0x00000000c1700000| PB 0x00000000c1700000| Untracked 
|  24|0x00000000c1800000, 0x00000000c1900000, 0x00000000c1900000|100%| O|  |TAMS 0x00000000c1800000| PB 0x00000000c1800000| Untracked 
|  25|0x00000000c1900000, 0x00000000c1a00000, 0x00000000c1a00000|100%| O|  |TAMS 0x00000000c1900000| PB 0x00000000c1900000| Untracked 
|  26|0x00000000c1a00000, 0x00000000c1b00000, 0x00000000c1b00000|100%| O|  |TAMS 0x00000000c1a00000| PB 0x00000000c1a00000| Untracked 
|  27|0x00000000c1b00000, 0x00000000c1c00000, 0x00000000c1c00000|100%| O|  |TAMS 0x00000000c1b00000| PB 0x00000000c1b00000| Untracked 
|  28|0x00000000c1c00000, 0x00000000c1d00000, 0x00000000c1d00000|100%| O|  |TAMS 0x00000000c1c00000| PB 0x00000000c1c00000| Untracked 
|  29|0x00000000c1d00000, 0x00000000c1e00000, 0x00000000c1e00000|100%| O|  |TAMS 0x00000000c1d00000| PB 0x00000000c1d00000| Untracked 
|  30|0x00000000c1e00000, 0x00000000c1f00000, 0x00000000c1f00000|100%| O|  |TAMS 0x00000000c1e00000| PB 0x00000000c1e00000| Untracked 
|  31|0x00000000c1f00000, 0x00000000c1f00000, 0x00000000c2000000|  0%| F|  |TAMS 0x00000000c1f00000| PB 0x00000000c1f00000| Untracked 
|  32|0x00000000c2000000, 0x00000000c2000000, 0x00000000c2100000|  0%| F|  |TAMS 0x00000000c2000000| PB 0x00000000c2000000| Untracked 
|  33|0x00000000c2100000, 0x00000000c2100000, 0x00000000c2200000|  0%| F|  |TAMS 0x00000000c2100000| PB 0x00000000c2100000| Untracked 
|  34|0x00000000c2200000, 0x00000000c2300000, 0x00000000c2300000|100%| O|  |TAMS 0x00000000c2200000| PB 0x00000000c2200000| Untracked 
|  35|0x00000000c2300000, 0x00000000c2400000, 0x00000000c2400000|100%| O|  |TAMS 0x00000000c2300000| PB 0x00000000c2300000| Untracked 
|  36|0x00000000c2400000, 0x00000000c2500000, 0x00000000c2500000|100%| O|  |TAMS 0x00000000c2400000| PB 0x00000000c2400000| Untracked 
|  37|0x00000000c2500000, 0x00000000c2600000, 0x00000000c2600000|100%| O|  |TAMS 0x00000000c2500000| PB 0x00000000c2500000| Untracked 
|  38|0x00000000c2600000, 0x00000000c2700000, 0x00000000c2700000|100%| O|  |TAMS 0x00000000c2600000| PB 0x00000000c2600000| Untracked 
|  39|0x00000000c2700000, 0x00000000c2800000, 0x00000000c2800000|100%| O|  |TAMS 0x00000000c2700000| PB 0x00000000c2700000| Untracked 
|  40|0x00000000c2800000, 0x00000000c2900000, 0x00000000c2900000|100%| O|  |TAMS 0x00000000c2800000| PB 0x00000000c2800000| Untracked 
|  41|0x00000000c2900000, 0x00000000c2900000, 0x00000000c2a00000|  0%| F|  |TAMS 0x00000000c2900000| PB 0x00000000c2900000| Untracked 
|  42|0x00000000c2a00000, 0x00000000c2b00000, 0x00000000c2b00000|100%| O|  |TAMS 0x00000000c2a00000| PB 0x00000000c2a00000| Untracked 
|  43|0x00000000c2b00000, 0x00000000c2c00000, 0x00000000c2c00000|100%| O|  |TAMS 0x00000000c2b00000| PB 0x00000000c2b00000| Untracked 
|  44|0x00000000c2c00000, 0x00000000c2d00000, 0x00000000c2d00000|100%| O|  |TAMS 0x00000000c2c00000| PB 0x00000000c2c00000| Untracked 
|  45|0x00000000c2d00000, 0x00000000c2e00000, 0x00000000c2e00000|100%| O|  |TAMS 0x00000000c2d00000| PB 0x00000000c2d00000| Untracked 
|  46|0x00000000c2e00000, 0x00000000c2e00000, 0x00000000c2f00000|  0%| F|  |TAMS 0x00000000c2e00000| PB 0x00000000c2e00000| Untracked 
|  47|0x00000000c2f00000, 0x00000000c3000000, 0x00000000c3000000|100%| O|  |TAMS 0x00000000c2f00000| PB 0x00000000c2f00000| Untracked 
|  48|0x00000000c3000000, 0x00000000c3100000, 0x00000000c3100000|100%| O|  |TAMS 0x00000000c3000000| PB 0x00000000c3000000| Untracked 
|  49|0x00000000c3100000, 0x00000000c3200000, 0x00000000c3200000|100%| O|  |TAMS 0x00000000c3100000| PB 0x00000000c3100000| Untracked 
|  50|0x00000000c3200000, 0x00000000c3300000, 0x00000000c3300000|100%| O|  |TAMS 0x00000000c3200000| PB 0x00000000c3200000| Untracked 
|  51|0x00000000c3300000, 0x00000000c3300000, 0x00000000c3400000|  0%| F|  |TAMS 0x00000000c3300000| PB 0x00000000c3300000| Untracked 
|  52|0x00000000c3400000, 0x00000000c3400000, 0x00000000c3500000|  0%| F|  |TAMS 0x00000000c3400000| PB 0x00000000c3400000| Untracked 
|  53|0x00000000c3500000, 0x00000000c3500000, 0x00000000c3600000|  0%| F|  |TAMS 0x00000000c3500000| PB 0x00000000c3500000| Untracked 
|  54|0x00000000c3600000, 0x00000000c3600000, 0x00000000c3700000|  0%| F|  |TAMS 0x00000000c3600000| PB 0x00000000c3600000| Untracked 
|  55|0x00000000c3700000, 0x00000000c3700000, 0x00000000c3800000|  0%| F|  |TAMS 0x00000000c3700000| PB 0x00000000c3700000| Untracked 
|  56|0x00000000c3800000, 0x00000000c3900000, 0x00000000c3900000|100%| O|  |TAMS 0x00000000c3800000| PB 0x00000000c3800000| Untracked 
|  57|0x00000000c3900000, 0x00000000c3a00000, 0x00000000c3a00000|100%|HS|  |TAMS 0x00000000c3900000| PB 0x00000000c3900000| Complete 
|  58|0x00000000c3a00000, 0x00000000c3b00000, 0x00000000c3b00000|100%| O|  |TAMS 0x00000000c3a00000| PB 0x00000000c3a00000| Untracked 
|  59|0x00000000c3b00000, 0x00000000c3c00000, 0x00000000c3c00000|100%| O|  |TAMS 0x00000000c3b00000| PB 0x00000000c3b00000| Untracked 
|  60|0x00000000c3c00000, 0x00000000c3d00000, 0x00000000c3d00000|100%| O|  |TAMS 0x00000000c3c00000| PB 0x00000000c3c00000| Untracked 
|  61|0x00000000c3d00000, 0x00000000c3e00000, 0x00000000c3e00000|100%| O|  |TAMS 0x00000000c3d00000| PB 0x00000000c3d00000| Untracked 
|  62|0x00000000c3e00000, 0x00000000c3f00000, 0x00000000c3f00000|100%| O|  |TAMS 0x00000000c3e00000| PB 0x00000000c3e00000| Untracked 
|  63|0x00000000c3f00000, 0x00000000c4000000, 0x00000000c4000000|100%| O|  |TAMS 0x00000000c3f00000| PB 0x00000000c3f00000| Untracked 
|  64|0x00000000c4000000, 0x00000000c4100000, 0x00000000c4100000|100%| O|  |TAMS 0x00000000c4000000| PB 0x00000000c4000000| Untracked 
|  65|0x00000000c4100000, 0x00000000c4200000, 0x00000000c4200000|100%| O|  |TAMS 0x00000000c4100000| PB 0x00000000c4100000| Untracked 
|  66|0x00000000c4200000, 0x00000000c4300000, 0x00000000c4300000|100%| O|  |TAMS 0x00000000c4200000| PB 0x00000000c4200000| Untracked 
|  67|0x00000000c4300000, 0x00000000c4400000, 0x00000000c4400000|100%| O|  |TAMS 0x00000000c4300000| PB 0x00000000c4300000| Untracked 
|  68|0x00000000c4400000, 0x00000000c4500000, 0x00000000c4500000|100%| O|  |TAMS 0x00000000c4400000| PB 0x00000000c4400000| Untracked 
|  69|0x00000000c4500000, 0x00000000c4600000, 0x00000000c4600000|100%| O|  |TAMS 0x00000000c4500000| PB 0x00000000c4500000| Untracked 
|  70|0x00000000c4600000, 0x00000000c4700000, 0x00000000c4700000|100%| O|  |TAMS 0x00000000c4600000| PB 0x00000000c4600000| Untracked 
|  71|0x00000000c4700000, 0x00000000c4800000, 0x00000000c4800000|100%| O|  |TAMS 0x00000000c4700000| PB 0x00000000c4700000| Untracked 
|  72|0x00000000c4800000, 0x00000000c4900000, 0x00000000c4900000|100%| O|  |TAMS 0x00000000c4800000| PB 0x00000000c4800000| Untracked 
|  73|0x00000000c4900000, 0x00000000c4a00000, 0x00000000c4a00000|100%| O|  |TAMS 0x00000000c4900000| PB 0x00000000c4900000| Untracked 
|  74|0x00000000c4a00000, 0x00000000c4a00000, 0x00000000c4b00000|  0%| F|  |TAMS 0x00000000c4a00000| PB 0x00000000c4a00000| Untracked 
|  75|0x00000000c4b00000, 0x00000000c4c00000, 0x00000000c4c00000|100%| O|  |TAMS 0x00000000c4b00000| PB 0x00000000c4b00000| Untracked 
|  76|0x00000000c4c00000, 0x00000000c4c00000, 0x00000000c4d00000|  0%| F|  |TAMS 0x00000000c4c00000| PB 0x00000000c4c00000| Untracked 
|  77|0x00000000c4d00000, 0x00000000c4e00000, 0x00000000c4e00000|100%| O|  |TAMS 0x00000000c4d00000| PB 0x00000000c4d00000| Untracked 
|  78|0x00000000c4e00000, 0x00000000c4e00000, 0x00000000c4f00000|  0%| F|  |TAMS 0x00000000c4e00000| PB 0x00000000c4e00000| Untracked 
|  79|0x00000000c4f00000, 0x00000000c4f00000, 0x00000000c5000000|  0%| F|  |TAMS 0x00000000c4f00000| PB 0x00000000c4f00000| Untracked 
|  80|0x00000000c5000000, 0x00000000c5000000, 0x00000000c5100000|  0%| F|  |TAMS 0x00000000c5000000| PB 0x00000000c5000000| Untracked 
|  81|0x00000000c5100000, 0x00000000c5100000, 0x00000000c5200000|  0%| F|  |TAMS 0x00000000c5100000| PB 0x00000000c5100000| Untracked 
|  82|0x00000000c5200000, 0x00000000c5300000, 0x00000000c5300000|100%| O|  |TAMS 0x00000000c5200000| PB 0x00000000c5200000| Untracked 
|  83|0x00000000c5300000, 0x00000000c5300000, 0x00000000c5400000|  0%| F|  |TAMS 0x00000000c5300000| PB 0x00000000c5300000| Untracked 
|  84|0x00000000c5400000, 0x00000000c5400000, 0x00000000c5500000|  0%| F|  |TAMS 0x00000000c5400000| PB 0x00000000c5400000| Untracked 
|  85|0x00000000c5500000, 0x00000000c5500000, 0x00000000c5600000|  0%| F|  |TAMS 0x00000000c5500000| PB 0x00000000c5500000| Untracked 
|  86|0x00000000c5600000, 0x00000000c5600000, 0x00000000c5700000|  0%| F|  |TAMS 0x00000000c5600000| PB 0x00000000c5600000| Untracked 
|  87|0x00000000c5700000, 0x00000000c5700000, 0x00000000c5800000|  0%| F|  |TAMS 0x00000000c5700000| PB 0x00000000c5700000| Untracked 
|  88|0x00000000c5800000, 0x00000000c5800000, 0x00000000c5900000|  0%| F|  |TAMS 0x00000000c5800000| PB 0x00000000c5800000| Untracked 
|  89|0x00000000c5900000, 0x00000000c5900000, 0x00000000c5a00000|  0%| F|  |TAMS 0x00000000c5900000| PB 0x00000000c5900000| Untracked 
|  90|0x00000000c5a00000, 0x00000000c5a00000, 0x00000000c5b00000|  0%| F|  |TAMS 0x00000000c5a00000| PB 0x00000000c5a00000| Untracked 
|  91|0x00000000c5b00000, 0x00000000c5b00000, 0x00000000c5c00000|  0%| F|  |TAMS 0x00000000c5b00000| PB 0x00000000c5b00000| Untracked 
|  92|0x00000000c5c00000, 0x00000000c5c00000, 0x00000000c5d00000|  0%| F|  |TAMS 0x00000000c5c00000| PB 0x00000000c5c00000| Untracked 
|  93|0x00000000c5d00000, 0x00000000c5d00000, 0x00000000c5e00000|  0%| F|  |TAMS 0x00000000c5d00000| PB 0x00000000c5d00000| Untracked 
|  94|0x00000000c5e00000, 0x00000000c5e00000, 0x00000000c5f00000|  0%| F|  |TAMS 0x00000000c5e00000| PB 0x00000000c5e00000| Untracked 
|  95|0x00000000c5f00000, 0x00000000c6000000, 0x00000000c6000000|100%| O|  |TAMS 0x00000000c5f00000| PB 0x00000000c5f00000| Untracked 
|  96|0x00000000c6000000, 0x00000000c6000000, 0x00000000c6100000|  0%| F|  |TAMS 0x00000000c6000000| PB 0x00000000c6000000| Untracked 
|  97|0x00000000c6100000, 0x00000000c6100000, 0x00000000c6200000|  0%| F|  |TAMS 0x00000000c6100000| PB 0x00000000c6100000| Untracked 
|  98|0x00000000c6200000, 0x00000000c6200000, 0x00000000c6300000|  0%| F|  |TAMS 0x00000000c6200000| PB 0x00000000c6200000| Untracked 
|  99|0x00000000c6300000, 0x00000000c6300000, 0x00000000c6400000|  0%| F|  |TAMS 0x00000000c6300000| PB 0x00000000c6300000| Untracked 
| 100|0x00000000c6400000, 0x00000000c6500000, 0x00000000c6500000|100%| O|  |TAMS 0x00000000c6400000| PB 0x00000000c6400000| Untracked 
| 101|0x00000000c6500000, 0x00000000c6600000, 0x00000000c6600000|100%| O|  |TAMS 0x00000000c6500000| PB 0x00000000c6500000| Untracked 
| 102|0x00000000c6600000, 0x00000000c6700000, 0x00000000c6700000|100%| O|  |TAMS 0x00000000c6600000| PB 0x00000000c6600000| Untracked 
| 103|0x00000000c6700000, 0x00000000c6800000, 0x00000000c6800000|100%| O|  |TAMS 0x00000000c6700000| PB 0x00000000c6700000| Untracked 
| 104|0x00000000c6800000, 0x00000000c6900000, 0x00000000c6900000|100%| O|  |TAMS 0x00000000c6800000| PB 0x00000000c6800000| Untracked 
| 105|0x00000000c6900000, 0x00000000c6a00000, 0x00000000c6a00000|100%| O|  |TAMS 0x00000000c6900000| PB 0x00000000c6900000| Untracked 
| 106|0x00000000c6a00000, 0x00000000c6b00000, 0x00000000c6b00000|100%| O|  |TAMS 0x00000000c6a00000| PB 0x00000000c6a00000| Untracked 
| 107|0x00000000c6b00000, 0x00000000c6c00000, 0x00000000c6c00000|100%| O|  |TAMS 0x00000000c6b00000| PB 0x00000000c6b00000| Untracked 
| 108|0x00000000c6c00000, 0x00000000c6d00000, 0x00000000c6d00000|100%| O|  |TAMS 0x00000000c6c00000| PB 0x00000000c6c00000| Untracked 
| 109|0x00000000c6d00000, 0x00000000c6e00000, 0x00000000c6e00000|100%| O|  |TAMS 0x00000000c6d00000| PB 0x00000000c6d00000| Untracked 
| 110|0x00000000c6e00000, 0x00000000c6f00000, 0x00000000c6f00000|100%| O|  |TAMS 0x00000000c6e00000| PB 0x00000000c6e00000| Untracked 
| 111|0x00000000c6f00000, 0x00000000c7000000, 0x00000000c7000000|100%| O|  |TAMS 0x00000000c6f00000| PB 0x00000000c6f00000| Untracked 
| 112|0x00000000c7000000, 0x00000000c7100000, 0x00000000c7100000|100%| O|  |TAMS 0x00000000c7000000| PB 0x00000000c7000000| Untracked 
| 113|0x00000000c7100000, 0x00000000c7200000, 0x00000000c7200000|100%| O|  |TAMS 0x00000000c7100000| PB 0x00000000c7100000| Untracked 
| 114|0x00000000c7200000, 0x00000000c7300000, 0x00000000c7300000|100%| O|  |TAMS 0x00000000c7200000| PB 0x00000000c7200000| Untracked 
| 115|0x00000000c7300000, 0x00000000c7300000, 0x00000000c7400000|  0%| F|  |TAMS 0x00000000c7300000| PB 0x00000000c7300000| Untracked 
| 116|0x00000000c7400000, 0x00000000c7400000, 0x00000000c7500000|  0%| F|  |TAMS 0x00000000c7400000| PB 0x00000000c7400000| Untracked 
| 117|0x00000000c7500000, 0x00000000c7600000, 0x00000000c7600000|100%|HS|  |TAMS 0x00000000c7500000| PB 0x00000000c7500000| Complete 
| 118|0x00000000c7600000, 0x00000000c7700000, 0x00000000c7700000|100%| O|  |TAMS 0x00000000c7600000| PB 0x00000000c7600000| Untracked 
| 119|0x00000000c7700000, 0x00000000c7800000, 0x00000000c7800000|100%| O|  |TAMS 0x00000000c7700000| PB 0x00000000c7700000| Untracked 
| 120|0x00000000c7800000, 0x00000000c7900000, 0x00000000c7900000|100%| O|  |TAMS 0x00000000c7800000| PB 0x00000000c7800000| Untracked 
| 121|0x00000000c7900000, 0x00000000c7a00000, 0x00000000c7a00000|100%| O|  |TAMS 0x00000000c7900000| PB 0x00000000c7900000| Untracked 
| 122|0x00000000c7a00000, 0x00000000c7b00000, 0x00000000c7b00000|100%| O|  |TAMS 0x00000000c7a00000| PB 0x00000000c7a00000| Untracked 
| 123|0x00000000c7b00000, 0x00000000c7c00000, 0x00000000c7c00000|100%| O|  |TAMS 0x00000000c7b00000| PB 0x00000000c7b00000| Untracked 
| 124|0x00000000c7c00000, 0x00000000c7d00000, 0x00000000c7d00000|100%| O|  |TAMS 0x00000000c7c00000| PB 0x00000000c7c00000| Untracked 
| 125|0x00000000c7d00000, 0x00000000c7e00000, 0x00000000c7e00000|100%| O|  |TAMS 0x00000000c7d00000| PB 0x00000000c7d00000| Untracked 
| 126|0x00000000c7e00000, 0x00000000c7f00000, 0x00000000c7f00000|100%| O|  |TAMS 0x00000000c7e00000| PB 0x00000000c7e00000| Untracked 
| 127|0x00000000c7f00000, 0x00000000c8000000, 0x00000000c8000000|100%| O|  |TAMS 0x00000000c7f00000| PB 0x00000000c7f00000| Untracked 
| 128|0x00000000c8000000, 0x00000000c8100000, 0x00000000c8100000|100%| O|  |TAMS 0x00000000c8000000| PB 0x00000000c8000000| Untracked 
| 129|0x00000000c8100000, 0x00000000c8200000, 0x00000000c8200000|100%| O|  |TAMS 0x00000000c8100000| PB 0x00000000c8100000| Untracked 
| 130|0x00000000c8200000, 0x00000000c8300000, 0x00000000c8300000|100%| O|  |TAMS 0x00000000c8200000| PB 0x00000000c8200000| Untracked 
| 131|0x00000000c8300000, 0x00000000c8400000, 0x00000000c8400000|100%| O|  |TAMS 0x00000000c8300000| PB 0x00000000c8300000| Untracked 
| 132|0x00000000c8400000, 0x00000000c8500000, 0x00000000c8500000|100%| O|  |TAMS 0x00000000c8400000| PB 0x00000000c8400000| Untracked 
| 133|0x00000000c8500000, 0x00000000c8500000, 0x00000000c8600000|  0%| F|  |TAMS 0x00000000c8500000| PB 0x00000000c8500000| Untracked 
| 134|0x00000000c8600000, 0x00000000c8600000, 0x00000000c8700000|  0%| F|  |TAMS 0x00000000c8600000| PB 0x00000000c8600000| Untracked 
| 135|0x00000000c8700000, 0x00000000c8800000, 0x00000000c8800000|100%| O|  |TAMS 0x00000000c8700000| PB 0x00000000c8700000| Untracked 
| 136|0x00000000c8800000, 0x00000000c8900000, 0x00000000c8900000|100%| O|  |TAMS 0x00000000c8800000| PB 0x00000000c8800000| Untracked 
| 137|0x00000000c8900000, 0x00000000c8a00000, 0x00000000c8a00000|100%| O|  |TAMS 0x00000000c8900000| PB 0x00000000c8900000| Untracked 
| 138|0x00000000c8a00000, 0x00000000c8b00000, 0x00000000c8b00000|100%| O|  |TAMS 0x00000000c8a00000| PB 0x00000000c8a00000| Untracked 
| 139|0x00000000c8b00000, 0x00000000c8c00000, 0x00000000c8c00000|100%| O|  |TAMS 0x00000000c8b00000| PB 0x00000000c8b00000| Untracked 
| 140|0x00000000c8c00000, 0x00000000c8d00000, 0x00000000c8d00000|100%| O|  |TAMS 0x00000000c8c00000| PB 0x00000000c8c00000| Untracked 
| 141|0x00000000c8d00000, 0x00000000c8e00000, 0x00000000c8e00000|100%| O|  |TAMS 0x00000000c8d00000| PB 0x00000000c8d00000| Untracked 
| 142|0x00000000c8e00000, 0x00000000c8f00000, 0x00000000c8f00000|100%| O|  |TAMS 0x00000000c8e00000| PB 0x00000000c8e00000| Untracked 
| 143|0x00000000c8f00000, 0x00000000c9000000, 0x00000000c9000000|100%| O|  |TAMS 0x00000000c8f00000| PB 0x00000000c8f00000| Untracked 
| 144|0x00000000c9000000, 0x00000000c9100000, 0x00000000c9100000|100%| O|  |TAMS 0x00000000c9000000| PB 0x00000000c9000000| Untracked 
| 145|0x00000000c9100000, 0x00000000c9200000, 0x00000000c9200000|100%| O|  |TAMS 0x00000000c9100000| PB 0x00000000c9100000| Untracked 
| 146|0x00000000c9200000, 0x00000000c9300000, 0x00000000c9300000|100%| O|  |TAMS 0x00000000c9200000| PB 0x00000000c9200000| Untracked 
| 147|0x00000000c9300000, 0x00000000c9400000, 0x00000000c9400000|100%| O|  |TAMS 0x00000000c9300000| PB 0x00000000c9300000| Untracked 
| 148|0x00000000c9400000, 0x00000000c9500000, 0x00000000c9500000|100%| O|  |TAMS 0x00000000c9400000| PB 0x00000000c9400000| Untracked 
| 149|0x00000000c9500000, 0x00000000c9600000, 0x00000000c9600000|100%| O|  |TAMS 0x00000000c9500000| PB 0x00000000c9500000| Untracked 
| 150|0x00000000c9600000, 0x00000000c9700000, 0x00000000c9700000|100%| O|  |TAMS 0x00000000c9600000| PB 0x00000000c9600000| Untracked 
| 151|0x00000000c9700000, 0x00000000c9700000, 0x00000000c9800000|  0%| F|  |TAMS 0x00000000c9700000| PB 0x00000000c9700000| Untracked 
| 152|0x00000000c9800000, 0x00000000c9900000, 0x00000000c9900000|100%| O|  |TAMS 0x00000000c9800000| PB 0x00000000c9800000| Untracked 
| 153|0x00000000c9900000, 0x00000000c9a00000, 0x00000000c9a00000|100%|HS|  |TAMS 0x00000000c9900000| PB 0x00000000c9900000| Complete 
| 154|0x00000000c9a00000, 0x00000000c9b00000, 0x00000000c9b00000|100%|HC|  |TAMS 0x00000000c9a00000| PB 0x00000000c9a00000| Complete 
| 155|0x00000000c9b00000, 0x00000000c9c00000, 0x00000000c9c00000|100%| O|  |TAMS 0x00000000c9b00000| PB 0x00000000c9b00000| Untracked 
| 156|0x00000000c9c00000, 0x00000000c9d00000, 0x00000000c9d00000|100%| O|  |TAMS 0x00000000c9c00000| PB 0x00000000c9c00000| Untracked 
| 157|0x00000000c9d00000, 0x00000000c9e00000, 0x00000000c9e00000|100%| O|  |TAMS 0x00000000c9d00000| PB 0x00000000c9d00000| Untracked 
| 158|0x00000000c9e00000, 0x00000000c9f00000, 0x00000000c9f00000|100%| O|  |TAMS 0x00000000c9e00000| PB 0x00000000c9e00000| Untracked 
| 159|0x00000000c9f00000, 0x00000000ca000000, 0x00000000ca000000|100%| O|  |TAMS 0x00000000c9f00000| PB 0x00000000c9f00000| Untracked 
| 160|0x00000000ca000000, 0x00000000ca100000, 0x00000000ca100000|100%| O|  |TAMS 0x00000000ca000000| PB 0x00000000ca000000| Untracked 
| 161|0x00000000ca100000, 0x00000000ca200000, 0x00000000ca200000|100%| O|  |TAMS 0x00000000ca100000| PB 0x00000000ca100000| Untracked 
| 162|0x00000000ca200000, 0x00000000ca300000, 0x00000000ca300000|100%| O|  |TAMS 0x00000000ca200000| PB 0x00000000ca200000| Untracked 
| 163|0x00000000ca300000, 0x00000000ca400000, 0x00000000ca400000|100%| O|  |TAMS 0x00000000ca300000| PB 0x00000000ca300000| Untracked 
| 164|0x00000000ca400000, 0x00000000ca500000, 0x00000000ca500000|100%| O|  |TAMS 0x00000000ca400000| PB 0x00000000ca400000| Untracked 
| 165|0x00000000ca500000, 0x00000000ca600000, 0x00000000ca600000|100%| O|  |TAMS 0x00000000ca500000| PB 0x00000000ca500000| Untracked 
| 166|0x00000000ca600000, 0x00000000ca700000, 0x00000000ca700000|100%| O|  |TAMS 0x00000000ca600000| PB 0x00000000ca600000| Untracked 
| 167|0x00000000ca700000, 0x00000000ca800000, 0x00000000ca800000|100%| O|  |TAMS 0x00000000ca700000| PB 0x00000000ca700000| Untracked 
| 168|0x00000000ca800000, 0x00000000ca900000, 0x00000000ca900000|100%| O|  |TAMS 0x00000000ca800000| PB 0x00000000ca800000| Untracked 
| 169|0x00000000ca900000, 0x00000000caa00000, 0x00000000caa00000|100%| O|  |TAMS 0x00000000ca900000| PB 0x00000000ca900000| Untracked 
| 170|0x00000000caa00000, 0x00000000cab00000, 0x00000000cab00000|100%| O|  |TAMS 0x00000000caa00000| PB 0x00000000caa00000| Untracked 
| 171|0x00000000cab00000, 0x00000000cac00000, 0x00000000cac00000|100%| O|  |TAMS 0x00000000cab00000| PB 0x00000000cab00000| Untracked 
| 172|0x00000000cac00000, 0x00000000cad00000, 0x00000000cad00000|100%| O|  |TAMS 0x00000000cac00000| PB 0x00000000cac00000| Untracked 
| 173|0x00000000cad00000, 0x00000000cae00000, 0x00000000cae00000|100%| O|  |TAMS 0x00000000cad00000| PB 0x00000000cad00000| Untracked 
| 174|0x00000000cae00000, 0x00000000caf00000, 0x00000000caf00000|100%| O|  |TAMS 0x00000000cae00000| PB 0x00000000cae00000| Untracked 
| 175|0x00000000caf00000, 0x00000000cb000000, 0x00000000cb000000|100%| O|  |TAMS 0x00000000caf00000| PB 0x00000000caf00000| Untracked 
| 176|0x00000000cb000000, 0x00000000cb100000, 0x00000000cb100000|100%| O|  |TAMS 0x00000000cb000000| PB 0x00000000cb000000| Untracked 
| 177|0x00000000cb100000, 0x00000000cb200000, 0x00000000cb200000|100%| O|  |TAMS 0x00000000cb100000| PB 0x00000000cb100000| Untracked 
| 178|0x00000000cb200000, 0x00000000cb300000, 0x00000000cb300000|100%| O|  |TAMS 0x00000000cb200000| PB 0x00000000cb200000| Untracked 
| 179|0x00000000cb300000, 0x00000000cb400000, 0x00000000cb400000|100%| O|  |TAMS 0x00000000cb300000| PB 0x00000000cb300000| Untracked 
| 180|0x00000000cb400000, 0x00000000cb500000, 0x00000000cb500000|100%| O|  |TAMS 0x00000000cb400000| PB 0x00000000cb400000| Untracked 
| 181|0x00000000cb500000, 0x00000000cb600000, 0x00000000cb600000|100%| O|  |TAMS 0x00000000cb500000| PB 0x00000000cb500000| Untracked 
| 182|0x00000000cb600000, 0x00000000cb700000, 0x00000000cb700000|100%| O|  |TAMS 0x00000000cb600000| PB 0x00000000cb600000| Untracked 
| 183|0x00000000cb700000, 0x00000000cb800000, 0x00000000cb800000|100%| O|  |TAMS 0x00000000cb700000| PB 0x00000000cb700000| Untracked 
| 184|0x00000000cb800000, 0x00000000cb900000, 0x00000000cb900000|100%| O|  |TAMS 0x00000000cb800000| PB 0x00000000cb800000| Untracked 
| 185|0x00000000cb900000, 0x00000000cba00000, 0x00000000cba00000|100%| O|  |TAMS 0x00000000cb900000| PB 0x00000000cb900000| Untracked 
| 186|0x00000000cba00000, 0x00000000cbb00000, 0x00000000cbb00000|100%| O|  |TAMS 0x00000000cba00000| PB 0x00000000cba00000| Untracked 
| 187|0x00000000cbb00000, 0x00000000cbc00000, 0x00000000cbc00000|100%| O|  |TAMS 0x00000000cbb00000| PB 0x00000000cbb00000| Untracked 
| 188|0x00000000cbc00000, 0x00000000cbd00000, 0x00000000cbd00000|100%| O|  |TAMS 0x00000000cbc00000| PB 0x00000000cbc00000| Untracked 
| 189|0x00000000cbd00000, 0x00000000cbe00000, 0x00000000cbe00000|100%| O|  |TAMS 0x00000000cbd00000| PB 0x00000000cbd00000| Untracked 
| 190|0x00000000cbe00000, 0x00000000cbf00000, 0x00000000cbf00000|100%| O|  |TAMS 0x00000000cbe00000| PB 0x00000000cbe00000| Untracked 
| 191|0x00000000cbf00000, 0x00000000cc000000, 0x00000000cc000000|100%| O|  |TAMS 0x00000000cbf00000| PB 0x00000000cbf00000| Untracked 
| 192|0x00000000cc000000, 0x00000000cc100000, 0x00000000cc100000|100%| O|  |TAMS 0x00000000cc000000| PB 0x00000000cc000000| Untracked 
| 193|0x00000000cc100000, 0x00000000cc200000, 0x00000000cc200000|100%| O|  |TAMS 0x00000000cc100000| PB 0x00000000cc100000| Untracked 
| 194|0x00000000cc200000, 0x00000000cc300000, 0x00000000cc300000|100%| O|  |TAMS 0x00000000cc200000| PB 0x00000000cc200000| Untracked 
| 195|0x00000000cc300000, 0x00000000cc400000, 0x00000000cc400000|100%| O|  |TAMS 0x00000000cc300000| PB 0x00000000cc300000| Untracked 
| 196|0x00000000cc400000, 0x00000000cc500000, 0x00000000cc500000|100%| O|  |TAMS 0x00000000cc400000| PB 0x00000000cc400000| Untracked 
| 197|0x00000000cc500000, 0x00000000cc600000, 0x00000000cc600000|100%| O|  |TAMS 0x00000000cc500000| PB 0x00000000cc500000| Untracked 
| 198|0x00000000cc600000, 0x00000000cc700000, 0x00000000cc700000|100%| O|  |TAMS 0x00000000cc600000| PB 0x00000000cc600000| Untracked 
| 199|0x00000000cc700000, 0x00000000cc800000, 0x00000000cc800000|100%| O|  |TAMS 0x00000000cc700000| PB 0x00000000cc700000| Untracked 
| 200|0x00000000cc800000, 0x00000000cc900000, 0x00000000cc900000|100%| O|  |TAMS 0x00000000cc800000| PB 0x00000000cc800000| Untracked 
| 201|0x00000000cc900000, 0x00000000cca00000, 0x00000000cca00000|100%| O|  |TAMS 0x00000000cc900000| PB 0x00000000cc900000| Untracked 
| 202|0x00000000cca00000, 0x00000000ccb00000, 0x00000000ccb00000|100%| O|  |TAMS 0x00000000cca00000| PB 0x00000000cca00000| Untracked 
| 203|0x00000000ccb00000, 0x00000000ccc00000, 0x00000000ccc00000|100%| O|  |TAMS 0x00000000ccb00000| PB 0x00000000ccb00000| Untracked 
| 204|0x00000000ccc00000, 0x00000000ccd00000, 0x00000000ccd00000|100%| O|  |TAMS 0x00000000ccc00000| PB 0x00000000ccc00000| Untracked 
| 205|0x00000000ccd00000, 0x00000000cce00000, 0x00000000cce00000|100%| O|  |TAMS 0x00000000ccd00000| PB 0x00000000ccd00000| Untracked 
| 206|0x00000000cce00000, 0x00000000ccf00000, 0x00000000ccf00000|100%| O|  |TAMS 0x00000000cce00000| PB 0x00000000cce00000| Untracked 
| 207|0x00000000ccf00000, 0x00000000cd000000, 0x00000000cd000000|100%| O|  |TAMS 0x00000000ccf00000| PB 0x00000000ccf00000| Untracked 
| 208|0x00000000cd000000, 0x00000000cd100000, 0x00000000cd100000|100%| O|  |TAMS 0x00000000cd000000| PB 0x00000000cd000000| Untracked 
| 209|0x00000000cd100000, 0x00000000cd200000, 0x00000000cd200000|100%| O|  |TAMS 0x00000000cd100000| PB 0x00000000cd100000| Untracked 
| 210|0x00000000cd200000, 0x00000000cd300000, 0x00000000cd300000|100%| O|  |TAMS 0x00000000cd200000| PB 0x00000000cd200000| Untracked 
| 211|0x00000000cd300000, 0x00000000cd400000, 0x00000000cd400000|100%| O|  |TAMS 0x00000000cd300000| PB 0x00000000cd300000| Untracked 
| 212|0x00000000cd400000, 0x00000000cd500000, 0x00000000cd500000|100%| O|  |TAMS 0x00000000cd400000| PB 0x00000000cd400000| Untracked 
| 213|0x00000000cd500000, 0x00000000cd600000, 0x00000000cd600000|100%| O|  |TAMS 0x00000000cd500000| PB 0x00000000cd500000| Untracked 
| 214|0x00000000cd600000, 0x00000000cd700000, 0x00000000cd700000|100%| O|  |TAMS 0x00000000cd600000| PB 0x00000000cd600000| Untracked 
| 215|0x00000000cd700000, 0x00000000cd700000, 0x00000000cd800000|  0%| F|  |TAMS 0x00000000cd700000| PB 0x00000000cd700000| Untracked 
| 216|0x00000000cd800000, 0x00000000cd800000, 0x00000000cd900000|  0%| F|  |TAMS 0x00000000cd800000| PB 0x00000000cd800000| Untracked 
| 217|0x00000000cd900000, 0x00000000cd900000, 0x00000000cda00000|  0%| F|  |TAMS 0x00000000cd900000| PB 0x00000000cd900000| Untracked 
| 218|0x00000000cda00000, 0x00000000cdb00000, 0x00000000cdb00000|100%|HS|  |TAMS 0x00000000cda00000| PB 0x00000000cda00000| Complete 
| 219|0x00000000cdb00000, 0x00000000cdc00000, 0x00000000cdc00000|100%|HC|  |TAMS 0x00000000cdb00000| PB 0x00000000cdb00000| Complete 
| 220|0x00000000cdc00000, 0x00000000cdd00000, 0x00000000cdd00000|100%| O|  |TAMS 0x00000000cdc00000| PB 0x00000000cdc00000| Untracked 
| 221|0x00000000cdd00000, 0x00000000cde00000, 0x00000000cde00000|100%| O|  |TAMS 0x00000000cdd00000| PB 0x00000000cdd00000| Untracked 
| 222|0x00000000cde00000, 0x00000000cdf00000, 0x00000000cdf00000|100%| O|  |TAMS 0x00000000cde00000| PB 0x00000000cde00000| Untracked 
| 223|0x00000000cdf00000, 0x00000000ce000000, 0x00000000ce000000|100%| O|  |TAMS 0x00000000cdf00000| PB 0x00000000cdf00000| Untracked 
| 224|0x00000000ce000000, 0x00000000ce100000, 0x00000000ce100000|100%| O|  |TAMS 0x00000000ce000000| PB 0x00000000ce000000| Untracked 
| 225|0x00000000ce100000, 0x00000000ce200000, 0x00000000ce200000|100%| O|  |TAMS 0x00000000ce100000| PB 0x00000000ce100000| Untracked 
| 226|0x00000000ce200000, 0x00000000ce300000, 0x00000000ce300000|100%| O|  |TAMS 0x00000000ce200000| PB 0x00000000ce200000| Untracked 
| 227|0x00000000ce300000, 0x00000000ce400000, 0x00000000ce400000|100%| O|  |TAMS 0x00000000ce300000| PB 0x00000000ce300000| Untracked 
| 228|0x00000000ce400000, 0x00000000ce500000, 0x00000000ce500000|100%| O|  |TAMS 0x00000000ce400000| PB 0x00000000ce400000| Untracked 
| 229|0x00000000ce500000, 0x00000000ce600000, 0x00000000ce600000|100%| O|  |TAMS 0x00000000ce500000| PB 0x00000000ce500000| Untracked 
| 230|0x00000000ce600000, 0x00000000ce700000, 0x00000000ce700000|100%| O|  |TAMS 0x00000000ce600000| PB 0x00000000ce600000| Untracked 
| 231|0x00000000ce700000, 0x00000000ce800000, 0x00000000ce800000|100%| O|  |TAMS 0x00000000ce700000| PB 0x00000000ce700000| Untracked 
| 232|0x00000000ce800000, 0x00000000ce900000, 0x00000000ce900000|100%| O|  |TAMS 0x00000000ce800000| PB 0x00000000ce800000| Untracked 
| 233|0x00000000ce900000, 0x00000000cea00000, 0x00000000cea00000|100%| O|  |TAMS 0x00000000ce900000| PB 0x00000000ce900000| Untracked 
| 234|0x00000000cea00000, 0x00000000ceb00000, 0x00000000ceb00000|100%| O|  |TAMS 0x00000000cea00000| PB 0x00000000cea00000| Untracked 
| 235|0x00000000ceb00000, 0x00000000cec00000, 0x00000000cec00000|100%| O|  |TAMS 0x00000000ceb00000| PB 0x00000000ceb00000| Untracked 
| 236|0x00000000cec00000, 0x00000000ced00000, 0x00000000ced00000|100%| O|  |TAMS 0x00000000cec00000| PB 0x00000000cec00000| Untracked 
| 237|0x00000000ced00000, 0x00000000cee00000, 0x00000000cee00000|100%| O|  |TAMS 0x00000000ced00000| PB 0x00000000ced00000| Untracked 
| 238|0x00000000cee00000, 0x00000000cef00000, 0x00000000cef00000|100%| O|  |TAMS 0x00000000cee00000| PB 0x00000000cee00000| Untracked 
| 239|0x00000000cef00000, 0x00000000cf000000, 0x00000000cf000000|100%| O|  |TAMS 0x00000000cef00000| PB 0x00000000cef00000| Untracked 
| 240|0x00000000cf000000, 0x00000000cf100000, 0x00000000cf100000|100%| O|  |TAMS 0x00000000cf000000| PB 0x00000000cf000000| Untracked 
| 241|0x00000000cf100000, 0x00000000cf200000, 0x00000000cf200000|100%| O|  |TAMS 0x00000000cf100000| PB 0x00000000cf100000| Untracked 
| 242|0x00000000cf200000, 0x00000000cf300000, 0x00000000cf300000|100%| O|  |TAMS 0x00000000cf200000| PB 0x00000000cf200000| Untracked 
| 243|0x00000000cf300000, 0x00000000cf400000, 0x00000000cf400000|100%| O|  |TAMS 0x00000000cf300000| PB 0x00000000cf300000| Untracked 
| 244|0x00000000cf400000, 0x00000000cf500000, 0x00000000cf500000|100%| O|  |TAMS 0x00000000cf400000| PB 0x00000000cf400000| Untracked 
| 245|0x00000000cf500000, 0x00000000cf600000, 0x00000000cf600000|100%| O|  |TAMS 0x00000000cf500000| PB 0x00000000cf500000| Untracked 
| 246|0x00000000cf600000, 0x00000000cf700000, 0x00000000cf700000|100%| O|  |TAMS 0x00000000cf600000| PB 0x00000000cf600000| Untracked 
| 247|0x00000000cf700000, 0x00000000cf800000, 0x00000000cf800000|100%| O|  |TAMS 0x00000000cf700000| PB 0x00000000cf700000| Untracked 
| 248|0x00000000cf800000, 0x00000000cf900000, 0x00000000cf900000|100%| O|  |TAMS 0x00000000cf800000| PB 0x00000000cf800000| Untracked 
| 249|0x00000000cf900000, 0x00000000cfa00000, 0x00000000cfa00000|100%| O|  |TAMS 0x00000000cf900000| PB 0x00000000cf900000| Untracked 
| 250|0x00000000cfa00000, 0x00000000cfb00000, 0x00000000cfb00000|100%| O|  |TAMS 0x00000000cfa00000| PB 0x00000000cfa00000| Untracked 
| 251|0x00000000cfb00000, 0x00000000cfc00000, 0x00000000cfc00000|100%| O|  |TAMS 0x00000000cfb00000| PB 0x00000000cfb00000| Untracked 
| 252|0x00000000cfc00000, 0x00000000cfd00000, 0x00000000cfd00000|100%| O|  |TAMS 0x00000000cfc00000| PB 0x00000000cfc00000| Untracked 
| 253|0x00000000cfd00000, 0x00000000cfe00000, 0x00000000cfe00000|100%| O|  |TAMS 0x00000000cfd00000| PB 0x00000000cfd00000| Untracked 
| 254|0x00000000cfe00000, 0x00000000cff00000, 0x00000000cff00000|100%| O|  |TAMS 0x00000000cfe00000| PB 0x00000000cfe00000| Untracked 
| 255|0x00000000cff00000, 0x00000000d0000000, 0x00000000d0000000|100%| O|  |TAMS 0x00000000cff00000| PB 0x00000000cff00000| Untracked 
| 256|0x00000000d0000000, 0x00000000d0100000, 0x00000000d0100000|100%| O|  |TAMS 0x00000000d0000000| PB 0x00000000d0000000| Untracked 
| 257|0x00000000d0100000, 0x00000000d0100000, 0x00000000d0200000|  0%| F|  |TAMS 0x00000000d0100000| PB 0x00000000d0100000| Untracked 
| 258|0x00000000d0200000, 0x00000000d0200000, 0x00000000d0300000|  0%| F|  |TAMS 0x00000000d0200000| PB 0x00000000d0200000| Untracked 
| 259|0x00000000d0300000, 0x00000000d0300000, 0x00000000d0400000|  0%| F|  |TAMS 0x00000000d0300000| PB 0x00000000d0300000| Untracked 
| 260|0x00000000d0400000, 0x00000000d0400000, 0x00000000d0500000|  0%| F|  |TAMS 0x00000000d0400000| PB 0x00000000d0400000| Untracked 
| 261|0x00000000d0500000, 0x00000000d0600000, 0x00000000d0600000|100%|HS|  |TAMS 0x00000000d0500000| PB 0x00000000d0500000| Complete 
| 262|0x00000000d0600000, 0x00000000d0700000, 0x00000000d0700000|100%|HC|  |TAMS 0x00000000d0600000| PB 0x00000000d0600000| Complete 
| 263|0x00000000d0700000, 0x00000000d0800000, 0x00000000d0800000|100%| O|  |TAMS 0x00000000d0700000| PB 0x00000000d0700000| Untracked 
| 264|0x00000000d0800000, 0x00000000d0900000, 0x00000000d0900000|100%| O|  |TAMS 0x00000000d0800000| PB 0x00000000d0800000| Untracked 
| 265|0x00000000d0900000, 0x00000000d0a00000, 0x00000000d0a00000|100%| O|  |TAMS 0x00000000d0900000| PB 0x00000000d0900000| Untracked 
| 266|0x00000000d0a00000, 0x00000000d0b00000, 0x00000000d0b00000|100%| O|  |TAMS 0x00000000d0a00000| PB 0x00000000d0a00000| Untracked 
| 267|0x00000000d0b00000, 0x00000000d0c00000, 0x00000000d0c00000|100%| O|  |TAMS 0x00000000d0b00000| PB 0x00000000d0b00000| Untracked 
| 268|0x00000000d0c00000, 0x00000000d0d00000, 0x00000000d0d00000|100%| O|  |TAMS 0x00000000d0c00000| PB 0x00000000d0c00000| Untracked 
| 269|0x00000000d0d00000, 0x00000000d0e00000, 0x00000000d0e00000|100%| O|  |TAMS 0x00000000d0d00000| PB 0x00000000d0d00000| Untracked 
| 270|0x00000000d0e00000, 0x00000000d0f00000, 0x00000000d0f00000|100%| O|  |TAMS 0x00000000d0e00000| PB 0x00000000d0e00000| Untracked 
| 271|0x00000000d0f00000, 0x00000000d1000000, 0x00000000d1000000|100%| O|  |TAMS 0x00000000d0f00000| PB 0x00000000d0f00000| Untracked 
| 272|0x00000000d1000000, 0x00000000d1100000, 0x00000000d1100000|100%| O|  |TAMS 0x00000000d1000000| PB 0x00000000d1000000| Untracked 
| 273|0x00000000d1100000, 0x00000000d1200000, 0x00000000d1200000|100%| O|  |TAMS 0x00000000d1100000| PB 0x00000000d1100000| Untracked 
| 274|0x00000000d1200000, 0x00000000d1300000, 0x00000000d1300000|100%| O|  |TAMS 0x00000000d1200000| PB 0x00000000d1200000| Untracked 
| 275|0x00000000d1300000, 0x00000000d1400000, 0x00000000d1400000|100%| O|  |TAMS 0x00000000d1300000| PB 0x00000000d1300000| Untracked 
| 276|0x00000000d1400000, 0x00000000d1500000, 0x00000000d1500000|100%| O|  |TAMS 0x00000000d1400000| PB 0x00000000d1400000| Untracked 
| 277|0x00000000d1500000, 0x00000000d1600000, 0x00000000d1600000|100%| O|  |TAMS 0x00000000d1500000| PB 0x00000000d1500000| Untracked 
| 278|0x00000000d1600000, 0x00000000d1700000, 0x00000000d1700000|100%| O|  |TAMS 0x00000000d1600000| PB 0x00000000d1600000| Untracked 
| 279|0x00000000d1700000, 0x00000000d1800000, 0x00000000d1800000|100%| O|  |TAMS 0x00000000d1700000| PB 0x00000000d1700000| Untracked 
| 280|0x00000000d1800000, 0x00000000d1900000, 0x00000000d1900000|100%| O|  |TAMS 0x00000000d1800000| PB 0x00000000d1800000| Untracked 
| 281|0x00000000d1900000, 0x00000000d1a00000, 0x00000000d1a00000|100%| O|  |TAMS 0x00000000d1900000| PB 0x00000000d1900000| Untracked 
| 282|0x00000000d1a00000, 0x00000000d1b00000, 0x00000000d1b00000|100%| O|  |TAMS 0x00000000d1a00000| PB 0x00000000d1a00000| Untracked 
| 283|0x00000000d1b00000, 0x00000000d1c00000, 0x00000000d1c00000|100%| O|  |TAMS 0x00000000d1b00000| PB 0x00000000d1b00000| Untracked 
| 284|0x00000000d1c00000, 0x00000000d1d00000, 0x00000000d1d00000|100%| O|  |TAMS 0x00000000d1c00000| PB 0x00000000d1c00000| Untracked 
| 285|0x00000000d1d00000, 0x00000000d1e00000, 0x00000000d1e00000|100%| O|  |TAMS 0x00000000d1d00000| PB 0x00000000d1d00000| Untracked 
| 286|0x00000000d1e00000, 0x00000000d1f00000, 0x00000000d1f00000|100%| O|  |TAMS 0x00000000d1e00000| PB 0x00000000d1e00000| Untracked 
| 287|0x00000000d1f00000, 0x00000000d2000000, 0x00000000d2000000|100%| O|  |TAMS 0x00000000d1f00000| PB 0x00000000d1f00000| Untracked 
| 288|0x00000000d2000000, 0x00000000d2100000, 0x00000000d2100000|100%| O|  |TAMS 0x00000000d2000000| PB 0x00000000d2000000| Untracked 
| 289|0x00000000d2100000, 0x00000000d2200000, 0x00000000d2200000|100%| O|  |TAMS 0x00000000d2100000| PB 0x00000000d2100000| Untracked 
| 290|0x00000000d2200000, 0x00000000d2300000, 0x00000000d2300000|100%| O|  |TAMS 0x00000000d2200000| PB 0x00000000d2200000| Untracked 
| 291|0x00000000d2300000, 0x00000000d2400000, 0x00000000d2400000|100%| O|  |TAMS 0x00000000d2300000| PB 0x00000000d2300000| Untracked 
| 292|0x00000000d2400000, 0x00000000d2500000, 0x00000000d2500000|100%| O|  |TAMS 0x00000000d2400000| PB 0x00000000d2400000| Untracked 
| 293|0x00000000d2500000, 0x00000000d2600000, 0x00000000d2600000|100%| O|  |TAMS 0x00000000d2500000| PB 0x00000000d2500000| Untracked 
| 294|0x00000000d2600000, 0x00000000d2700000, 0x00000000d2700000|100%| O|  |TAMS 0x00000000d2600000| PB 0x00000000d2600000| Untracked 
| 295|0x00000000d2700000, 0x00000000d2800000, 0x00000000d2800000|100%| O|  |TAMS 0x00000000d2700000| PB 0x00000000d2700000| Untracked 
| 296|0x00000000d2800000, 0x00000000d2900000, 0x00000000d2900000|100%| O|  |TAMS 0x00000000d2800000| PB 0x00000000d2800000| Untracked 
| 297|0x00000000d2900000, 0x00000000d2a00000, 0x00000000d2a00000|100%| O|  |TAMS 0x00000000d2900000| PB 0x00000000d2900000| Untracked 
| 298|0x00000000d2a00000, 0x00000000d2b00000, 0x00000000d2b00000|100%| O|  |TAMS 0x00000000d2a00000| PB 0x00000000d2a00000| Untracked 
| 299|0x00000000d2b00000, 0x00000000d2c00000, 0x00000000d2c00000|100%| O|  |TAMS 0x00000000d2b00000| PB 0x00000000d2b00000| Untracked 
| 300|0x00000000d2c00000, 0x00000000d2d00000, 0x00000000d2d00000|100%| O|  |TAMS 0x00000000d2c00000| PB 0x00000000d2c00000| Untracked 
| 301|0x00000000d2d00000, 0x00000000d2e00000, 0x00000000d2e00000|100%| O|  |TAMS 0x00000000d2d00000| PB 0x00000000d2d00000| Untracked 
| 302|0x00000000d2e00000, 0x00000000d2e00000, 0x00000000d2f00000|  0%| F|  |TAMS 0x00000000d2e00000| PB 0x00000000d2e00000| Untracked 
| 303|0x00000000d2f00000, 0x00000000d3000000, 0x00000000d3000000|100%| O|  |TAMS 0x00000000d2f00000| PB 0x00000000d2f00000| Untracked 
| 304|0x00000000d3000000, 0x00000000d3000000, 0x00000000d3100000|  0%| F|  |TAMS 0x00000000d3000000| PB 0x00000000d3000000| Untracked 
| 305|0x00000000d3100000, 0x00000000d3200000, 0x00000000d3200000|100%| O|  |TAMS 0x00000000d3100000| PB 0x00000000d3100000| Untracked 
| 306|0x00000000d3200000, 0x00000000d3300000, 0x00000000d3300000|100%| O|  |TAMS 0x00000000d3200000| PB 0x00000000d3200000| Untracked 
| 307|0x00000000d3300000, 0x00000000d3400000, 0x00000000d3400000|100%| O|  |TAMS 0x00000000d3300000| PB 0x00000000d3300000| Untracked 
| 308|0x00000000d3400000, 0x00000000d3500000, 0x00000000d3500000|100%| O|  |TAMS 0x00000000d3400000| PB 0x00000000d3400000| Untracked 
| 309|0x00000000d3500000, 0x00000000d3600000, 0x00000000d3600000|100%| O|  |TAMS 0x00000000d3500000| PB 0x00000000d3500000| Untracked 
| 310|0x00000000d3600000, 0x00000000d3700000, 0x00000000d3700000|100%| O|  |TAMS 0x00000000d3600000| PB 0x00000000d3600000| Untracked 
| 311|0x00000000d3700000, 0x00000000d3800000, 0x00000000d3800000|100%| O|  |TAMS 0x00000000d3700000| PB 0x00000000d3700000| Untracked 
| 312|0x00000000d3800000, 0x00000000d3900000, 0x00000000d3900000|100%| O|  |TAMS 0x00000000d3800000| PB 0x00000000d3800000| Untracked 
| 313|0x00000000d3900000, 0x00000000d3a00000, 0x00000000d3a00000|100%| O|  |TAMS 0x00000000d3900000| PB 0x00000000d3900000| Untracked 
| 314|0x00000000d3a00000, 0x00000000d3b00000, 0x00000000d3b00000|100%| O|  |TAMS 0x00000000d3a00000| PB 0x00000000d3a00000| Untracked 
| 315|0x00000000d3b00000, 0x00000000d3c00000, 0x00000000d3c00000|100%| O|  |TAMS 0x00000000d3b00000| PB 0x00000000d3b00000| Untracked 
| 316|0x00000000d3c00000, 0x00000000d3d00000, 0x00000000d3d00000|100%| O|  |TAMS 0x00000000d3c00000| PB 0x00000000d3c00000| Untracked 
| 317|0x00000000d3d00000, 0x00000000d3e00000, 0x00000000d3e00000|100%| O|  |TAMS 0x00000000d3d00000| PB 0x00000000d3d00000| Untracked 
| 318|0x00000000d3e00000, 0x00000000d3f00000, 0x00000000d3f00000|100%| O|  |TAMS 0x00000000d3e00000| PB 0x00000000d3e00000| Untracked 
| 319|0x00000000d3f00000, 0x00000000d4000000, 0x00000000d4000000|100%| O|  |TAMS 0x00000000d3f00000| PB 0x00000000d3f00000| Untracked 
| 320|0x00000000d4000000, 0x00000000d4100000, 0x00000000d4100000|100%| O|  |TAMS 0x00000000d4000000| PB 0x00000000d4000000| Untracked 
| 321|0x00000000d4100000, 0x00000000d4200000, 0x00000000d4200000|100%| O|  |TAMS 0x00000000d4100000| PB 0x00000000d4100000| Untracked 
| 322|0x00000000d4200000, 0x00000000d4300000, 0x00000000d4300000|100%| O|  |TAMS 0x00000000d4200000| PB 0x00000000d4200000| Untracked 
| 323|0x00000000d4300000, 0x00000000d4400000, 0x00000000d4400000|100%| O|  |TAMS 0x00000000d4300000| PB 0x00000000d4300000| Untracked 
| 324|0x00000000d4400000, 0x00000000d4500000, 0x00000000d4500000|100%| O|  |TAMS 0x00000000d4400000| PB 0x00000000d4400000| Untracked 
| 325|0x00000000d4500000, 0x00000000d4600000, 0x00000000d4600000|100%| O|  |TAMS 0x00000000d4500000| PB 0x00000000d4500000| Untracked 
| 326|0x00000000d4600000, 0x00000000d4700000, 0x00000000d4700000|100%| O|  |TAMS 0x00000000d4600000| PB 0x00000000d4600000| Untracked 
| 327|0x00000000d4700000, 0x00000000d4800000, 0x00000000d4800000|100%| O|  |TAMS 0x00000000d4700000| PB 0x00000000d4700000| Untracked 
| 328|0x00000000d4800000, 0x00000000d4900000, 0x00000000d4900000|100%| O|  |TAMS 0x00000000d4800000| PB 0x00000000d4800000| Untracked 
| 329|0x00000000d4900000, 0x00000000d4a00000, 0x00000000d4a00000|100%| O|  |TAMS 0x00000000d4900000| PB 0x00000000d4900000| Untracked 
| 330|0x00000000d4a00000, 0x00000000d4b00000, 0x00000000d4b00000|100%| O|  |TAMS 0x00000000d4a00000| PB 0x00000000d4a00000| Untracked 
| 331|0x00000000d4b00000, 0x00000000d4c00000, 0x00000000d4c00000|100%| O|  |TAMS 0x00000000d4b00000| PB 0x00000000d4b00000| Untracked 
| 332|0x00000000d4c00000, 0x00000000d4d00000, 0x00000000d4d00000|100%| O|  |TAMS 0x00000000d4c00000| PB 0x00000000d4c00000| Untracked 
| 333|0x00000000d4d00000, 0x00000000d4e00000, 0x00000000d4e00000|100%| O|  |TAMS 0x00000000d4d00000| PB 0x00000000d4d00000| Untracked 
| 334|0x00000000d4e00000, 0x00000000d4f00000, 0x00000000d4f00000|100%| O|  |TAMS 0x00000000d4e00000| PB 0x00000000d4e00000| Untracked 
| 335|0x00000000d4f00000, 0x00000000d5000000, 0x00000000d5000000|100%| O|  |TAMS 0x00000000d4f00000| PB 0x00000000d4f00000| Untracked 
| 336|0x00000000d5000000, 0x00000000d5100000, 0x00000000d5100000|100%| O|  |TAMS 0x00000000d5000000| PB 0x00000000d5000000| Untracked 
| 337|0x00000000d5100000, 0x00000000d5200000, 0x00000000d5200000|100%| O|  |TAMS 0x00000000d5100000| PB 0x00000000d5100000| Untracked 
| 338|0x00000000d5200000, 0x00000000d5300000, 0x00000000d5300000|100%| O|  |TAMS 0x00000000d5200000| PB 0x00000000d5200000| Untracked 
| 339|0x00000000d5300000, 0x00000000d5400000, 0x00000000d5400000|100%| O|  |TAMS 0x00000000d5300000| PB 0x00000000d5300000| Untracked 
| 340|0x00000000d5400000, 0x00000000d5500000, 0x00000000d5500000|100%| O|  |TAMS 0x00000000d5400000| PB 0x00000000d5400000| Untracked 
| 341|0x00000000d5500000, 0x00000000d5600000, 0x00000000d5600000|100%| O|  |TAMS 0x00000000d5500000| PB 0x00000000d5500000| Untracked 
| 342|0x00000000d5600000, 0x00000000d5700000, 0x00000000d5700000|100%| O|  |TAMS 0x00000000d5600000| PB 0x00000000d5600000| Untracked 
| 343|0x00000000d5700000, 0x00000000d5800000, 0x00000000d5800000|100%| O|  |TAMS 0x00000000d5700000| PB 0x00000000d5700000| Untracked 
| 344|0x00000000d5800000, 0x00000000d5900000, 0x00000000d5900000|100%| O|  |TAMS 0x00000000d5800000| PB 0x00000000d5800000| Untracked 
| 345|0x00000000d5900000, 0x00000000d5a00000, 0x00000000d5a00000|100%| O|  |TAMS 0x00000000d5900000| PB 0x00000000d5900000| Untracked 
| 346|0x00000000d5a00000, 0x00000000d5a3bf00, 0x00000000d5b00000| 23%| O|  |TAMS 0x00000000d5a00000| PB 0x00000000d5a00000| Untracked 
| 347|0x00000000d5b00000, 0x00000000d5b00000, 0x00000000d5c00000|  0%| F|  |TAMS 0x00000000d5b00000| PB 0x00000000d5b00000| Untracked 
| 348|0x00000000d5c00000, 0x00000000d5c00000, 0x00000000d5d00000|  0%| F|  |TAMS 0x00000000d5c00000| PB 0x00000000d5c00000| Untracked 
| 349|0x00000000d5d00000, 0x00000000d5d00000, 0x00000000d5e00000|  0%| F|  |TAMS 0x00000000d5d00000| PB 0x00000000d5d00000| Untracked 
| 350|0x00000000d5e00000, 0x00000000d5e00000, 0x00000000d5f00000|  0%| F|  |TAMS 0x00000000d5e00000| PB 0x00000000d5e00000| Untracked 
| 351|0x00000000d5f00000, 0x00000000d5f00000, 0x00000000d6000000|  0%| F|  |TAMS 0x00000000d5f00000| PB 0x00000000d5f00000| Untracked 
| 352|0x00000000d6000000, 0x00000000d6000000, 0x00000000d6100000|  0%| F|  |TAMS 0x00000000d6000000| PB 0x00000000d6000000| Untracked 
| 353|0x00000000d6100000, 0x00000000d6100000, 0x00000000d6200000|  0%| F|  |TAMS 0x00000000d6100000| PB 0x00000000d6100000| Untracked 
| 354|0x00000000d6200000, 0x00000000d6200000, 0x00000000d6300000|  0%| F|  |TAMS 0x00000000d6200000| PB 0x00000000d6200000| Untracked 
| 355|0x00000000d6300000, 0x00000000d6300000, 0x00000000d6400000|  0%| F|  |TAMS 0x00000000d6300000| PB 0x00000000d6300000| Untracked 
| 356|0x00000000d6400000, 0x00000000d6400000, 0x00000000d6500000|  0%| F|  |TAMS 0x00000000d6400000| PB 0x00000000d6400000| Untracked 
| 357|0x00000000d6500000, 0x00000000d6500000, 0x00000000d6600000|  0%| F|  |TAMS 0x00000000d6500000| PB 0x00000000d6500000| Untracked 
| 358|0x00000000d6600000, 0x00000000d6600000, 0x00000000d6700000|  0%| F|  |TAMS 0x00000000d6600000| PB 0x00000000d6600000| Untracked 
| 359|0x00000000d6700000, 0x00000000d6700000, 0x00000000d6800000|  0%| F|  |TAMS 0x00000000d6700000| PB 0x00000000d6700000| Untracked 
| 360|0x00000000d6800000, 0x00000000d6800000, 0x00000000d6900000|  0%| F|  |TAMS 0x00000000d6800000| PB 0x00000000d6800000| Untracked 
| 361|0x00000000d6900000, 0x00000000d6900000, 0x00000000d6a00000|  0%| F|  |TAMS 0x00000000d6900000| PB 0x00000000d6900000| Untracked 
| 362|0x00000000d6a00000, 0x00000000d6a00000, 0x00000000d6b00000|  0%| F|  |TAMS 0x00000000d6a00000| PB 0x00000000d6a00000| Untracked 
| 363|0x00000000d6b00000, 0x00000000d6b00000, 0x00000000d6c00000|  0%| F|  |TAMS 0x00000000d6b00000| PB 0x00000000d6b00000| Untracked 
| 364|0x00000000d6c00000, 0x00000000d6c00000, 0x00000000d6d00000|  0%| F|  |TAMS 0x00000000d6c00000| PB 0x00000000d6c00000| Untracked 
| 365|0x00000000d6d00000, 0x00000000d6d00000, 0x00000000d6e00000|  0%| F|  |TAMS 0x00000000d6d00000| PB 0x00000000d6d00000| Untracked 
| 366|0x00000000d6e00000, 0x00000000d6e00000, 0x00000000d6f00000|  0%| F|  |TAMS 0x00000000d6e00000| PB 0x00000000d6e00000| Untracked 
| 367|0x00000000d6f00000, 0x00000000d6f00000, 0x00000000d7000000|  0%| F|  |TAMS 0x00000000d6f00000| PB 0x00000000d6f00000| Untracked 
| 368|0x00000000d7000000, 0x00000000d7000000, 0x00000000d7100000|  0%| F|  |TAMS 0x00000000d7000000| PB 0x00000000d7000000| Untracked 
| 369|0x00000000d7100000, 0x00000000d7100000, 0x00000000d7200000|  0%| F|  |TAMS 0x00000000d7100000| PB 0x00000000d7100000| Untracked 
| 370|0x00000000d7200000, 0x00000000d7200000, 0x00000000d7300000|  0%| F|  |TAMS 0x00000000d7200000| PB 0x00000000d7200000| Untracked 
| 371|0x00000000d7300000, 0x00000000d7300000, 0x00000000d7400000|  0%| F|  |TAMS 0x00000000d7300000| PB 0x00000000d7300000| Untracked 
| 372|0x00000000d7400000, 0x00000000d7400000, 0x00000000d7500000|  0%| F|  |TAMS 0x00000000d7400000| PB 0x00000000d7400000| Untracked 
| 373|0x00000000d7500000, 0x00000000d7500000, 0x00000000d7600000|  0%| F|  |TAMS 0x00000000d7500000| PB 0x00000000d7500000| Untracked 
| 374|0x00000000d7600000, 0x00000000d7600000, 0x00000000d7700000|  0%| F|  |TAMS 0x00000000d7600000| PB 0x00000000d7600000| Untracked 
| 375|0x00000000d7700000, 0x00000000d7700000, 0x00000000d7800000|  0%| F|  |TAMS 0x00000000d7700000| PB 0x00000000d7700000| Untracked 
| 376|0x00000000d7800000, 0x00000000d7800000, 0x00000000d7900000|  0%| F|  |TAMS 0x00000000d7800000| PB 0x00000000d7800000| Untracked 
| 377|0x00000000d7900000, 0x00000000d7900000, 0x00000000d7a00000|  0%| F|  |TAMS 0x00000000d7900000| PB 0x00000000d7900000| Untracked 
| 378|0x00000000d7a00000, 0x00000000d7a00000, 0x00000000d7b00000|  0%| F|  |TAMS 0x00000000d7a00000| PB 0x00000000d7a00000| Untracked 
| 379|0x00000000d7b00000, 0x00000000d7b00000, 0x00000000d7c00000|  0%| F|  |TAMS 0x00000000d7b00000| PB 0x00000000d7b00000| Untracked 
| 380|0x00000000d7c00000, 0x00000000d7c00000, 0x00000000d7d00000|  0%| F|  |TAMS 0x00000000d7c00000| PB 0x00000000d7c00000| Untracked 
| 381|0x00000000d7d00000, 0x00000000d7d00000, 0x00000000d7e00000|  0%| F|  |TAMS 0x00000000d7d00000| PB 0x00000000d7d00000| Untracked 
| 382|0x00000000d7e00000, 0x00000000d7e00000, 0x00000000d7f00000|  0%| F|  |TAMS 0x00000000d7e00000| PB 0x00000000d7e00000| Untracked 
| 383|0x00000000d7f00000, 0x00000000d7f00000, 0x00000000d8000000|  0%| F|  |TAMS 0x00000000d7f00000| PB 0x00000000d7f00000| Untracked 
| 384|0x00000000d8000000, 0x00000000d8000000, 0x00000000d8100000|  0%| F|  |TAMS 0x00000000d8000000| PB 0x00000000d8000000| Untracked 
| 385|0x00000000d8100000, 0x00000000d8100000, 0x00000000d8200000|  0%| F|  |TAMS 0x00000000d8100000| PB 0x00000000d8100000| Untracked 
| 386|0x00000000d8200000, 0x00000000d8200000, 0x00000000d8300000|  0%| F|  |TAMS 0x00000000d8200000| PB 0x00000000d8200000| Untracked 
| 387|0x00000000d8300000, 0x00000000d8300000, 0x00000000d8400000|  0%| F|  |TAMS 0x00000000d8300000| PB 0x00000000d8300000| Untracked 
| 388|0x00000000d8400000, 0x00000000d8400000, 0x00000000d8500000|  0%| F|  |TAMS 0x00000000d8400000| PB 0x00000000d8400000| Untracked 
| 389|0x00000000d8500000, 0x00000000d8500000, 0x00000000d8600000|  0%| F|  |TAMS 0x00000000d8500000| PB 0x00000000d8500000| Untracked 
| 390|0x00000000d8600000, 0x00000000d8600000, 0x00000000d8700000|  0%| F|  |TAMS 0x00000000d8600000| PB 0x00000000d8600000| Untracked 
| 391|0x00000000d8700000, 0x00000000d87d8190, 0x00000000d8800000| 84%| S|CS|TAMS 0x00000000d8700000| PB 0x00000000d8700000| Complete 
| 392|0x00000000d8800000, 0x00000000d8900000, 0x00000000d8900000|100%| S|CS|TAMS 0x00000000d8800000| PB 0x00000000d8800000| Complete 
| 393|0x00000000d8900000, 0x00000000d8a00000, 0x00000000d8a00000|100%| S|CS|TAMS 0x00000000d8900000| PB 0x00000000d8900000| Complete 
| 394|0x00000000d8a00000, 0x00000000d8b00000, 0x00000000d8b00000|100%| S|CS|TAMS 0x00000000d8a00000| PB 0x00000000d8a00000| Complete 
| 395|0x00000000d8b00000, 0x00000000d8c00000, 0x00000000d8c00000|100%| S|CS|TAMS 0x00000000d8b00000| PB 0x00000000d8b00000| Complete 
| 396|0x00000000d8c00000, 0x00000000d8d00000, 0x00000000d8d00000|100%| S|CS|TAMS 0x00000000d8c00000| PB 0x00000000d8c00000| Complete 
| 397|0x00000000d8d00000, 0x00000000d8e00000, 0x00000000d8e00000|100%| S|CS|TAMS 0x00000000d8d00000| PB 0x00000000d8d00000| Complete 
| 398|0x00000000d8e00000, 0x00000000d8e00000, 0x00000000d8f00000|  0%| F|  |TAMS 0x00000000d8e00000| PB 0x00000000d8e00000| Untracked 
| 399|0x00000000d8f00000, 0x00000000d8f00000, 0x00000000d9000000|  0%| F|  |TAMS 0x00000000d8f00000| PB 0x00000000d8f00000| Untracked 
| 400|0x00000000d9000000, 0x00000000d9000000, 0x00000000d9100000|  0%| F|  |TAMS 0x00000000d9000000| PB 0x00000000d9000000| Untracked 
| 401|0x00000000d9100000, 0x00000000d9100000, 0x00000000d9200000|  0%| F|  |TAMS 0x00000000d9100000| PB 0x00000000d9100000| Untracked 
| 402|0x00000000d9200000, 0x00000000d9200000, 0x00000000d9300000|  0%| F|  |TAMS 0x00000000d9200000| PB 0x00000000d9200000| Untracked 
| 403|0x00000000d9300000, 0x00000000d9300000, 0x00000000d9400000|  0%| F|  |TAMS 0x00000000d9300000| PB 0x00000000d9300000| Untracked 
| 404|0x00000000d9400000, 0x00000000d9400000, 0x00000000d9500000|  0%| F|  |TAMS 0x00000000d9400000| PB 0x00000000d9400000| Untracked 
| 405|0x00000000d9500000, 0x00000000d9500000, 0x00000000d9600000|  0%| F|  |TAMS 0x00000000d9500000| PB 0x00000000d9500000| Untracked 
| 406|0x00000000d9600000, 0x00000000d9600000, 0x00000000d9700000|  0%| F|  |TAMS 0x00000000d9600000| PB 0x00000000d9600000| Untracked 
| 407|0x00000000d9700000, 0x00000000d9700000, 0x00000000d9800000|  0%| F|  |TAMS 0x00000000d9700000| PB 0x00000000d9700000| Untracked 
| 408|0x00000000d9800000, 0x00000000d9800000, 0x00000000d9900000|  0%| F|  |TAMS 0x00000000d9800000| PB 0x00000000d9800000| Untracked 
| 409|0x00000000d9900000, 0x00000000d9900000, 0x00000000d9a00000|  0%| F|  |TAMS 0x00000000d9900000| PB 0x00000000d9900000| Untracked 
| 410|0x00000000d9a00000, 0x00000000d9a00000, 0x00000000d9b00000|  0%| F|  |TAMS 0x00000000d9a00000| PB 0x00000000d9a00000| Untracked 
| 411|0x00000000d9b00000, 0x00000000d9b00000, 0x00000000d9c00000|  0%| F|  |TAMS 0x00000000d9b00000| PB 0x00000000d9b00000| Untracked 
| 412|0x00000000d9c00000, 0x00000000d9c00000, 0x00000000d9d00000|  0%| F|  |TAMS 0x00000000d9c00000| PB 0x00000000d9c00000| Untracked 
| 413|0x00000000d9d00000, 0x00000000d9d00000, 0x00000000d9e00000|  0%| F|  |TAMS 0x00000000d9d00000| PB 0x00000000d9d00000| Untracked 
| 414|0x00000000d9e00000, 0x00000000d9e00000, 0x00000000d9f00000|  0%| F|  |TAMS 0x00000000d9e00000| PB 0x00000000d9e00000| Untracked 
| 415|0x00000000d9f00000, 0x00000000d9f00000, 0x00000000da000000|  0%| F|  |TAMS 0x00000000d9f00000| PB 0x00000000d9f00000| Untracked 
| 416|0x00000000da000000, 0x00000000da000000, 0x00000000da100000|  0%| F|  |TAMS 0x00000000da000000| PB 0x00000000da000000| Untracked 
| 417|0x00000000da100000, 0x00000000da100000, 0x00000000da200000|  0%| F|  |TAMS 0x00000000da100000| PB 0x00000000da100000| Untracked 
| 418|0x00000000da200000, 0x00000000da200000, 0x00000000da300000|  0%| F|  |TAMS 0x00000000da200000| PB 0x00000000da200000| Untracked 
| 419|0x00000000da300000, 0x00000000da300000, 0x00000000da400000|  0%| F|  |TAMS 0x00000000da300000| PB 0x00000000da300000| Untracked 
| 420|0x00000000da400000, 0x00000000da400000, 0x00000000da500000|  0%| F|  |TAMS 0x00000000da400000| PB 0x00000000da400000| Untracked 
| 421|0x00000000da500000, 0x00000000da500000, 0x00000000da600000|  0%| F|  |TAMS 0x00000000da500000| PB 0x00000000da500000| Untracked 
| 422|0x00000000da600000, 0x00000000da600000, 0x00000000da700000|  0%| F|  |TAMS 0x00000000da600000| PB 0x00000000da600000| Untracked 
| 423|0x00000000da700000, 0x00000000da700000, 0x00000000da800000|  0%| F|  |TAMS 0x00000000da700000| PB 0x00000000da700000| Untracked 
| 424|0x00000000da800000, 0x00000000da800000, 0x00000000da900000|  0%| F|  |TAMS 0x00000000da800000| PB 0x00000000da800000| Untracked 
| 425|0x00000000da900000, 0x00000000da900000, 0x00000000daa00000|  0%| F|  |TAMS 0x00000000da900000| PB 0x00000000da900000| Untracked 
| 426|0x00000000daa00000, 0x00000000daa00000, 0x00000000dab00000|  0%| F|  |TAMS 0x00000000daa00000| PB 0x00000000daa00000| Untracked 
| 427|0x00000000dab00000, 0x00000000dab00000, 0x00000000dac00000|  0%| F|  |TAMS 0x00000000dab00000| PB 0x00000000dab00000| Untracked 
| 428|0x00000000dac00000, 0x00000000dac00000, 0x00000000dad00000|  0%| F|  |TAMS 0x00000000dac00000| PB 0x00000000dac00000| Untracked 
| 429|0x00000000dad00000, 0x00000000dad00000, 0x00000000dae00000|  0%| F|  |TAMS 0x00000000dad00000| PB 0x00000000dad00000| Untracked 
| 430|0x00000000dae00000, 0x00000000dae00000, 0x00000000daf00000|  0%| F|  |TAMS 0x00000000dae00000| PB 0x00000000dae00000| Untracked 
| 431|0x00000000daf00000, 0x00000000daf00000, 0x00000000db000000|  0%| F|  |TAMS 0x00000000daf00000| PB 0x00000000daf00000| Untracked 
| 432|0x00000000db000000, 0x00000000db000000, 0x00000000db100000|  0%| F|  |TAMS 0x00000000db000000| PB 0x00000000db000000| Untracked 
| 433|0x00000000db100000, 0x00000000db100000, 0x00000000db200000|  0%| F|  |TAMS 0x00000000db100000| PB 0x00000000db100000| Untracked 
| 434|0x00000000db200000, 0x00000000db200000, 0x00000000db300000|  0%| F|  |TAMS 0x00000000db200000| PB 0x00000000db200000| Untracked 
| 435|0x00000000db300000, 0x00000000db300000, 0x00000000db400000|  0%| F|  |TAMS 0x00000000db300000| PB 0x00000000db300000| Untracked 
| 436|0x00000000db400000, 0x00000000db400000, 0x00000000db500000|  0%| F|  |TAMS 0x00000000db400000| PB 0x00000000db400000| Untracked 
| 437|0x00000000db500000, 0x00000000db500000, 0x00000000db600000|  0%| F|  |TAMS 0x00000000db500000| PB 0x00000000db500000| Untracked 
| 438|0x00000000db600000, 0x00000000db600000, 0x00000000db700000|  0%| F|  |TAMS 0x00000000db600000| PB 0x00000000db600000| Untracked 
| 439|0x00000000db700000, 0x00000000db700000, 0x00000000db800000|  0%| F|  |TAMS 0x00000000db700000| PB 0x00000000db700000| Untracked 
| 440|0x00000000db800000, 0x00000000db800000, 0x00000000db900000|  0%| F|  |TAMS 0x00000000db800000| PB 0x00000000db800000| Untracked 
| 441|0x00000000db900000, 0x00000000db900000, 0x00000000dba00000|  0%| F|  |TAMS 0x00000000db900000| PB 0x00000000db900000| Untracked 
| 442|0x00000000dba00000, 0x00000000dba00000, 0x00000000dbb00000|  0%| F|  |TAMS 0x00000000dba00000| PB 0x00000000dba00000| Untracked 
| 443|0x00000000dbb00000, 0x00000000dbb00000, 0x00000000dbc00000|  0%| F|  |TAMS 0x00000000dbb00000| PB 0x00000000dbb00000| Untracked 
| 444|0x00000000dbc00000, 0x00000000dbc00000, 0x00000000dbd00000|  0%| F|  |TAMS 0x00000000dbc00000| PB 0x00000000dbc00000| Untracked 
| 445|0x00000000dbd00000, 0x00000000dbd00000, 0x00000000dbe00000|  0%| F|  |TAMS 0x00000000dbd00000| PB 0x00000000dbd00000| Untracked 
| 446|0x00000000dbe00000, 0x00000000dbe00000, 0x00000000dbf00000|  0%| F|  |TAMS 0x00000000dbe00000| PB 0x00000000dbe00000| Untracked 
| 447|0x00000000dbf00000, 0x00000000dbf00000, 0x00000000dc000000|  0%| F|  |TAMS 0x00000000dbf00000| PB 0x00000000dbf00000| Untracked 
| 448|0x00000000dc000000, 0x00000000dc000000, 0x00000000dc100000|  0%| F|  |TAMS 0x00000000dc000000| PB 0x00000000dc000000| Untracked 
| 449|0x00000000dc100000, 0x00000000dc100000, 0x00000000dc200000|  0%| F|  |TAMS 0x00000000dc100000| PB 0x00000000dc100000| Untracked 
| 450|0x00000000dc200000, 0x00000000dc200000, 0x00000000dc300000|  0%| F|  |TAMS 0x00000000dc200000| PB 0x00000000dc200000| Untracked 
| 451|0x00000000dc300000, 0x00000000dc300000, 0x00000000dc400000|  0%| F|  |TAMS 0x00000000dc300000| PB 0x00000000dc300000| Untracked 
| 452|0x00000000dc400000, 0x00000000dc400000, 0x00000000dc500000|  0%| F|  |TAMS 0x00000000dc400000| PB 0x00000000dc400000| Untracked 
| 453|0x00000000dc500000, 0x00000000dc500000, 0x00000000dc600000|  0%| F|  |TAMS 0x00000000dc500000| PB 0x00000000dc500000| Untracked 
| 454|0x00000000dc600000, 0x00000000dc600000, 0x00000000dc700000|  0%| F|  |TAMS 0x00000000dc600000| PB 0x00000000dc600000| Untracked 
| 455|0x00000000dc700000, 0x00000000dc700000, 0x00000000dc800000|  0%| F|  |TAMS 0x00000000dc700000| PB 0x00000000dc700000| Untracked 
| 456|0x00000000dc800000, 0x00000000dc800000, 0x00000000dc900000|  0%| F|  |TAMS 0x00000000dc800000| PB 0x00000000dc800000| Untracked 
| 457|0x00000000dc900000, 0x00000000dc900000, 0x00000000dca00000|  0%| F|  |TAMS 0x00000000dc900000| PB 0x00000000dc900000| Untracked 
| 458|0x00000000dca00000, 0x00000000dca00000, 0x00000000dcb00000|  0%| F|  |TAMS 0x00000000dca00000| PB 0x00000000dca00000| Untracked 
| 459|0x00000000dcb00000, 0x00000000dcb00000, 0x00000000dcc00000|  0%| F|  |TAMS 0x00000000dcb00000| PB 0x00000000dcb00000| Untracked 
| 460|0x00000000dcc00000, 0x00000000dcc00000, 0x00000000dcd00000|  0%| F|  |TAMS 0x00000000dcc00000| PB 0x00000000dcc00000| Untracked 
| 461|0x00000000dcd00000, 0x00000000dcd00000, 0x00000000dce00000|  0%| F|  |TAMS 0x00000000dcd00000| PB 0x00000000dcd00000| Untracked 
| 462|0x00000000dce00000, 0x00000000dce00000, 0x00000000dcf00000|  0%| F|  |TAMS 0x00000000dce00000| PB 0x00000000dce00000| Untracked 
| 463|0x00000000dcf00000, 0x00000000dcf00000, 0x00000000dd000000|  0%| F|  |TAMS 0x00000000dcf00000| PB 0x00000000dcf00000| Untracked 
| 464|0x00000000dd000000, 0x00000000dd000000, 0x00000000dd100000|  0%| F|  |TAMS 0x00000000dd000000| PB 0x00000000dd000000| Untracked 
| 465|0x00000000dd100000, 0x00000000dd100000, 0x00000000dd200000|  0%| F|  |TAMS 0x00000000dd100000| PB 0x00000000dd100000| Untracked 
| 466|0x00000000dd200000, 0x00000000dd200000, 0x00000000dd300000|  0%| F|  |TAMS 0x00000000dd200000| PB 0x00000000dd200000| Untracked 
| 467|0x00000000dd300000, 0x00000000dd300000, 0x00000000dd400000|  0%| F|  |TAMS 0x00000000dd300000| PB 0x00000000dd300000| Untracked 
| 468|0x00000000dd400000, 0x00000000dd400000, 0x00000000dd500000|  0%| F|  |TAMS 0x00000000dd400000| PB 0x00000000dd400000| Untracked 
| 469|0x00000000dd500000, 0x00000000dd500000, 0x00000000dd600000|  0%| F|  |TAMS 0x00000000dd500000| PB 0x00000000dd500000| Untracked 
| 470|0x00000000dd600000, 0x00000000dd600000, 0x00000000dd700000|  0%| F|  |TAMS 0x00000000dd600000| PB 0x00000000dd600000| Untracked 
| 471|0x00000000dd700000, 0x00000000dd700000, 0x00000000dd800000|  0%| F|  |TAMS 0x00000000dd700000| PB 0x00000000dd700000| Untracked 
| 472|0x00000000dd800000, 0x00000000dd800000, 0x00000000dd900000|  0%| F|  |TAMS 0x00000000dd800000| PB 0x00000000dd800000| Untracked 
| 473|0x00000000dd900000, 0x00000000dd900000, 0x00000000dda00000|  0%| F|  |TAMS 0x00000000dd900000| PB 0x00000000dd900000| Untracked 
| 474|0x00000000dda00000, 0x00000000dda00000, 0x00000000ddb00000|  0%| F|  |TAMS 0x00000000dda00000| PB 0x00000000dda00000| Untracked 
| 475|0x00000000ddb00000, 0x00000000ddb00000, 0x00000000ddc00000|  0%| F|  |TAMS 0x00000000ddb00000| PB 0x00000000ddb00000| Untracked 
| 476|0x00000000ddc00000, 0x00000000ddc00000, 0x00000000ddd00000|  0%| F|  |TAMS 0x00000000ddc00000| PB 0x00000000ddc00000| Untracked 
| 477|0x00000000ddd00000, 0x00000000ddd00000, 0x00000000dde00000|  0%| F|  |TAMS 0x00000000ddd00000| PB 0x00000000ddd00000| Untracked 
| 478|0x00000000dde00000, 0x00000000dde00000, 0x00000000ddf00000|  0%| F|  |TAMS 0x00000000dde00000| PB 0x00000000dde00000| Untracked 
| 479|0x00000000ddf00000, 0x00000000ddf00000, 0x00000000de000000|  0%| F|  |TAMS 0x00000000ddf00000| PB 0x00000000ddf00000| Untracked 
| 480|0x00000000de000000, 0x00000000de000000, 0x00000000de100000|  0%| F|  |TAMS 0x00000000de000000| PB 0x00000000de000000| Untracked 
| 481|0x00000000de100000, 0x00000000de100000, 0x00000000de200000|  0%| F|  |TAMS 0x00000000de100000| PB 0x00000000de100000| Untracked 
| 482|0x00000000de200000, 0x00000000de200000, 0x00000000de300000|  0%| F|  |TAMS 0x00000000de200000| PB 0x00000000de200000| Untracked 
| 483|0x00000000de300000, 0x00000000de300000, 0x00000000de400000|  0%| F|  |TAMS 0x00000000de300000| PB 0x00000000de300000| Untracked 
| 484|0x00000000de400000, 0x00000000de400000, 0x00000000de500000|  0%| F|  |TAMS 0x00000000de400000| PB 0x00000000de400000| Untracked 
| 485|0x00000000de500000, 0x00000000de500000, 0x00000000de600000|  0%| F|  |TAMS 0x00000000de500000| PB 0x00000000de500000| Untracked 
| 486|0x00000000de600000, 0x00000000de600000, 0x00000000de700000|  0%| F|  |TAMS 0x00000000de600000| PB 0x00000000de600000| Untracked 
| 487|0x00000000de700000, 0x00000000de700000, 0x00000000de800000|  0%| F|  |TAMS 0x00000000de700000| PB 0x00000000de700000| Untracked 
| 488|0x00000000de800000, 0x00000000de800000, 0x00000000de900000|  0%| F|  |TAMS 0x00000000de800000| PB 0x00000000de800000| Untracked 
| 489|0x00000000de900000, 0x00000000de900000, 0x00000000dea00000|  0%| F|  |TAMS 0x00000000de900000| PB 0x00000000de900000| Untracked 
| 490|0x00000000dea00000, 0x00000000dea00000, 0x00000000deb00000|  0%| F|  |TAMS 0x00000000dea00000| PB 0x00000000dea00000| Untracked 
| 491|0x00000000deb00000, 0x00000000deb00000, 0x00000000dec00000|  0%| F|  |TAMS 0x00000000deb00000| PB 0x00000000deb00000| Untracked 
| 492|0x00000000dec00000, 0x00000000dec00000, 0x00000000ded00000|  0%| F|  |TAMS 0x00000000dec00000| PB 0x00000000dec00000| Untracked 
| 493|0x00000000ded00000, 0x00000000ded00000, 0x00000000dee00000|  0%| F|  |TAMS 0x00000000ded00000| PB 0x00000000ded00000| Untracked 
| 494|0x00000000dee00000, 0x00000000dee00000, 0x00000000def00000|  0%| F|  |TAMS 0x00000000dee00000| PB 0x00000000dee00000| Untracked 
| 495|0x00000000def00000, 0x00000000def00000, 0x00000000df000000|  0%| F|  |TAMS 0x00000000def00000| PB 0x00000000def00000| Untracked 
| 496|0x00000000df000000, 0x00000000df000000, 0x00000000df100000|  0%| F|  |TAMS 0x00000000df000000| PB 0x00000000df000000| Untracked 
| 497|0x00000000df100000, 0x00000000df100000, 0x00000000df200000|  0%| F|  |TAMS 0x00000000df100000| PB 0x00000000df100000| Untracked 
| 498|0x00000000df200000, 0x00000000df200000, 0x00000000df300000|  0%| F|  |TAMS 0x00000000df200000| PB 0x00000000df200000| Untracked 
| 499|0x00000000df300000, 0x00000000df300000, 0x00000000df400000|  0%| F|  |TAMS 0x00000000df300000| PB 0x00000000df300000| Untracked 
| 500|0x00000000df400000, 0x00000000df400000, 0x00000000df500000|  0%| F|  |TAMS 0x00000000df400000| PB 0x00000000df400000| Untracked 
| 501|0x00000000df500000, 0x00000000df500000, 0x00000000df600000|  0%| F|  |TAMS 0x00000000df500000| PB 0x00000000df500000| Untracked 
| 502|0x00000000df600000, 0x00000000df600000, 0x00000000df700000|  0%| F|  |TAMS 0x00000000df600000| PB 0x00000000df600000| Untracked 
| 503|0x00000000df700000, 0x00000000df700000, 0x00000000df800000|  0%| F|  |TAMS 0x00000000df700000| PB 0x00000000df700000| Untracked 
| 504|0x00000000df800000, 0x00000000df800000, 0x00000000df900000|  0%| F|  |TAMS 0x00000000df800000| PB 0x00000000df800000| Untracked 
| 505|0x00000000df900000, 0x00000000df900000, 0x00000000dfa00000|  0%| F|  |TAMS 0x00000000df900000| PB 0x00000000df900000| Untracked 
| 506|0x00000000dfa00000, 0x00000000dfa00000, 0x00000000dfb00000|  0%| F|  |TAMS 0x00000000dfa00000| PB 0x00000000dfa00000| Untracked 
| 507|0x00000000dfb00000, 0x00000000dfb00000, 0x00000000dfc00000|  0%| F|  |TAMS 0x00000000dfb00000| PB 0x00000000dfb00000| Untracked 
| 508|0x00000000dfc00000, 0x00000000dfc00000, 0x00000000dfd00000|  0%| F|  |TAMS 0x00000000dfc00000| PB 0x00000000dfc00000| Untracked 
| 509|0x00000000dfd00000, 0x00000000dfd00000, 0x00000000dfe00000|  0%| F|  |TAMS 0x00000000dfd00000| PB 0x00000000dfd00000| Untracked 
| 510|0x00000000dfe00000, 0x00000000dfe00000, 0x00000000dff00000|  0%| F|  |TAMS 0x00000000dfe00000| PB 0x00000000dfe00000| Untracked 
| 511|0x00000000dff00000, 0x00000000dff00000, 0x00000000e0000000|  0%| F|  |TAMS 0x00000000dff00000| PB 0x00000000dff00000| Untracked 
| 512|0x00000000e0000000, 0x00000000e0000000, 0x00000000e0100000|  0%| F|  |TAMS 0x00000000e0000000| PB 0x00000000e0000000| Untracked 
| 513|0x00000000e0100000, 0x00000000e0100000, 0x00000000e0200000|  0%| F|  |TAMS 0x00000000e0100000| PB 0x00000000e0100000| Untracked 
| 514|0x00000000e0200000, 0x00000000e0200000, 0x00000000e0300000|  0%| F|  |TAMS 0x00000000e0200000| PB 0x00000000e0200000| Untracked 
| 515|0x00000000e0300000, 0x00000000e0300000, 0x00000000e0400000|  0%| F|  |TAMS 0x00000000e0300000| PB 0x00000000e0300000| Untracked 
| 516|0x00000000e0400000, 0x00000000e0400000, 0x00000000e0500000|  0%| F|  |TAMS 0x00000000e0400000| PB 0x00000000e0400000| Untracked 
| 517|0x00000000e0500000, 0x00000000e0500000, 0x00000000e0600000|  0%| F|  |TAMS 0x00000000e0500000| PB 0x00000000e0500000| Untracked 
| 518|0x00000000e0600000, 0x00000000e0600000, 0x00000000e0700000|  0%| F|  |TAMS 0x00000000e0600000| PB 0x00000000e0600000| Untracked 
| 519|0x00000000e0700000, 0x00000000e0700000, 0x00000000e0800000|  0%| F|  |TAMS 0x00000000e0700000| PB 0x00000000e0700000| Untracked 
| 520|0x00000000e0800000, 0x00000000e0800000, 0x00000000e0900000|  0%| F|  |TAMS 0x00000000e0800000| PB 0x00000000e0800000| Untracked 
| 521|0x00000000e0900000, 0x00000000e0900000, 0x00000000e0a00000|  0%| F|  |TAMS 0x00000000e0900000| PB 0x00000000e0900000| Untracked 
| 522|0x00000000e0a00000, 0x00000000e0a00000, 0x00000000e0b00000|  0%| F|  |TAMS 0x00000000e0a00000| PB 0x00000000e0a00000| Untracked 
| 523|0x00000000e0b00000, 0x00000000e0b00000, 0x00000000e0c00000|  0%| F|  |TAMS 0x00000000e0b00000| PB 0x00000000e0b00000| Untracked 
| 524|0x00000000e0c00000, 0x00000000e0c00000, 0x00000000e0d00000|  0%| F|  |TAMS 0x00000000e0c00000| PB 0x00000000e0c00000| Untracked 
| 525|0x00000000e0d00000, 0x00000000e0d00000, 0x00000000e0e00000|  0%| F|  |TAMS 0x00000000e0d00000| PB 0x00000000e0d00000| Untracked 
| 526|0x00000000e0e00000, 0x00000000e0e00000, 0x00000000e0f00000|  0%| F|  |TAMS 0x00000000e0e00000| PB 0x00000000e0e00000| Untracked 
| 527|0x00000000e0f00000, 0x00000000e0fd6ff8, 0x00000000e1000000| 83%| E|  |TAMS 0x00000000e0f00000| PB 0x00000000e0f00000| Complete 
| 528|0x00000000e1000000, 0x00000000e1100000, 0x00000000e1100000|100%| E|CS|TAMS 0x00000000e1000000| PB 0x00000000e1000000| Complete 
| 529|0x00000000e1100000, 0x00000000e1200000, 0x00000000e1200000|100%| E|CS|TAMS 0x00000000e1100000| PB 0x00000000e1100000| Complete 
| 530|0x00000000e1200000, 0x00000000e1300000, 0x00000000e1300000|100%| E|CS|TAMS 0x00000000e1200000| PB 0x00000000e1200000| Complete 
| 531|0x00000000e1300000, 0x00000000e1400000, 0x00000000e1400000|100%| E|CS|TAMS 0x00000000e1300000| PB 0x00000000e1300000| Complete 
| 532|0x00000000e1400000, 0x00000000e1500000, 0x00000000e1500000|100%| E|CS|TAMS 0x00000000e1400000| PB 0x00000000e1400000| Complete 
| 533|0x00000000e1500000, 0x00000000e1600000, 0x00000000e1600000|100%| E|CS|TAMS 0x00000000e1500000| PB 0x00000000e1500000| Complete 
| 534|0x00000000e1600000, 0x00000000e1700000, 0x00000000e1700000|100%| E|CS|TAMS 0x00000000e1600000| PB 0x00000000e1600000| Complete 
| 535|0x00000000e1700000, 0x00000000e1800000, 0x00000000e1800000|100%| E|CS|TAMS 0x00000000e1700000| PB 0x00000000e1700000| Complete 
| 536|0x00000000e1800000, 0x00000000e1900000, 0x00000000e1900000|100%| E|CS|TAMS 0x00000000e1800000| PB 0x00000000e1800000| Complete 
| 537|0x00000000e1900000, 0x00000000e1a00000, 0x00000000e1a00000|100%| E|CS|TAMS 0x00000000e1900000| PB 0x00000000e1900000| Complete 
| 538|0x00000000e1a00000, 0x00000000e1b00000, 0x00000000e1b00000|100%| E|CS|TAMS 0x00000000e1a00000| PB 0x00000000e1a00000| Complete 
| 539|0x00000000e1b00000, 0x00000000e1c00000, 0x00000000e1c00000|100%| E|CS|TAMS 0x00000000e1b00000| PB 0x00000000e1b00000| Complete 
| 540|0x00000000e1c00000, 0x00000000e1d00000, 0x00000000e1d00000|100%| E|CS|TAMS 0x00000000e1c00000| PB 0x00000000e1c00000| Complete 
| 541|0x00000000e1d00000, 0x00000000e1e00000, 0x00000000e1e00000|100%| E|CS|TAMS 0x00000000e1d00000| PB 0x00000000e1d00000| Complete 
| 542|0x00000000e1e00000, 0x00000000e1f00000, 0x00000000e1f00000|100%| E|CS|TAMS 0x00000000e1e00000| PB 0x00000000e1e00000| Complete 
| 543|0x00000000e1f00000, 0x00000000e2000000, 0x00000000e2000000|100%| E|CS|TAMS 0x00000000e1f00000| PB 0x00000000e1f00000| Complete 
| 544|0x00000000e2000000, 0x00000000e2100000, 0x00000000e2100000|100%| E|CS|TAMS 0x00000000e2000000| PB 0x00000000e2000000| Complete 
| 545|0x00000000e2100000, 0x00000000e2200000, 0x00000000e2200000|100%| E|CS|TAMS 0x00000000e2100000| PB 0x00000000e2100000| Complete 
| 546|0x00000000e2200000, 0x00000000e2300000, 0x00000000e2300000|100%| E|CS|TAMS 0x00000000e2200000| PB 0x00000000e2200000| Complete 
| 547|0x00000000e2300000, 0x00000000e2400000, 0x00000000e2400000|100%| E|CS|TAMS 0x00000000e2300000| PB 0x00000000e2300000| Complete 
| 548|0x00000000e2400000, 0x00000000e2500000, 0x00000000e2500000|100%| E|CS|TAMS 0x00000000e2400000| PB 0x00000000e2400000| Complete 
| 549|0x00000000e2500000, 0x00000000e2600000, 0x00000000e2600000|100%| E|CS|TAMS 0x00000000e2500000| PB 0x00000000e2500000| Complete 
| 550|0x00000000e2600000, 0x00000000e2700000, 0x00000000e2700000|100%| E|CS|TAMS 0x00000000e2600000| PB 0x00000000e2600000| Complete 
| 551|0x00000000e2700000, 0x00000000e2800000, 0x00000000e2800000|100%| E|CS|TAMS 0x00000000e2700000| PB 0x00000000e2700000| Complete 
| 552|0x00000000e2800000, 0x00000000e2900000, 0x00000000e2900000|100%| E|CS|TAMS 0x00000000e2800000| PB 0x00000000e2800000| Complete 
| 553|0x00000000e2900000, 0x00000000e2a00000, 0x00000000e2a00000|100%| E|CS|TAMS 0x00000000e2900000| PB 0x00000000e2900000| Complete 
| 554|0x00000000e2a00000, 0x00000000e2b00000, 0x00000000e2b00000|100%| E|CS|TAMS 0x00000000e2a00000| PB 0x00000000e2a00000| Complete 
| 555|0x00000000e2b00000, 0x00000000e2c00000, 0x00000000e2c00000|100%| E|CS|TAMS 0x00000000e2b00000| PB 0x00000000e2b00000| Complete 
| 556|0x00000000e2c00000, 0x00000000e2d00000, 0x00000000e2d00000|100%| E|CS|TAMS 0x00000000e2c00000| PB 0x00000000e2c00000| Complete 
| 557|0x00000000e2d00000, 0x00000000e2e00000, 0x00000000e2e00000|100%| E|CS|TAMS 0x00000000e2d00000| PB 0x00000000e2d00000| Complete 
| 558|0x00000000e2e00000, 0x00000000e2f00000, 0x00000000e2f00000|100%| E|CS|TAMS 0x00000000e2e00000| PB 0x00000000e2e00000| Complete 
| 559|0x00000000e2f00000, 0x00000000e3000000, 0x00000000e3000000|100%| E|CS|TAMS 0x00000000e2f00000| PB 0x00000000e2f00000| Complete 
| 560|0x00000000e3000000, 0x00000000e3100000, 0x00000000e3100000|100%| E|CS|TAMS 0x00000000e3000000| PB 0x00000000e3000000| Complete 
| 561|0x00000000e3100000, 0x00000000e3200000, 0x00000000e3200000|100%| E|CS|TAMS 0x00000000e3100000| PB 0x00000000e3100000| Complete 
| 562|0x00000000e3200000, 0x00000000e3300000, 0x00000000e3300000|100%| E|CS|TAMS 0x00000000e3200000| PB 0x00000000e3200000| Complete 
| 563|0x00000000e3300000, 0x00000000e3400000, 0x00000000e3400000|100%| E|CS|TAMS 0x00000000e3300000| PB 0x00000000e3300000| Complete 
| 564|0x00000000e3400000, 0x00000000e3500000, 0x00000000e3500000|100%| E|CS|TAMS 0x00000000e3400000| PB 0x00000000e3400000| Complete 
| 565|0x00000000e3500000, 0x00000000e3600000, 0x00000000e3600000|100%| E|CS|TAMS 0x00000000e3500000| PB 0x00000000e3500000| Complete 
| 566|0x00000000e3600000, 0x00000000e3700000, 0x00000000e3700000|100%| E|CS|TAMS 0x00000000e3600000| PB 0x00000000e3600000| Complete 
| 567|0x00000000e3700000, 0x00000000e3800000, 0x00000000e3800000|100%| E|CS|TAMS 0x00000000e3700000| PB 0x00000000e3700000| Complete 
| 568|0x00000000e3800000, 0x00000000e3900000, 0x00000000e3900000|100%| E|CS|TAMS 0x00000000e3800000| PB 0x00000000e3800000| Complete 
| 569|0x00000000e3900000, 0x00000000e3a00000, 0x00000000e3a00000|100%| E|CS|TAMS 0x00000000e3900000| PB 0x00000000e3900000| Complete 
| 570|0x00000000e3a00000, 0x00000000e3b00000, 0x00000000e3b00000|100%| E|CS|TAMS 0x00000000e3a00000| PB 0x00000000e3a00000| Complete 
| 571|0x00000000e3b00000, 0x00000000e3c00000, 0x00000000e3c00000|100%| E|CS|TAMS 0x00000000e3b00000| PB 0x00000000e3b00000| Complete 
| 572|0x00000000e3c00000, 0x00000000e3d00000, 0x00000000e3d00000|100%| E|CS|TAMS 0x00000000e3c00000| PB 0x00000000e3c00000| Complete 
| 573|0x00000000e3d00000, 0x00000000e3e00000, 0x00000000e3e00000|100%| E|CS|TAMS 0x00000000e3d00000| PB 0x00000000e3d00000| Complete 
| 574|0x00000000e3e00000, 0x00000000e3f00000, 0x00000000e3f00000|100%| E|CS|TAMS 0x00000000e3e00000| PB 0x00000000e3e00000| Complete 
| 575|0x00000000e3f00000, 0x00000000e4000000, 0x00000000e4000000|100%| E|CS|TAMS 0x00000000e3f00000| PB 0x00000000e3f00000| Complete 
| 576|0x00000000e4000000, 0x00000000e4100000, 0x00000000e4100000|100%| E|CS|TAMS 0x00000000e4000000| PB 0x00000000e4000000| Complete 
| 577|0x00000000e4100000, 0x00000000e4200000, 0x00000000e4200000|100%| E|CS|TAMS 0x00000000e4100000| PB 0x00000000e4100000| Complete 
| 578|0x00000000e4200000, 0x00000000e4300000, 0x00000000e4300000|100%| E|CS|TAMS 0x00000000e4200000| PB 0x00000000e4200000| Complete 
| 579|0x00000000e4300000, 0x00000000e4400000, 0x00000000e4400000|100%| E|CS|TAMS 0x00000000e4300000| PB 0x00000000e4300000| Complete 
| 580|0x00000000e4400000, 0x00000000e4500000, 0x00000000e4500000|100%| E|CS|TAMS 0x00000000e4400000| PB 0x00000000e4400000| Complete 
| 581|0x00000000e4500000, 0x00000000e4600000, 0x00000000e4600000|100%| E|CS|TAMS 0x00000000e4500000| PB 0x00000000e4500000| Complete 
| 582|0x00000000e4600000, 0x00000000e4700000, 0x00000000e4700000|100%| E|CS|TAMS 0x00000000e4600000| PB 0x00000000e4600000| Complete 
| 583|0x00000000e4700000, 0x00000000e4800000, 0x00000000e4800000|100%| E|CS|TAMS 0x00000000e4700000| PB 0x00000000e4700000| Complete 
| 584|0x00000000e4800000, 0x00000000e4900000, 0x00000000e4900000|100%| E|CS|TAMS 0x00000000e4800000| PB 0x00000000e4800000| Complete 
| 585|0x00000000e4900000, 0x00000000e4a00000, 0x00000000e4a00000|100%| E|CS|TAMS 0x00000000e4900000| PB 0x00000000e4900000| Complete 
| 586|0x00000000e4a00000, 0x00000000e4b00000, 0x00000000e4b00000|100%| E|CS|TAMS 0x00000000e4a00000| PB 0x00000000e4a00000| Complete 
| 587|0x00000000e4b00000, 0x00000000e4c00000, 0x00000000e4c00000|100%| E|CS|TAMS 0x00000000e4b00000| PB 0x00000000e4b00000| Complete 
| 588|0x00000000e4c00000, 0x00000000e4d00000, 0x00000000e4d00000|100%| E|CS|TAMS 0x00000000e4c00000| PB 0x00000000e4c00000| Complete 
| 589|0x00000000e4d00000, 0x00000000e4e00000, 0x00000000e4e00000|100%| E|CS|TAMS 0x00000000e4d00000| PB 0x00000000e4d00000| Complete 
| 590|0x00000000e4e00000, 0x00000000e4f00000, 0x00000000e4f00000|100%| E|CS|TAMS 0x00000000e4e00000| PB 0x00000000e4e00000| Complete 
| 591|0x00000000e4f00000, 0x00000000e5000000, 0x00000000e5000000|100%| E|CS|TAMS 0x00000000e4f00000| PB 0x00000000e4f00000| Complete 
| 592|0x00000000e5000000, 0x00000000e5100000, 0x00000000e5100000|100%| E|CS|TAMS 0x00000000e5000000| PB 0x00000000e5000000| Complete 
| 593|0x00000000e5100000, 0x00000000e5200000, 0x00000000e5200000|100%| E|CS|TAMS 0x00000000e5100000| PB 0x00000000e5100000| Complete 
| 594|0x00000000e5200000, 0x00000000e5300000, 0x00000000e5300000|100%| E|CS|TAMS 0x00000000e5200000| PB 0x00000000e5200000| Complete 
| 595|0x00000000e5300000, 0x00000000e5400000, 0x00000000e5400000|100%| E|CS|TAMS 0x00000000e5300000| PB 0x00000000e5300000| Complete 
| 596|0x00000000e5400000, 0x00000000e5500000, 0x00000000e5500000|100%| E|CS|TAMS 0x00000000e5400000| PB 0x00000000e5400000| Complete 
| 597|0x00000000e5500000, 0x00000000e5600000, 0x00000000e5600000|100%| E|CS|TAMS 0x00000000e5500000| PB 0x00000000e5500000| Complete 
| 598|0x00000000e5600000, 0x00000000e5700000, 0x00000000e5700000|100%| E|CS|TAMS 0x00000000e5600000| PB 0x00000000e5600000| Complete 
| 599|0x00000000e5700000, 0x00000000e5800000, 0x00000000e5800000|100%| E|CS|TAMS 0x00000000e5700000| PB 0x00000000e5700000| Complete 
| 600|0x00000000e5800000, 0x00000000e5900000, 0x00000000e5900000|100%| E|CS|TAMS 0x00000000e5800000| PB 0x00000000e5800000| Complete 
| 601|0x00000000e5900000, 0x00000000e5a00000, 0x00000000e5a00000|100%| E|CS|TAMS 0x00000000e5900000| PB 0x00000000e5900000| Complete 
| 602|0x00000000e5a00000, 0x00000000e5b00000, 0x00000000e5b00000|100%| E|CS|TAMS 0x00000000e5a00000| PB 0x00000000e5a00000| Complete 
| 603|0x00000000e5b00000, 0x00000000e5c00000, 0x00000000e5c00000|100%| E|CS|TAMS 0x00000000e5b00000| PB 0x00000000e5b00000| Complete 
| 604|0x00000000e5c00000, 0x00000000e5d00000, 0x00000000e5d00000|100%| E|CS|TAMS 0x00000000e5c00000| PB 0x00000000e5c00000| Complete 
| 605|0x00000000e5d00000, 0x00000000e5e00000, 0x00000000e5e00000|100%| E|CS|TAMS 0x00000000e5d00000| PB 0x00000000e5d00000| Complete 
| 606|0x00000000e5e00000, 0x00000000e5f00000, 0x00000000e5f00000|100%| E|  |TAMS 0x00000000e5e00000| PB 0x00000000e5e00000| Complete 
| 607|0x00000000e5f00000, 0x00000000e6000000, 0x00000000e6000000|100%| E|CS|TAMS 0x00000000e5f00000| PB 0x00000000e5f00000| Complete 
| 608|0x00000000e6000000, 0x00000000e6100000, 0x00000000e6100000|100%| E|CS|TAMS 0x00000000e6000000| PB 0x00000000e6000000| Complete 
| 609|0x00000000e6100000, 0x00000000e6200000, 0x00000000e6200000|100%| E|CS|TAMS 0x00000000e6100000| PB 0x00000000e6100000| Complete 
| 610|0x00000000e6200000, 0x00000000e6300000, 0x00000000e6300000|100%| E|CS|TAMS 0x00000000e6200000| PB 0x00000000e6200000| Complete 
| 611|0x00000000e6300000, 0x00000000e6400000, 0x00000000e6400000|100%| E|CS|TAMS 0x00000000e6300000| PB 0x00000000e6300000| Complete 
| 612|0x00000000e6400000, 0x00000000e6500000, 0x00000000e6500000|100%| E|CS|TAMS 0x00000000e6400000| PB 0x00000000e6400000| Complete 

Card table byte_map: [0x000002c71cb60000,0x000002c71cd60000] _byte_map_base: 0x000002c71c560000

Marking Bits: (CMBitMap*) 0x000002c7047fb5b0
 Bits: [0x000002c71cd60000, 0x000002c71dd60000)

Polling page: 0x000002c702840000

Metaspace:

Usage:
  Non-class:     18.44 MB used.
      Class:      3.36 MB used.
       Both:     21.80 MB used.

Virtual space:
  Non-class space:       64.00 MB reserved,      18.62 MB ( 29%) committed,  1 nodes.
      Class space:        1.00 GB reserved,       3.56 MB ( <1%) committed,  1 nodes.
             Both:        1.06 GB reserved,      22.19 MB (  2%) committed. 

Chunk freelists:
   Non-Class:  12.47 MB
       Class:  12.39 MB
        Both:  24.86 MB

MaxMetaspaceSize: unlimited
CompressedClassSpaceSize: 1.00 GB
Initial GC threshold: 21.00 MB
Current GC threshold: 36.25 MB
CDS: on
 - commit_granule_bytes: 65536.
 - commit_granule_words: 8192.
 - virtual_space_node_default_size: 8388608.
 - enlarge_chunks_in_place: 1.
 - use_allocation_guard: 0.


Internal statistics:

num_allocs_failed_limit: 15.
num_arena_births: 604.
num_arena_deaths: 172.
num_vsnodes_births: 2.
num_vsnodes_deaths: 0.
num_space_committed: 355.
num_space_uncommitted: 0.
num_chunks_returned_to_freelist: 273.
num_chunks_taken_from_freelist: 1653.
num_chunk_merges: 127.
num_chunk_splits: 970.
num_chunks_enlarged: 532.
num_inconsistent_stats: 0.

CodeHeap 'non-profiled nmethods': size=119168Kb used=4613Kb max_used=4613Kb free=114554Kb
 bounds [0x000002c714a50000, 0x000002c714ee0000, 0x000002c71beb0000]
CodeHeap 'profiled nmethods': size=119104Kb used=13936Kb max_used=13936Kb free=105167Kb
 bounds [0x000002c70ceb0000, 0x000002c70dc50000, 0x000002c714300000]
CodeHeap 'non-nmethods': size=7488Kb used=3106Kb max_used=3184Kb free=4381Kb
 bounds [0x000002c714300000, 0x000002c714630000, 0x000002c714a50000]
CodeCache: size=245760Kb, used=21655Kb, max_used=21733Kb, free=224102Kb
 total_blobs=7129, nmethods=6625, adapters=402, full_count=0
Compilation: enabled, stopped_count=0, restarted_count=0

Compilation events (20 events):
Event: 2.439 Thread 0x000002c7623f3000 6255       1       com.android.tools.r8.internal.ME::B (2 bytes)
Event: 2.439 Thread 0x000002c76217a550 5786       1       com.android.tools.r8.internal.VH::d (6 bytes)
Event: 2.439 Thread 0x000002c762338f30 6295       1       com.android.tools.r8.internal.X8::B (4 bytes)
Event: 2.439 Thread 0x000002c7623f3000 nmethod 6255 0x000002c714eb1e10 code [0x000002c714eb1fa0, 0x000002c714eb2070]
Event: 2.439 Thread 0x000002c7622ab770 nmethod 6970 0x000002c70dbfbb10 code [0x000002c70dbfbcc0, 0x000002c70dbfbe38]
Event: 2.439 Thread 0x000002c762338f30 nmethod 6295 0x000002c714eb2110 code [0x000002c714eb22a0, 0x000002c714eb2368]
Event: 2.439 Thread 0x000002c76217a550 nmethod 5786 0x000002c714eb2410 code [0x000002c714eb25a0, 0x000002c714eb2668]
Event: 2.439 Thread 0x000002c7623f3000 6974   !   3       java.util.AbstractSet::equals (45 bytes)
Event: 2.439 Thread 0x000002c7622ab770 6491       1       com.android.tools.r8.internal.Ur0::m2 (2 bytes)
Event: 2.439 Thread 0x000002c762338f30 6308       1       com.android.tools.r8.internal.S3::e1 (2 bytes)
Event: 2.439 Thread 0x000002c76217a550 6309       1       com.android.tools.r8.internal.S3::u2 (2 bytes)
Event: 2.439 Thread 0x000002c7622ab770 nmethod 6491 0x000002c714eb2710 code [0x000002c714eb28a0, 0x000002c714eb2968]
Event: 2.439 Thread 0x000002c762338f30 nmethod 6308 0x000002c714eb2a10 code [0x000002c714eb2ba0, 0x000002c714eb2c68]
Event: 2.439 Thread 0x000002c76217a550 nmethod 6309 0x000002c714eb2d10 code [0x000002c714eb2ea0, 0x000002c714eb2f68]
Event: 2.439 Thread 0x000002c762338f30 6312       1       com.android.tools.r8.internal.S3::r2 (3 bytes)
Event: 2.439 Thread 0x000002c7622ab770 6313       1       com.android.tools.r8.internal.S3::q2 (3 bytes)
Event: 2.439 Thread 0x000002c76217a550 5688       1       com.android.tools.r8.internal.zE::o (2 bytes)
Event: 2.439 Thread 0x000002c7622ab770 nmethod 6313 0x000002c714eb3010 code [0x000002c714eb31a0, 0x000002c714eb3268]
Event: 2.439 Thread 0x000002c762338f30 nmethod 6312 0x000002c714eb3310 code [0x000002c714eb34a0, 0x000002c714eb3568]
Event: 2.439 Thread 0x000002c76217a550 nmethod 5688 0x000002c714eb3610 code [0x000002c714eb37a0, 0x000002c714eb3868]

GC Heap History (20 events):
Event: 0.952 GC heap before
{Heap before GC invocations=4 (full 0):
 garbage-first heap   total 522240K, used 145920K [0x00000000c0000000, 0x0000000100000000)
  region size 1024K, 42 young (43008K), 13 survivors (13312K)
 Metaspace       used 8152K, committed 8512K, reserved 1114112K
  class space    used 1045K, committed 1216K, reserved 1048576K
}
Event: 0.957 GC heap after
{Heap after GC invocations=5 (full 0):
 garbage-first heap   total 522240K, used 125952K [0x00000000c0000000, 0x0000000100000000)
  region size 1024K, 6 young (6144K), 6 survivors (6144K)
 Metaspace       used 8152K, committed 8512K, reserved 1114112K
  class space    used 1045K, committed 1216K, reserved 1048576K
}
Event: 1.024 GC heap before
{Heap before GC invocations=5 (full 0):
 garbage-first heap   total 522240K, used 233472K [0x00000000c0000000, 0x0000000100000000)
  region size 1024K, 111 young (113664K), 6 survivors (6144K)
 Metaspace       used 8292K, committed 8640K, reserved 1114112K
  class space    used 1056K, committed 1216K, reserved 1048576K
}
Event: 1.033 GC heap after
{Heap after GC invocations=6 (full 0):
 garbage-first heap   total 522240K, used 152576K [0x00000000c0000000, 0x0000000100000000)
  region size 1024K, 14 young (14336K), 14 survivors (14336K)
 Metaspace       used 8292K, committed 8640K, reserved 1114112K
  class space    used 1056K, committed 1216K, reserved 1048576K
}
Event: 1.159 GC heap before
{Heap before GC invocations=6 (full 0):
 garbage-first heap   total 522240K, used 208896K [0x00000000c0000000, 0x0000000100000000)
  region size 1024K, 69 young (70656K), 14 survivors (14336K)
 Metaspace       used 10816K, committed 11136K, reserved 1114112K
  class space    used 1473K, committed 1600K, reserved 1048576K
}
Event: 1.166 GC heap after
{Heap after GC invocations=7 (full 0):
 garbage-first heap   total 522240K, used 164907K [0x00000000c0000000, 0x0000000100000000)
  region size 1024K, 9 young (9216K), 9 survivors (9216K)
 Metaspace       used 10816K, committed 11136K, reserved 1114112K
  class space    used 1473K, committed 1600K, reserved 1048576K
}
Event: 1.314 GC heap before
{Heap before GC invocations=7 (full 0):
 garbage-first heap   total 522240K, used 399403K [0x00000000c0000000, 0x0000000100000000)
  region size 1024K, 237 young (242688K), 9 survivors (9216K)
 Metaspace       used 10866K, committed 11200K, reserved 1114112K
  class space    used 1474K, committed 1600K, reserved 1048576K
}
Event: 1.327 GC heap after
{Heap after GC invocations=8 (full 0):
 garbage-first heap   total 522240K, used 215569K [0x00000000c0000000, 0x0000000100000000)
  region size 1024K, 30 young (30720K), 30 survivors (30720K)
 Metaspace       used 10866K, committed 11200K, reserved 1114112K
  class space    used 1474K, committed 1600K, reserved 1048576K
}
Event: 1.448 GC heap before
{Heap before GC invocations=8 (full 0):
 garbage-first heap   total 522240K, used 325137K [0x00000000c0000000, 0x0000000100000000)
  region size 1024K, 137 young (140288K), 30 survivors (30720K)
 Metaspace       used 13195K, committed 13504K, reserved 1114112K
  class space    used 1811K, committed 1984K, reserved 1048576K
}
Event: 1.459 GC heap after
{Heap after GC invocations=9 (full 0):
 garbage-first heap   total 627712K, used 241152K [0x00000000c0000000, 0x0000000100000000)
  region size 1024K, 18 young (18432K), 18 survivors (18432K)
 Metaspace       used 13195K, committed 13504K, reserved 1114112K
  class space    used 1811K, committed 1984K, reserved 1048576K
}
Event: 1.607 GC heap before
{Heap before GC invocations=9 (full 0):
 garbage-first heap   total 627712K, used 495104K [0x00000000c0000000, 0x0000000100000000)
  region size 1024K, 265 young (271360K), 18 survivors (18432K)
 Metaspace       used 13196K, committed 13504K, reserved 1114112K
  class space    used 1811K, committed 1984K, reserved 1048576K
}
Event: 1.620 GC heap after
{Heap after GC invocations=10 (full 0):
 garbage-first heap   total 627712K, used 302080K [0x00000000c0000000, 0x0000000100000000)
  region size 1024K, 34 young (34816K), 34 survivors (34816K)
 Metaspace       used 13196K, committed 13504K, reserved 1114112K
  class space    used 1811K, committed 1984K, reserved 1048576K
}
Event: 1.899 GC heap before
{Heap before GC invocations=10 (full 0):
 garbage-first heap   total 627712K, used 517120K [0x00000000c0000000, 0x0000000100000000)
  region size 1024K, 243 young (248832K), 34 survivors (34816K)
 Metaspace       used 14799K, committed 15232K, reserved 1114112K
  class space    used 2160K, committed 2368K, reserved 1048576K
}
Event: 1.911 GC heap after
{Heap after GC invocations=11 (full 0):
 garbage-first heap   total 627712K, used 344576K [0x00000000c0000000, 0x0000000100000000)
  region size 1024K, 31 young (31744K), 31 survivors (31744K)
 Metaspace       used 14799K, committed 15232K, reserved 1114112K
  class space    used 2160K, committed 2368K, reserved 1048576K
}
Event: 2.063 GC heap before
{Heap before GC invocations=11 (full 0):
 garbage-first heap   total 627712K, used 409088K [0x00000000c0000000, 0x0000000100000000)
  region size 1024K, 96 young (98304K), 31 survivors (31744K)
 Metaspace       used 21019K, committed 21504K, reserved 1114112K
  class space    used 3383K, committed 3584K, reserved 1048576K
}
Event: 2.070 GC heap after
{Heap after GC invocations=12 (full 0):
 garbage-first heap   total 627712K, used 353210K [0x00000000c0000000, 0x0000000100000000)
  region size 1024K, 6 young (6144K), 6 survivors (6144K)
 Metaspace       used 21019K, committed 21504K, reserved 1114112K
  class space    used 3383K, committed 3584K, reserved 1048576K
}
Event: 2.260 GC heap before
{Heap before GC invocations=12 (full 0):
 garbage-first heap   total 627712K, used 539578K [0x00000000c0000000, 0x0000000100000000)
  region size 1024K, 192 young (196608K), 6 survivors (6144K)
 Metaspace       used 21607K, committed 22272K, reserved 1114112K
  class space    used 3388K, committed 3648K, reserved 1048576K
}
Event: 2.262 GC heap after
{Heap after GC invocations=13 (full 0):
 garbage-first heap   total 627712K, used 348577K [0x00000000c0000000, 0x0000000100000000)
  region size 1024K, 4 young (4096K), 4 survivors (4096K)
 Metaspace       used 21607K, committed 22272K, reserved 1114112K
  class space    used 3388K, committed 3648K, reserved 1048576K
}
Event: 2.375 GC heap before
{Heap before GC invocations=14 (full 0):
 garbage-first heap   total 627712K, used 552353K [0x00000000c0000000, 0x0000000100000000)
  region size 1024K, 204 young (208896K), 4 survivors (4096K)
 Metaspace       used 21963K, committed 22400K, reserved 1114112K
  class space    used 3424K, committed 3648K, reserved 1048576K
}
Event: 2.377 GC heap after
{Heap after GC invocations=15 (full 0):
 garbage-first heap   total 627712K, used 349411K [0x00000000c0000000, 0x0000000100000000)
  region size 1024K, 5 young (5120K), 5 survivors (5120K)
 Metaspace       used 21963K, committed 22400K, reserved 1114112K
  class space    used 3424K, committed 3648K, reserved 1048576K
}

Dll operation events (7 events):
Event: 0.003 Loaded shared library C:\Program Files\Android\openjdk\jdk-21.0.8\bin\java.dll
Event: 0.017 Loaded shared library C:\Program Files\Android\openjdk\jdk-21.0.8\bin\jsvml.dll
Event: 0.025 Loaded shared library C:\Program Files\Android\openjdk\jdk-21.0.8\bin\net.dll
Event: 0.026 Loaded shared library C:\Program Files\Android\openjdk\jdk-21.0.8\bin\nio.dll
Event: 0.030 Loaded shared library C:\Program Files\Android\openjdk\jdk-21.0.8\bin\zip.dll
Event: 0.147 Loaded shared library C:\Program Files\Android\openjdk\jdk-21.0.8\bin\jimage.dll
Event: 0.613 Loaded shared library C:\Program Files\Android\openjdk\jdk-21.0.8\bin\verify.dll

Deoptimization events (20 events):
Event: 2.425 Thread 0x000002c7673aa0b0 DEOPT PACKING pc=0x000002c70d69c8c3 sp=0x000000ecb2efd570
Event: 2.425 Thread 0x000002c7673aa0b0 DEOPT UNPACKING pc=0x000002c714354e42 sp=0x000000ecb2efca18 mode 0
Event: 2.431 Thread 0x000002c762bcde20 DEOPT PACKING pc=0x000002c70d6524d1 sp=0x000000ecb45fdcd0
Event: 2.431 Thread 0x000002c762bcde20 DEOPT UNPACKING pc=0x000002c714354e42 sp=0x000000ecb45fd240 mode 0
Event: 2.431 Thread 0x000002c762bcccd0 DEOPT PACKING pc=0x000002c70d664d27 sp=0x000000ecb41fd400
Event: 2.431 Thread 0x000002c762bcccd0 DEOPT UNPACKING pc=0x000002c714354e42 sp=0x000000ecb41fc8f0 mode 0
Event: 2.432 Thread 0x000002c76717d470 Uncommon trap: trap_request=0xffffffde fr.pc=0x000002c714eadb90 relative=0x0000000000001af0
Event: 2.432 Thread 0x000002c76717d470 Uncommon trap: reason=class_check action=maybe_recompile pc=0x000002c714eadb90 method=com.android.tools.r8.internal.lo0.a(Lcom/android/tools/r8/internal/XL;)V @ 406 c2
Event: 2.432 Thread 0x000002c76717d470 DEOPT PACKING pc=0x000002c714eadb90 sp=0x000000ecb4bfdc20
Event: 2.432 Thread 0x000002c76717d470 DEOPT UNPACKING pc=0x000002c7143546a2 sp=0x000000ecb4bfdbf8 mode 2
Event: 2.432 Thread 0x000002c76717d470 Uncommon trap: trap_request=0xffffffde fr.pc=0x000002c714eadb90 relative=0x0000000000001af0
Event: 2.432 Thread 0x000002c76717d470 Uncommon trap: reason=class_check action=maybe_recompile pc=0x000002c714eadb90 method=com.android.tools.r8.internal.lo0.a(Lcom/android/tools/r8/internal/XL;)V @ 406 c2
Event: 2.432 Thread 0x000002c76717d470 DEOPT PACKING pc=0x000002c714eadb90 sp=0x000000ecb4bfdc20
Event: 2.432 Thread 0x000002c76717d470 DEOPT UNPACKING pc=0x000002c7143546a2 sp=0x000000ecb4bfdbf8 mode 2
Event: 2.433 Thread 0x000002c762bcfef0 DEOPT PACKING pc=0x000002c70d69c8c3 sp=0x000000ecb43fd510
Event: 2.433 Thread 0x000002c762bcfef0 DEOPT UNPACKING pc=0x000002c714354e42 sp=0x000000ecb43fc9b8 mode 0
Event: 2.438 Thread 0x000002c762ba2270 Uncommon trap: trap_request=0xffffffde fr.pc=0x000002c714ea916c relative=0x000000000000066c
Event: 2.438 Thread 0x000002c762ba2270 Uncommon trap: reason=class_check action=maybe_recompile pc=0x000002c714ea916c method=com.android.tools.r8.internal.ME.U0()Lcom/android/tools/r8/internal/ME; @ 73 c2
Event: 2.438 Thread 0x000002c762ba2270 DEOPT PACKING pc=0x000002c714ea916c sp=0x000000ecb40fd610
Event: 2.438 Thread 0x000002c762ba2270 DEOPT UNPACKING pc=0x000002c7143546a2 sp=0x000000ecb40fd5c8 mode 2

Classes loaded (20 events):
Event: 2.045 Loading class java/lang/reflect/ParameterizedType done
Event: 2.045 Loading class sun/reflect/generics/reflectiveObjects/ParameterizedTypeImpl done
Event: 2.045 Loading class sun/reflect/generics/reflectiveObjects/TypeVariableImpl
Event: 2.045 Loading class sun/reflect/generics/reflectiveObjects/LazyReflectiveObjectGenerator
Event: 2.045 Loading class sun/reflect/generics/reflectiveObjects/LazyReflectiveObjectGenerator done
Event: 2.045 Loading class sun/reflect/generics/reflectiveObjects/TypeVariableImpl done
Event: 2.062 Loading class java/util/stream/MatchOps$MatchKind
Event: 2.062 Loading class java/util/stream/MatchOps$MatchKind done
Event: 2.063 Loading class java/util/stream/MatchOps
Event: 2.063 Loading class java/util/stream/MatchOps done
Event: 2.063 Loading class java/util/stream/MatchOps$MatchOp
Event: 2.070 Loading class java/util/stream/MatchOps$MatchOp done
Event: 2.070 Loading class java/util/stream/MatchOps$BooleanTerminalSink
Event: 2.071 Loading class java/util/stream/MatchOps$BooleanTerminalSink done
Event: 2.073 Loading class java/util/stream/MatchOps$1MatchSink
Event: 2.074 Loading class java/util/stream/MatchOps$1MatchSink done
Event: 2.076 Loading class java/util/ComparableTimSort
Event: 2.078 Loading class java/util/ComparableTimSort done
Event: 2.337 Loading class java/util/ArrayList$ListItr
Event: 2.337 Loading class java/util/ArrayList$ListItr done

Classes unloaded (20 events):
Event: 2.182 Thread 0x000002c70224ca60 Unloading class 0x000002c722109000 'java/lang/invoke/LambdaForm$DMH+0x000002c722109000'
Event: 2.182 Thread 0x000002c70224ca60 Unloading class 0x000002c722108800 'java/lang/invoke/LambdaForm$DMH+0x000002c722108800'
Event: 2.182 Thread 0x000002c70224ca60 Unloading class 0x000002c722108400 'java/lang/invoke/LambdaForm$DMH+0x000002c722108400'
Event: 2.182 Thread 0x000002c70224ca60 Unloading class 0x000002c7220b4000 'java/lang/invoke/LambdaForm$DMH+0x000002c7220b4000'
Event: 2.182 Thread 0x000002c70224ca60 Unloading class 0x000002c7220b3c00 'java/lang/invoke/LambdaForm$DMH+0x000002c7220b3c00'
Event: 2.182 Thread 0x000002c70224ca60 Unloading class 0x000002c7220b3800 'java/lang/invoke/LambdaForm$DMH+0x000002c7220b3800'
Event: 2.182 Thread 0x000002c70224ca60 Unloading class 0x000002c7220b3400 'java/lang/invoke/LambdaForm$DMH+0x000002c7220b3400'
Event: 2.182 Thread 0x000002c70224ca60 Unloading class 0x000002c7220b3000 'java/lang/invoke/LambdaForm$DMH+0x000002c7220b3000'
Event: 2.182 Thread 0x000002c70224ca60 Unloading class 0x000002c7220b2c00 'java/lang/invoke/LambdaForm$DMH+0x000002c7220b2c00'
Event: 2.182 Thread 0x000002c70224ca60 Unloading class 0x000002c7220b2800 'java/lang/invoke/LambdaForm$DMH+0x000002c7220b2800'
Event: 2.182 Thread 0x000002c70224ca60 Unloading class 0x000002c7220b2400 'java/lang/invoke/LambdaForm$DMH+0x000002c7220b2400'
Event: 2.182 Thread 0x000002c70224ca60 Unloading class 0x000002c7220b2000 'java/lang/invoke/LambdaForm$DMH+0x000002c7220b2000'
Event: 2.182 Thread 0x000002c70224ca60 Unloading class 0x000002c7220b1c00 'java/lang/invoke/LambdaForm$DMH+0x000002c7220b1c00'
Event: 2.182 Thread 0x000002c70224ca60 Unloading class 0x000002c7220b1800 'java/lang/invoke/LambdaForm$DMH+0x000002c7220b1800'
Event: 2.182 Thread 0x000002c70224ca60 Unloading class 0x000002c7220b1400 'java/lang/invoke/LambdaForm$DMH+0x000002c7220b1400'
Event: 2.182 Thread 0x000002c70224ca60 Unloading class 0x000002c7220b1000 'java/lang/invoke/LambdaForm$DMH+0x000002c7220b1000'
Event: 2.182 Thread 0x000002c70224ca60 Unloading class 0x000002c7220b0c00 'java/lang/invoke/LambdaForm$DMH+0x000002c7220b0c00'
Event: 2.182 Thread 0x000002c70224ca60 Unloading class 0x000002c7220b0800 'java/lang/invoke/LambdaForm$DMH+0x000002c7220b0800'
Event: 2.182 Thread 0x000002c70224ca60 Unloading class 0x000002c7220b0400 'java/lang/invoke/LambdaForm$DMH+0x000002c7220b0400'
Event: 2.182 Thread 0x000002c70224ca60 Unloading class 0x000002c7220b0000 'java/lang/invoke/LambdaForm$DMH+0x000002c7220b0000'

Classes redefined (0 events):
No events

Internal exceptions (20 events):
Event: 1.965 Thread 0x000002c762bcd790 Exception <a 'java/lang/NoSuchMethodError'{0x00000000e5f3bf20}: 'java.lang.Object java.lang.invoke.DirectMethodHandle$Holder.invokeStaticInit(java.lang.Object, java.lang.Object, java.lang.Object, java.lang.Object)'> (0x00000000e5f3bf20) 
thrown [s\src\hotspot\share\interpreter\linkResolver.cpp, line 773]
Event: 1.967 Thread 0x000002c762bce4b0 Exception <a 'java/lang/NoSuchMethodError'{0x00000000e59503a8}: 'int java.lang.invoke.DirectMethodHandle$Holder.invokeSpecialIFC(java.lang.Object, java.lang.Object, java.lang.Object, java.lang.Object)'> (0x00000000e59503a8) 
thrown [s\src\hotspot\share\interpreter\linkResolver.cpp, line 773]
Event: 1.990 Thread 0x000002c762b9f780 Exception <a 'java/lang/NoSuchMethodError'{0x00000000e57c7fb8}: 'void java.lang.invoke.DirectMethodHandle$Holder.invokeVirtual(java.lang.Object, java.lang.Object, int)'> (0x00000000e57c7fb8) 
thrown [s\src\hotspot\share\interpreter\linkResolver.cpp, line 773]
Event: 1.990 Thread 0x000002c762bce4b0 Exception <a 'java/lang/NoSuchMethodError'{0x00000000e57fc510}: 'void java.lang.invoke.DirectMethodHandle$Holder.invokeVirtual(java.lang.Object, java.lang.Object, int)'> (0x00000000e57fc510) 
thrown [s\src\hotspot\share\interpreter\linkResolver.cpp, line 773]
Event: 1.990 Thread 0x000002c762bd0580 Exception <a 'java/lang/NoSuchMethodError'{0x00000000e5a37188}: 'void java.lang.invoke.DirectMethodHandle$Holder.invokeVirtual(java.lang.Object, java.lang.Object, int)'> (0x00000000e5a37188) 
thrown [s\src\hotspot\share\interpreter\linkResolver.cpp, line 773]
Event: 1.991 Thread 0x000002c762bcde20 Exception <a 'java/lang/NoSuchMethodError'{0x00000000e59248b8}: 'void java.lang.invoke.DirectMethodHandle$Holder.invokeVirtual(java.lang.Object, java.lang.Object, int)'> (0x00000000e59248b8) 
thrown [s\src\hotspot\share\interpreter\linkResolver.cpp, line 773]
Event: 1.997 Thread 0x000002c762bcd790 Exception <a 'java/lang/NoSuchMethodError'{0x00000000e561da40}: 'int java.lang.invoke.DirectMethodHandle$Holder.invokeSpecial(java.lang.Object, java.lang.Object, java.lang.Object, int, java.lang.Object)'> (0x00000000e561da40) 
thrown [s\src\hotspot\share\interpreter\linkResolver.cpp, line 773]
Event: 2.019 Thread 0x000002c7673aa0b0 Exception <a 'java/lang/NoSuchMethodError'{0x00000000e4de9bd8}: 'int java.lang.invoke.DirectMethodHandle$Holder.invokeInterface(java.lang.Object, java.lang.Object, int)'> (0x00000000e4de9bd8) 
thrown [s\src\hotspot\share\interpreter\linkResolver.cpp, line 773]
Event: 2.020 Thread 0x000002c7673af4d0 Exception <a 'java/lang/NoSuchMethodError'{0x00000000e4d80ec0}: 'int java.lang.invoke.DirectMethodHandle$Holder.invokeSpecial(java.lang.Object, java.lang.Object, int)'> (0x00000000e4d80ec0) 
thrown [s\src\hotspot\share\interpreter\linkResolver.cpp, line 773]
Event: 2.022 Thread 0x000002c7673aa0b0 Exception <a 'java/lang/NoSuchMethodError'{0x00000000e4df35c8}: 'void java.lang.invoke.DirectMethodHandle$Holder.invokeStatic(java.lang.Object, int)'> (0x00000000e4df35c8) 
thrown [s\src\hotspot\share\interpreter\linkResolver.cpp, line 773]
Event: 2.023 Thread 0x000002c762bcd790 Exception <a 'java/lang/NoSuchMethodError'{0x00000000e4b4e3c0}: 'void java.lang.invoke.DirectMethodHandle$Holder.invokeStatic(java.lang.Object, int)'> (0x00000000e4b4e3c0) 
thrown [s\src\hotspot\share\interpreter\linkResolver.cpp, line 773]
Event: 2.025 Thread 0x000002c7673aa710 Exception <a 'java/lang/NoSuchMethodError'{0x00000000e4af9db8}: 'java.lang.Object java.lang.invoke.DirectMethodHandle$Holder.invokeInterface(java.lang.Object, java.lang.Object, int)'> (0x00000000e4af9db8) 
thrown [s\src\hotspot\share\interpreter\linkResolver.cpp, line 773]
Event: 2.025 Thread 0x000002c7673af4d0 Exception <a 'java/lang/NoSuchMethodError'{0x00000000e4d9e1b0}: 'java.lang.Object java.lang.invoke.DirectMethodHandle$Holder.newInvokeSpecial(java.lang.Object, java.lang.Object, java.lang.Object, java.lang.Object, java.lang.Object, java.lang.Object, int)'> (0x00000000e4d9e1b0) 
thrown [s\src\hotspot\share\interpreter\linkResolver.cpp, line 773]
Event: 2.026 Thread 0x000002c7673af4d0 Exception <a 'java/lang/NoSuchMethodError'{0x00000000e47a7210}: 'java.lang.Object java.lang.invoke.DirectMethodHandle$Holder.invokeSpecial(java.lang.Object, java.lang.Object, java.lang.Object, java.lang.Object, java.lang.Object, java.lang.Object, java.lang.Object, int)'> (0x00000000e47a7210) 
thrown [s\src\hotspot\share\interpreter\linkResolver.cpp, line 773]
Event: 2.036 Thread 0x000002c7673aa710 Exception <a 'java/lang/NoSuchMethodError'{0x00000000e4564fa8}: 'java.lang.Object java.lang.invoke.DirectMethodHandle$Holder.invokeSpecialIFC(java.lang.Object, java.lang.Object, java.lang.Object, java.lang.Object)'> (0x00000000e4564fa8) 
thrown [s\src\hotspot\share\interpreter\linkResolver.cpp, line 773]
Event: 2.041 Thread 0x000002c762bcfef0 Exception <a 'java/lang/NoSuchMethodError'{0x00000000e439e420}: 'void java.lang.invoke.DirectMethodHandle$Holder.invokeSpecialIFC(java.lang.Object, java.lang.Object, java.lang.Object, java.lang.Object)'> (0x00000000e439e420) 
thrown [s\src\hotspot\share\interpreter\linkResolver.cpp, line 773]
Event: 2.061 Thread 0x000002c762bcfef0 Exception <a 'java/lang/NoSuchMethodError'{0x00000000e2600430}: 'java.lang.Object java.lang.invoke.DirectMethodHandle$Holder.newInvokeSpecial(java.lang.Object, java.lang.Object, java.lang.Object, java.lang.Object, int)'> (0x00000000e2600430) 
thrown [s\src\hotspot\share\interpreter\linkResolver.cpp, line 773]
Event: 2.061 Thread 0x000002c762bcfef0 Exception <a 'java/lang/NoSuchMethodError'{0x00000000e26044b0}: 'java.lang.Object java.lang.invoke.DirectMethodHandle$Holder.invokeSpecial(java.lang.Object, java.lang.Object, java.lang.Object, java.lang.Object, java.lang.Object, int)'> (0x00000000e26044b0) 
thrown [s\src\hotspot\share\interpreter\linkResolver.cpp, line 773]
Event: 2.062 Thread 0x000002c762bcfef0 Exception <a 'java/lang/NoSuchMethodError'{0x00000000e2607d40}: 'java.lang.Object java.lang.invoke.Invokers$Holder.linkToTargetMethod(java.lang.Object, java.lang.Object, java.lang.Object, int, java.lang.Object)'> (0x00000000e2607d40) 
thrown [s\src\hotspot\share\interpreter\linkResolver.cpp, line 773]
Event: 2.332 Thread 0x000002c762b9f780 Exception <a 'java/lang/NoSuchMethodError'{0x00000000df9b19b0}: 'java.lang.Object java.lang.invoke.DirectMethodHandle$Holder.newInvokeSpecial(java.lang.Object, java.lang.Object, java.lang.Object, java.lang.Object, java.lang.Object, java.lang.Object, java.lang.Object)'> (0x00000000df9b19b0) 
thrown [s\src\hotspot\share\interpreter\linkResolver.cpp, line 773]

ZGC Phase Switch (0 events):
No events

VM Operations (20 events):
Event: 2.312 Executing VM operation: ICBufferFull done
Event: 2.315 Executing VM operation: ICBufferFull
Event: 2.315 Executing VM operation: ICBufferFull done
Event: 2.340 Executing VM operation: HandshakeAllThreads (Deoptimize)
Event: 2.340 Executing VM operation: HandshakeAllThreads (Deoptimize) done
Event: 2.343 Executing VM operation: ICBufferFull
Event: 2.344 Executing VM operation: ICBufferFull done
Event: 2.344 Executing VM operation: ICBufferFull
Event: 2.344 Executing VM operation: ICBufferFull done
Event: 2.344 Executing VM operation: ICBufferFull
Event: 2.344 Executing VM operation: ICBufferFull done
Event: 2.345 Executing VM operation: ICBufferFull
Event: 2.345 Executing VM operation: ICBufferFull done
Event: 2.375 Executing VM operation: ICBufferFull
Event: 2.375 Executing VM operation: ICBufferFull done
Event: 2.375 Executing VM operation: G1CollectForAllocation (G1 Evacuation Pause)
Event: 2.377 Executing VM operation: G1CollectForAllocation (G1 Evacuation Pause) done
Event: 2.415 Executing VM operation: ICBufferFull
Event: 2.415 Executing VM operation: ICBufferFull done
Event: 2.445 Executing VM operation: ICBufferFull

Memory protections (0 events):
No events

Nmethod flushes (0 events):
No events

Events (20 events):
Event: 0.611 Thread 0x000002c762b9f780 Thread added: 0x000002c762ba2270
Event: 0.611 Thread 0x000002c762b9bd00 Thread added: 0x000002c762bcccd0
Event: 0.612 Thread 0x000002c702265ef0 Thread added: 0x000002c762bcf860
Event: 0.612 Thread 0x000002c762ba2270 Thread added: 0x000002c762bcfef0
Event: 0.612 Thread 0x000002c762bcccd0 Thread added: 0x000002c762bd0580
Event: 0.612 Thread 0x000002c762bcf860 Thread added: 0x000002c762bcde20
Event: 0.612 Thread 0x000002c762bd0580 Thread added: 0x000002c762bcf1d0
Event: 0.612 Thread 0x000002c762bcfef0 Thread added: 0x000002c762bce4b0
Event: 0.612 Thread 0x000002c762bcf1d0 Thread added: 0x000002c762bd0c10
Event: 0.612 Thread 0x000002c762bce4b0 Thread added: 0x000002c762bcd790
Event: 0.612 Thread 0x000002c702265ef0 Thread added: 0x000002c762bceb40
Event: 0.613 Thread 0x000002c762bcde20 Thread added: 0x000002c76717d470
Event: 0.615 Thread 0x000002c7623df250 Thread added: 0x000002c767534580
Event: 0.628 Thread 0x000002c76217a550 Thread added: 0x000002c7670f73c0
Event: 0.661 Thread 0x000002c76217a550 Thread added: 0x000002c76746f7b0
Event: 0.665 Thread 0x000002c7622ab770 Thread added: 0x000002c76746d860
Event: 0.665 Thread 0x000002c7622ab770 Thread added: 0x000002c76759a9b0
Event: 0.670 Thread 0x000002c76217a550 Thread added: 0x000002c767472620
Event: 1.683 Thread 0x000002c767472620 Thread exited: 0x000002c767472620
Event: 1.737 Thread 0x000002c76217a550 Thread added: 0x000002c767472620


Dynamic libraries:
0x00007ff77ee30000 - 0x00007ff77ee3e000 	C:\Program Files\Android\openjdk\jdk-21.0.8\bin\java.exe
0x00007fff14940000 - 0x00007fff14ba7000 	C:\Windows\SYSTEM32\ntdll.dll
0x00007fff132b0000 - 0x00007fff1337b000 	C:\Windows\System32\KERNEL32.DLL
0x00007fff11d00000 - 0x00007fff12102000 	C:\Windows\System32\KERNELBASE.dll
0x00007fff12500000 - 0x00007fff1264c000 	C:\Windows\System32\ucrtbase.dll
0x00007ffeb1dc0000 - 0x00007ffeb1dd8000 	C:\Program Files\Android\openjdk\jdk-21.0.8\bin\jli.dll
0x00007ffeb1d10000 - 0x00007ffeb1d2e000 	C:\Program Files\Android\openjdk\jdk-21.0.8\bin\VCRUNTIME140.dll
0x00007fff145e0000 - 0x00007fff147af000 	C:\Windows\System32\USER32.dll
0x00007ffefdf10000 - 0x00007ffefe1a0000 	C:\Windows\WinSxS\amd64_microsoft.windows.common-controls_6595b64144ccf1df_6.0.26100.9278_none_3e0d1ba8e3303201\COMCTL32.dll
0x00007fff12110000 - 0x00007fff12137000 	C:\Windows\System32\win32u.dll
0x00007fff13820000 - 0x00007fff138c9000 	C:\Windows\System32\msvcrt.dll
0x00007fff12ee0000 - 0x00007fff12f0b000 	C:\Windows\System32\GDI32.dll
0x00007fff11b40000 - 0x00007fff11c69000 	C:\Windows\System32\gdi32full.dll
0x00007fff122c0000 - 0x00007fff12363000 	C:\Windows\System32\msvcp_win.dll
0x00007fff148c0000 - 0x00007fff148f1000 	C:\Windows\System32\IMM32.DLL
0x00007ffeb1d00000 - 0x00007ffeb1d0c000 	C:\Program Files\Android\openjdk\jdk-21.0.8\bin\vcruntime140_1.dll
0x00007ffe080d0000 - 0x00007ffe08159000 	C:\Program Files\Android\openjdk\jdk-21.0.8\bin\msvcp140.dll
0x00007ffdb2970000 - 0x00007ffdb371c000 	C:\Program Files\Android\openjdk\jdk-21.0.8\bin\server\jvm.dll
0x00007fff12fd0000 - 0x00007fff1308c000 	C:\Windows\System32\ADVAPI32.dll
0x00007fff12e30000 - 0x00007fff12ed9000 	C:\Windows\System32\sechost.dll
0x00007fff134e0000 - 0x00007fff135f8000 	C:\Windows\System32\RPCRT4.dll
0x00007fff127c0000 - 0x00007fff12840000 	C:\Windows\System32\WS2_32.dll
0x00007fff119a0000 - 0x00007fff119fe000 	C:\Windows\SYSTEM32\POWRPROF.dll
0x00007fff083d0000 - 0x00007fff08406000 	C:\Windows\SYSTEM32\WINMM.dll
0x00007ffefdc30000 - 0x00007ffefdc3b000 	C:\Windows\SYSTEM32\VERSION.dll
0x00007fff11980000 - 0x00007fff11995000 	C:\Windows\SYSTEM32\UMPDC.dll
0x00007fff10810000 - 0x00007fff1082b000 	C:\Windows\SYSTEM32\kernel.appcore.dll
0x00007ffeb1cf0000 - 0x00007ffeb1cfa000 	C:\Program Files\Android\openjdk\jdk-21.0.8\bin\jimage.dll
0x00007ffefe2f0000 - 0x00007ffefe53c000 	C:\Windows\SYSTEM32\DBGHELP.DLL
0x00007fff139b0000 - 0x00007fff13d35000 	C:\Windows\System32\combase.dll
0x00007fff12ce0000 - 0x00007fff12db9000 	C:\Windows\System32\OLEAUT32.dll
0x00007ffef98b0000 - 0x00007ffef98eb000 	C:\Windows\SYSTEM32\dbgcore.DLL
0x00007fff12200000 - 0x00007fff122ac000 	C:\Windows\System32\bcryptPrimitives.dll
0x00007ffe47050000 - 0x00007ffe47071000 	C:\Program Files\Android\openjdk\jdk-21.0.8\bin\java.dll
0x00007fff13e40000 - 0x00007fff145d8000 	C:\Windows\System32\SHELL32.dll
0x00007fff0f5e0000 - 0x00007fff0fe8e000 	C:\Windows\SYSTEM32\windows.storage.dll
0x00007fff12670000 - 0x00007fff1276b000 	C:\Windows\System32\SHCORE.dll
0x00007fff12dc0000 - 0x00007fff12e26000 	C:\Windows\System32\shlwapi.dll
0x00007fff11a60000 - 0x00007fff11a89000 	C:\Windows\SYSTEM32\profapi.dll
0x00007ffdd8860000 - 0x00007ffdd8936000 	C:\Program Files\Android\openjdk\jdk-21.0.8\bin\jsvml.dll
0x00007ffe47030000 - 0x00007ffe47041000 	C:\Program Files\Android\openjdk\jdk-21.0.8\bin\net.dll
0x00007fff08070000 - 0x00007fff0819a000 	C:\Windows\SYSTEM32\WINHTTP.dll
0x00007fff10dd0000 - 0x00007fff10e3c000 	C:\Windows\system32\mswsock.dll
0x00007ffe47010000 - 0x00007ffe47026000 	C:\Program Files\Android\openjdk\jdk-21.0.8\bin\nio.dll
0x00007ffe17390000 - 0x00007ffe173a8000 	C:\Program Files\Android\openjdk\jdk-21.0.8\bin\zip.dll
0x00007ffe46df0000 - 0x00007ffe46e00000 	C:\Program Files\Android\openjdk\jdk-21.0.8\bin\verify.dll

JVMTI agents: none

dbghelp: loaded successfully - version: 4.0.5 - missing functions: none
symbol engine: initialized successfully - sym options: 0x614 - pdb path: .;C:\Program Files\Android\openjdk\jdk-21.0.8\bin;C:\Windows\SYSTEM32;C:\Windows\WinSxS\amd64_microsoft.windows.common-controls_6595b64144ccf1df_6.0.26100.9278_none_3e0d1ba8e3303201;C:\Program Files\Android\openjdk\jdk-21.0.8\bin\server

VM Arguments:
jvm_args: -Xmx1G 
java_command: com.android.tools.r8.D8 --debug --min-api 24 --output obj\LocalDebug\net10.0-android\android\bin\ --lib C:\Program Files (x86)\Android\android-sdk\platforms\android-36\android.jar obj\LocalDebug\net10.0-android\android\bin\classes.zip C:\Program Files\dotnet\packs\Microsoft.Android.Ref.36\36.1.69\ref\net10.0\mono.android.jar C:\Program Files\dotnet\packs\Microsoft.Android.Sdk.Windows\36.1.69\tools\\java_runtime_clr.jar C:\Users\owner\.nuget\packages\xamarin.androidx.annotation.jvm\1.9.1.5\buildTransitive\net10.0-android35.0\..\..\jar\androidx.annotation.annotation-jvm.jar C:\Users\owner\.nuget\packages\xamarin.androidx.collection.jvm\1.5.0.3\buildTransitive\net10.0-android35.0\..\..\jar\androidx.collection.collection-jvm.jar C:\Users\owner\.nuget\packages\xamarin.androidx.annotation\1.9.1.5\buildTransitive\net10.0-android35.0\..\..\jar\androidx.annotation.annotation.jar C:\Users\owner\.nuget\packages\xamarin.androidx.collection\1.5.0.3\buildTransitive\net10.0-android35.0\..\..\jar\androidx.collection.collection.jar C:\Users\owner\.nuget\packages\xamarin.androidx.concurrent.futures\1.3.0.1\buildTransitive\net10.0-android35.0\..\..\jar\androidx.concurrent.concurrent-futures.jar C:\Users\owner\.nuget\packages\xamarin.androidx.lifecycle.common.jvm\2.9.2.1\buildTransitive\net10.0-android35.0\..\..\jar\androidx.lifecycle.lifecycle-common-jvm.jar C:\Users\owner\.nuget\packages\xamarin.androidx.lifecycle.common\2.9.2.1\buildTransitive\net10.0-android35.0\..\..\jar\androidx.lifecycle.lifecycle-common.jar C:\Users\owner\.nuget\packages\xamarin.androidx.arch.core.common\2.2.0.18\buildTransitive\net10.0-android35.0\..\..\jar\androidx.arch.core.core-common.jar C:\Users\owner\.nuget\packages\xamarin.androidx.resourceinspection.annotation\1.0.1.22\buildTransitive\net10.0-android35.0\..\..\jar\androidx.resourceinspection.resourceinspection-annotation.jar C:\Users\owner\.nuget\packages\xamarin.androidx.constraintlayout.core\1.1.1.3\buildTransitive\net10.0-android35.0
java_class_path (initial): C:\Program Files\dotnet\packs\Microsoft.Android.Sdk.Windows\36.1.69\tools\r8.jar
Launcher Type: SUN_STANDARD

[Global flags]
     intx CICompilerCount                          = 12                                        {product} {ergonomic}
     uint ConcGCThreads                            = 4                                         {product} {ergonomic}
     uint G1ConcRefinementThreads                  = 15                                        {product} {ergonomic}
   size_t G1HeapRegionSize                         = 1048576                                   {product} {ergonomic}
    uintx GCDrainStackTargetSize                   = 64                                        {product} {ergonomic}
   size_t InitialHeapSize                          = 534773760                                 {product} {ergonomic}
   size_t MarkStackSize                            = 4194304                                   {product} {ergonomic}
   size_t MaxHeapSize                              = 1073741824                                {product} {command line}
   size_t MaxNewSize                               = 643825664                                 {product} {ergonomic}
   size_t MinHeapDeltaBytes                        = 1048576                                   {product} {ergonomic}
   size_t MinHeapSize                              = 8388608                                   {product} {ergonomic}
    uintx NonNMethodCodeHeapSize                   = 7602480                                {pd product} {ergonomic}
    uintx NonProfiledCodeHeapSize                  = 122027880                              {pd product} {ergonomic}
    uintx ProfiledCodeHeapSize                     = 122027880                              {pd product} {ergonomic}
    uintx ReservedCodeCacheSize                    = 251658240                              {pd product} {ergonomic}
     bool SegmentedCodeCache                       = true                                      {product} {ergonomic}
   size_t SoftMaxHeapSize                          = 1073741824                             {manageable} {ergonomic}
     bool UseCompressedOops                        = true                           {product lp64_product} {ergonomic}
     bool UseG1GC                                  = true                                      {product} {ergonomic}
     bool UseLargePagesIndividualAllocation        = false                                  {pd product} {ergonomic}

Logging:
Log output configuration:
 #0: stdout all=warning uptime,level,tags foldmultilines=false
 #1: stderr all=off uptime,level,tags foldmultilines=false

Environment Variables:
PATH=C:\Program Files\Android\openjdk\jdk-21.0.8\bin;C:\Program Files\WindowsApps\Microsoft.PowerShell_7.6.6.0_x64__8wekyb3d8bbwe;C:/Users/owner/.gemini/antigravity-ide/bin;C:\WINDOWS\system32;C:\WINDOWS;C:\WINDOWS\System32\Wbem;C:\WINDOWS\System32\WindowsPowerShell\v1.0\;C:\WINDOWS\System32\OpenSSH\;C:\Program Files\Microsoft SQL Server\170\Tools\Binn\;C:\Program Files\Microsoft SQL Server\Client SDK\ODBC\170\Tools\Binn\;C:\WINDOWS\AtlasModules;C:\WINDOWS\AtlasModules\Tools;C:\WINDOWS\AtlasModules\Scripts;C:\Program Files\Netbird\;C:\Users\owner\AppData\Local\Microsoft\WindowsApps;C:\Users\owner\.dotnet\tools;C:\Program Files\Microsoft Visual Studio\18\Enterprise\MSBuild\Microsoft\VisualStudio\NodeJs\;C:\Windows\AtlasModules;C:\Windows\AtlasModules\Tools;C:\Windows\AtlasModules\Scripts;C:\Program Files (x86)\ZeroTier\One\;C:\Program Files\GitHub CLI\;C:\Program Files (x86)\Windows Kits\10\Windows Performance Toolkit\;C:\Program Files\dotnet\;C:\Program Files\Git\cmd;C:\Users\owner\AppData\Roaming\npm;C:\Users\owner\AppData\Local\codegraph\current\bin;C:\Users\owner\AppData\Local\Microsoft\WindowsApps;C:\Users\owner\.dotnet\tools;;C:\Program Files\Microsoft Visual Studio\18\Enterprise\MSBuild\Microsoft\VisualStudio\NodeJs\;C:\Users\owner\AppData\Local\Microsoft\WinGet\Packages\Kubernetes.kubectl_Microsoft.Winget.Source_8wekyb3d8bbwe;C:\Users\owner\AppData\Local\Programs\Microsoft VS Code\bin;C:\Users\owner\AppData\Local\Microsoft\WinGet\Packages\SST.opencode_Microsoft.Winget.Source_8wekyb3d8bbwe;C:\Users\owner\AppData\Local\Microsoft\WinGet\Packages\Sidero.talosctl_Microsoft.Winget.Source_8wekyb3d8bbwe;C:\Users\owner\AppData\Local\Microsoft\WinGet\Packages\Rufus.Rufus_Microsoft.Winget.Source_8wekyb3d8bbwe;C:\Users\owner\.dotnet\tools;C:\Users\owner\AppData\Local\Programs\Stretchly\bin;C:\Users\owner\AppData\Local\Programs\Antigravity IDE\bin;C:\Users\owner\AppData\Local\Microsoft\WinGet\Packages\Google.AntigravityCLI_Microsoft.Winget.Source_8wekyb3d8bbwe;
USERNAME=owner
OS=Windows_NT
PROCESSOR_IDENTIFIER=Intel64 Family 6 Model 183 Stepping 1, GenuineIntel
TMP=C:\Users\owner\AppData\Local\Temp
TEMP=C:\Users\owner\AppData\Local\Temp




Periodic native trim disabled

---------------  S Y S T E M  ---------------

OS:
 Windows 11 , 64 bit Build 26100 (10.0.26100.9444)
OS uptime: 0 days 11:19 hours

CPU: total 20 (initial active 20) (10 cores per cpu, 2 threads per core) family 6 model 183 stepping 1 microcode 0x12b, cx8, cmov, fxsr, ht, mmx, 3dnowpref, sse, sse2, sse3, ssse3, sse4.1, sse4.2, popcnt, lzcnt, tsc, tscinvbit, avx, avx2, aes, erms, clmul, bmi1, bmi2, adx, sha, fma, vzeroupper, clflush, clflushopt, clwb, serialize, rdtscp, rdpid, fsrm, f16c, pku, cet_ibt, cet_ss
Processor Information for the first 20 processors :
  Max Mhz: 3500, Current Mhz: 3500, Mhz Limit: 3500

Memory: 4k page, system-wide physical 32544M (7246M free)
TotalPageFile size 32544M (AvailPageFile size 25M)
current process WorkingSet (physical memory assigned to process): 796M, peak: 811M
current process commit charge ("private bytes"): 860M, peak: 875M

vm_info: OpenJDK 64-Bit Server VM (21.0.8+9-LTS) for windows-amd64 JRE (21.0.8+9-LTS), built on 2025-07-10T20:22:44Z by "MicrosoftCorporation" with unknown MS VC++:1944

END.
