version 2
JvmtiExport can_access_local_variables 0
JvmtiExport can_hotswap_or_post_breakpoint 0
JvmtiExport can_post_on_exceptions 0
# 738 ciObject found
instanceKlass com/android/tools/r8/internal/RY
ciInstanceKlass java/lang/Cloneable 1 0 7 100 1 100 1 1 1
# instanceKlass com/android/tools/r8/internal/fp$$Lambda+0x000002c72210a220
# instanceKlass com/android/tools/r8/internal/fp$$Lambda+0x000002c72210a000
# instanceKlass com/android/tools/r8/internal/fp$$Lambda+0x000002c722127de0
# instanceKlass com/android/tools/r8/internal/hp$$Lambda+0x000002c722127bc0
# instanceKlass com/android/tools/r8/internal/hp$$Lambda+0x000002c7221279a0
# instanceKlass com/android/tools/r8/internal/hp$$Lambda+0x000002c722127780
# instanceKlass com/android/tools/r8/internal/hp$$Lambda+0x000002c722127560
# instanceKlass com/android/tools/r8/internal/Zo$$Lambda+0x000002c722127340
# instanceKlass com/android/tools/r8/internal/Zo$$Lambda+0x000002c722127120
instanceKlass  @bci com/android/tools/r8/internal/Zo a (Lcom/android/tools/r8/internal/Up;Lcom/android/tools/r8/internal/xf;)I 6 <appendix> argL0 ; # com/android/tools/r8/internal/Zo$$Lambda+0x000002c722126f00
instanceKlass  @bci com/android/tools/r8/internal/TY a (Ljava/util/HashSet;Ljava/util/HashMap;Ljava/util/HashSet;)Lcom/android/tools/r8/internal/rv; 39 <appendix> member <vmtarget> ; # com/android/tools/r8/internal/TY$$Lambda+0x000002c722126ca8
instanceKlass  @bci com/android/tools/r8/internal/TY a (Lcom/android/tools/r8/internal/Y5;Ljava/util/HashSet;Ljava/util/HashMap;)V 285 <appendix> argL0 ; # com/android/tools/r8/internal/TY$$Lambda+0x000002c72212bdd0
# instanceKlass com/android/tools/r8/internal/I9$$Lambda+0x000002c722126470
instanceKlass  @bci com/android/tools/r8/internal/I9 a (Lcom/android/tools/r8/internal/du0;Lcom/android/tools/r8/internal/I9;Lcom/android/tools/r8/internal/H70;)Lcom/android/tools/r8/internal/I9; 3 <appendix> member <vmtarget> ; # com/android/tools/r8/internal/I9$$Lambda+0x000002c722126238
instanceKlass  @bci com/android/tools/r8/internal/US a (Lcom/android/tools/r8/internal/tU;ILcom/android/tools/r8/internal/Kf0;Lcom/android/tools/r8/internal/Kf0;)V 92 <adapter> ; # java/lang/invoke/LambdaForm$MH+0x000002c722108400
# instanceKlass com/android/tools/r8/internal/I9$$Lambda+0x000002c722126000
# instanceKlass java/lang/invoke/LambdaForm$DMH+0x000002c722124400
instanceKlass  @bci com/android/tools/r8/internal/I9 a (Ljava/util/function/BiFunction;Ljava/util/function/BiFunction;)Lcom/android/tools/r8/internal/I9; 3 <appendix> member <vmtarget> ; # com/android/tools/r8/internal/I9$$Lambda+0x000002c72212bb98
instanceKlass  @bci com/android/tools/r8/internal/US a (Lcom/android/tools/r8/internal/tU;ILcom/android/tools/r8/internal/Kf0;Lcom/android/tools/r8/internal/Kf0;)V 92 <appendix> form vmentry <vmtarget> ; # java/lang/invoke/LambdaForm$DMH+0x000002c722128c00
instanceKlass  @bci com/android/tools/r8/internal/US a (Lcom/android/tools/r8/internal/tU;ILcom/android/tools/r8/internal/Kf0;Lcom/android/tools/r8/internal/Kf0;)V 92 <appendix> member <vmtarget> ; # com/android/tools/r8/internal/US$$Lambda+0x000002c72212af88
instanceKlass  @bci com/android/tools/r8/internal/I9 a (Lcom/android/tools/r8/internal/du0;Ljava/util/function/BiFunction;)Lcom/android/tools/r8/internal/I9; 2 <appendix> member <vmtarget> ; # com/android/tools/r8/internal/I9$$Lambda+0x000002c72212ad50
instanceKlass  @cpi com/android/tools/r8/internal/US 1596 form vmentry <vmtarget> ; # java/lang/invoke/LambdaForm$DMH+0x000002c722148400
instanceKlass  @bci com/android/tools/r8/internal/nb a (Lcom/android/tools/r8/internal/I9;Lcom/android/tools/r8/graph/y;Lcom/android/tools/r8/internal/P8;)Lcom/android/tools/r8/internal/I9; 130 <appendix> member <vmtarget> ; # com/android/tools/r8/internal/nb$$Lambda+0x000002c72212ab18
instanceKlass  @bci com/android/tools/r8/internal/lo0 a (Ljava/util/List;Lcom/android/tools/r8/ir/optimize/a;Lcom/android/tools/r8/internal/V6;Ljava/util/Map$Entry;)V 252 <appendix> member <vmtarget> ; # com/android/tools/r8/internal/lo0$$Lambda+0x000002c72212a8c0
instanceKlass  @bci com/android/tools/r8/internal/nb a (Lcom/android/tools/r8/internal/I9;Lcom/android/tools/r8/graph/y;Lcom/android/tools/r8/internal/P8;)Lcom/android/tools/r8/internal/I9; 124 <appendix> member <vmtarget> ; # com/android/tools/r8/internal/nb$$Lambda+0x000002c72212a698
instanceKlass com/android/tools/r8/internal/hb
instanceKlass  @bci com/android/tools/r8/internal/kb h ()Ljava/lang/Iterable; 22 <appendix> argL0 ; # com/android/tools/r8/internal/kb$$Lambda+0x000002c72212a250
instanceKlass  @bci com/android/tools/r8/internal/kb h ()Ljava/lang/Iterable; 12 <appendix> argL0 ; # com/android/tools/r8/internal/kb$$Lambda+0x000002c72212a000
instanceKlass  @bci com/android/tools/r8/internal/kb a (I)Lcom/android/tools/r8/internal/q70; 31 <appendix> member <vmtarget> ; # com/android/tools/r8/internal/kb$$Lambda+0x000002c7220b3da8
instanceKlass  @bci com/android/tools/r8/internal/XR a (Lcom/android/tools/r8/internal/PR;Lcom/android/tools/r8/graph/B2;Lcom/android/tools/r8/internal/UR;)Lcom/android/tools/r8/graph/G; 1233 <appendix> member <vmtarget> ; # com/android/tools/r8/internal/XR$$Lambda+0x000002c7220b3b80
instanceKlass  @bci com/android/tools/r8/internal/XR a (Lcom/android/tools/r8/internal/PR;Lcom/android/tools/r8/graph/B2;Lcom/android/tools/r8/internal/UR;)Lcom/android/tools/r8/graph/G; 1227 <appendix> member <vmtarget> ; # com/android/tools/r8/internal/XR$$Lambda+0x000002c7220b3958
instanceKlass  @bci com/android/tools/r8/internal/kx a (Lcom/android/tools/r8/internal/zx0;)Lcom/android/tools/r8/internal/zx0; 83 <appendix> argL0 ; # com/android/tools/r8/internal/kx$$Lambda+0x000002c7220b3708
instanceKlass  @bci com/android/tools/r8/internal/lx a (Lcom/android/tools/r8/internal/zx0;)Z 1 <appendix> argL0 ; # com/android/tools/r8/internal/lx$$Lambda+0x000002c7220b34b8
instanceKlass  @bci com/android/tools/r8/internal/lx a (Lcom/android/tools/r8/internal/sB;Lcom/android/tools/r8/internal/a6;Lcom/android/tools/r8/internal/d00;Lcom/android/tools/r8/internal/zx0;Lcom/android/tools/r8/internal/kx;)Lcom/android/tools/r8/internal/zx0; 34 <appendix> argL0 ; # com/android/tools/r8/internal/lx$$Lambda+0x000002c7220b3268
instanceKlass  @bci com/android/tools/r8/internal/kx <init> (Lcom/android/tools/r8/internal/QJ$o;Lcom/android/tools/r8/internal/f00;)V 117 <appendix> argL0 ; # com/android/tools/r8/internal/kx$$Lambda+0x000002c7220b3018
instanceKlass com/android/tools/r8/internal/qF
instanceKlass com/android/tools/r8/internal/kF
instanceKlass com/android/tools/r8/internal/sF
instanceKlass  @bci com/android/tools/r8/internal/sB y ()V 373 <appendix> member <vmtarget> ; # com/android/tools/r8/internal/sB$$Lambda+0x000002c7220b24f0
instanceKlass  @bci com/android/tools/r8/internal/xB b (Lcom/android/tools/r8/graph/K5;Lcom/android/tools/r8/internal/Z40;Lcom/android/tools/r8/internal/RX;Lcom/android/tools/r8/internal/Lf;Lcom/android/tools/r8/internal/sX$a;Lcom/android/tools/r8/internal/at0;)Lcom/android/tools/r8/internal/at0; 35 <appendix> member <vmtarget> ; # com/android/tools/r8/internal/xB$$Lambda+0x000002c7220b17b0
instanceKlass  @bci com/android/tools/r8/internal/lu b ()Lcom/android/tools/r8/graph/G; 78 <appendix> member <vmtarget> ; # com/android/tools/r8/internal/lu$$Lambda+0x000002c7220b1578
instanceKlass  @bci com/android/tools/r8/internal/o5 a (Lcom/android/tools/r8/graph/y;Lcom/android/tools/r8/synthesis/M;)V 46 <appendix> member <vmtarget> ; # com/android/tools/r8/internal/o5$$Lambda+0x000002c7220b0f38
instanceKlass  @bci com/android/tools/r8/internal/o5 a (Lcom/android/tools/r8/graph/y;Lcom/android/tools/r8/graph/K5;Lcom/android/tools/r8/internal/n5;Ljava/util/function/Supplier;)Lcom/android/tools/r8/graph/K5; 27 <appendix> member <vmtarget> ; # com/android/tools/r8/internal/o5$$Lambda+0x000002c7220b0d00
instanceKlass  @bci com/android/tools/r8/internal/o5 a (Lcom/android/tools/r8/graph/y;Lcom/android/tools/r8/graph/K5;Lcom/android/tools/r8/internal/n5;Ljava/util/function/Supplier;)Lcom/android/tools/r8/graph/K5; 11 <appendix> argL0 ; # com/android/tools/r8/internal/o5$$Lambda+0x000002c7220b0ae0
instanceKlass  @bci com/android/tools/r8/internal/o5 a (Lcom/android/tools/r8/graph/y;Lcom/android/tools/r8/graph/K5;Lcom/android/tools/r8/internal/n5;Lcom/android/tools/r8/internal/Lf;Lcom/android/tools/r8/graph/u1;Ljava/util/LinkedHashMap;Lcom/android/tools/r8/graph/B2;)Lcom/android/tools/r8/graph/i0; 24 <appendix> member <vmtarget> ; # com/android/tools/r8/internal/o5$$Lambda+0x000002c7220b08b8
instanceKlass  @bci com/android/tools/r8/internal/o5 a (Lcom/android/tools/r8/graph/u1;Lcom/android/tools/r8/graph/y;Lcom/android/tools/r8/graph/K5;Lcom/android/tools/r8/internal/n5;Lcom/android/tools/r8/internal/Lf;Ljava/util/LinkedHashMap;Lcom/android/tools/r8/synthesis/M;)V 54 <appendix> member <vmtarget> ; # com/android/tools/r8/internal/o5$$Lambda+0x000002c7220b0468
instanceKlass  @bci com/android/tools/r8/internal/tf b (Lcom/android/tools/r8/internal/sB;)Lcom/android/tools/r8/internal/De; 514 <appendix> argL0 ; # com/android/tools/r8/internal/tf$$Lambda+0x000002c7220b0238
instanceKlass  @bci com/android/tools/r8/internal/o5 a (Lcom/android/tools/r8/graph/y;Lcom/android/tools/r8/graph/K5;Lcom/android/tools/r8/internal/ga;Lcom/android/tools/r8/internal/Lf;)Lcom/android/tools/r8/graph/B2; 49 <appendix> member <vmtarget> ; # com/android/tools/r8/internal/o5$$Lambda+0x000002c7220b0000
instanceKlass  @cpi com/android/tools/r8/internal/o5 240 form vmentry <vmtarget> ; # java/lang/invoke/LambdaForm$DMH+0x000002c72214b000
instanceKlass  @bci com/android/tools/r8/internal/o5 a (Lcom/android/tools/r8/graph/y;Lcom/android/tools/r8/graph/K5;Lcom/android/tools/r8/internal/ga;Lcom/android/tools/r8/internal/Lf;)Lcom/android/tools/r8/graph/B2; 31 <appendix> argL0 ; # com/android/tools/r8/internal/o5$$Lambda+0x000002c7223a7c18
instanceKlass  @bci com/android/tools/r8/internal/Pi b (Lcom/android/tools/r8/graph/K5;)V 76 <appendix> member <vmtarget> ; # com/android/tools/r8/internal/Pi$$Lambda+0x000002c7223a79f0
instanceKlass  @bci com/android/tools/r8/internal/o5 a (Lcom/android/tools/r8/synthesis/M;)V 45 <appendix> member <vmtarget> ; # com/android/tools/r8/internal/o5$$Lambda+0x000002c7223a6bf8
instanceKlass  @bci com/android/tools/r8/internal/o5 a (Lcom/android/tools/r8/graph/y;Lcom/android/tools/r8/graph/G5;Lcom/android/tools/r8/internal/n5;Ljava/util/function/Supplier;)Lcom/android/tools/r8/graph/B2; 27 <appendix> member <vmtarget> ; # com/android/tools/r8/internal/o5$$Lambda+0x000002c7223a69c0
instanceKlass  @bci com/android/tools/r8/internal/o5 a (Lcom/android/tools/r8/graph/y;Lcom/android/tools/r8/graph/G5;Lcom/android/tools/r8/internal/n5;Ljava/util/function/Supplier;)Lcom/android/tools/r8/graph/B2; 12 <appendix> argL0 ; # com/android/tools/r8/internal/o5$$Lambda+0x000002c7223a67a0
instanceKlass  @bci com/android/tools/r8/internal/o5 a (Ljava/util/LinkedHashMap;Lcom/android/tools/r8/graph/y;Lcom/android/tools/r8/graph/K5;Lcom/android/tools/r8/internal/n5;Lcom/android/tools/r8/internal/Lf;Lcom/android/tools/r8/graph/M2;)V 24 <appendix> member <vmtarget> ; # com/android/tools/r8/internal/o5$$Lambda+0x000002c7223a6578
instanceKlass  @bci com/android/tools/r8/internal/o5 a (Lcom/android/tools/r8/graph/y;Lcom/android/tools/r8/graph/K5;Lcom/android/tools/r8/internal/n5;Lcom/android/tools/r8/internal/Lf;)Ljava/util/LinkedHashMap; 15 <appendix> form vmentry <vmtarget> ; # java/lang/invoke/LambdaForm$DMH+0x000002c72214b800
instanceKlass  @bci com/android/tools/r8/internal/o5 a (Lcom/android/tools/r8/graph/y;Lcom/android/tools/r8/graph/K5;Lcom/android/tools/r8/internal/n5;Lcom/android/tools/r8/internal/Lf;)Ljava/util/LinkedHashMap; 15 <appendix> member <vmtarget> ; # com/android/tools/r8/internal/o5$$Lambda+0x000002c7223a6340
instanceKlass  @cpi com/android/tools/r8/internal/o5 306 form vmentry <vmtarget> ; # java/lang/invoke/LambdaForm$DMH+0x000002c72218b000
instanceKlass  @bci com/android/tools/r8/internal/l5 a (Ljava/util/function/BiFunction;Lcom/android/tools/r8/graph/B2;)Lcom/android/tools/r8/internal/cm; 3 <appendix> member <vmtarget> ; # com/android/tools/r8/internal/l5$$Lambda+0x000002c7223a6118
instanceKlass  @bci com/android/tools/r8/internal/l5 a (Lcom/android/tools/r8/graph/B2;Lcom/android/tools/r8/graph/K5;Z)Lcom/android/tools/r8/internal/fm; 120 <appendix> member <vmtarget> ; # com/android/tools/r8/internal/l5$$Lambda+0x000002c7223a5ee0
instanceKlass com/android/tools/r8/internal/gm
instanceKlass com/android/tools/r8/internal/jt
instanceKlass  @bci com/android/tools/r8/internal/US a (Lcom/android/tools/r8/internal/tU;IZ)V 90 <appendix> member <vmtarget> ; # com/android/tools/r8/internal/US$$Lambda+0x000002c7223a5878
instanceKlass com/android/tools/r8/internal/kx
instanceKlass com/android/tools/r8/internal/i40
instanceKlass  @bci com/android/tools/r8/internal/es a (Lcom/android/tools/r8/internal/Jr0;)V 1 <appendix> argL0 ; # com/android/tools/r8/internal/es$$Lambda+0x000002c7223a1b10
instanceKlass com/android/tools/r8/internal/ex0
instanceKlass  @bci com/android/tools/r8/internal/sp a (Lcom/android/tools/r8/internal/Jr0;)V 49 <appendix> argL0 ; # com/android/tools/r8/internal/sp$$Lambda+0x000002c7223a16c0
instanceKlass  @bci com/android/tools/r8/internal/sp a (Lcom/android/tools/r8/internal/Jr0;)V 41 <appendix> argL0 ; # com/android/tools/r8/internal/sp$$Lambda+0x000002c7223a0f48
instanceKlass  @bci com/android/tools/r8/internal/US b (IILcom/android/tools/r8/internal/tU;)Z 165 <appendix> member <vmtarget> ; # com/android/tools/r8/internal/US$$Lambda+0x000002c7223a0cf0
instanceKlass  @bci com/android/tools/r8/internal/US e (Lcom/android/tools/r8/internal/tU;)V 107 <appendix> member <vmtarget> ; # com/android/tools/r8/internal/US$$Lambda+0x000002c7223a0ab8
instanceKlass  @bci com/android/tools/r8/internal/sp a (Lcom/android/tools/r8/internal/Jr0;)V 33 <appendix> argL0 ; # com/android/tools/r8/internal/sp$$Lambda+0x000002c7223a0898
instanceKlass  @bci com/android/tools/r8/internal/sp a (Lcom/android/tools/r8/internal/Jr0;)V 25 <appendix> argL0 ; # com/android/tools/r8/internal/sp$$Lambda+0x000002c7223a0678
instanceKlass  @bci com/android/tools/r8/ir/optimize/M a (Lcom/android/tools/r8/internal/sB;)V 583 <appendix> member <vmtarget> ; # com/android/tools/r8/ir/optimize/M$$Lambda+0x000002c7223a0220
instanceKlass  @bci com/android/tools/r8/internal/sp a (Lcom/android/tools/r8/internal/Jr0;)V 17 <appendix> argL0 ; # com/android/tools/r8/internal/sp$$Lambda+0x000002c7223a0458
instanceKlass  @bci com/android/tools/r8/internal/sp a (Lcom/android/tools/r8/internal/Jr0;)V 9 <appendix> argL0 ; # com/android/tools/r8/internal/sp$$Lambda+0x000002c7223a0000
instanceKlass  @bci com/android/tools/r8/ir/optimize/M a (Lcom/android/tools/r8/internal/sB;)V 563 <appendix> argL0 ; # com/android/tools/r8/ir/optimize/M$$Lambda+0x000002c722391a20
instanceKlass  @bci com/android/tools/r8/internal/Sn a (Lcom/android/tools/r8/internal/Jr0;)V 1 <appendix> argL0 ; # com/android/tools/r8/internal/Sn$$Lambda+0x000002c722391cb8
instanceKlass  @bci com/android/tools/r8/internal/sp a (Lcom/android/tools/r8/internal/Jr0;)V 1 <appendix> argL0 ; # com/android/tools/r8/internal/sp$$Lambda+0x000002c722391800
instanceKlass  @bci com/android/tools/r8/ir/optimize/M a (Lcom/android/tools/r8/internal/sB;)V 553 <appendix> argL0 ; # com/android/tools/r8/ir/optimize/M$$Lambda+0x000002c72239fbf0
instanceKlass  @bci com/android/tools/r8/internal/sp a (Lcom/android/tools/r8/internal/Up;Lcom/android/tools/r8/internal/xf;)I 6 <appendix> argL0 ; # com/android/tools/r8/internal/sp$$Lambda+0x000002c72239f9d0
instanceKlass  @bci com/android/tools/r8/ir/optimize/M a (Lcom/android/tools/r8/internal/sB;)V 448 <appendix> argL0 ; # com/android/tools/r8/ir/optimize/M$$Lambda+0x000002c72239f790
instanceKlass com/android/tools/r8/internal/af
# instanceKlass com/android/tools/r8/internal/pr$$Lambda+0x000002c72239e930
instanceKlass  @bci com/android/tools/r8/internal/pr a (Lcom/android/tools/r8/internal/Jr0;)V 1 <appendix> argL0 ; # com/android/tools/r8/internal/pr$$Lambda+0x000002c72239e6f0
instanceKlass  @bci com/android/tools/r8/internal/po0 b (ILcom/android/tools/r8/internal/tU;Lcom/android/tools/r8/internal/tU;)V 32 <appendix> argL0 ; # com/android/tools/r8/internal/po0$$Lambda+0x000002c72239e4b0
# instanceKlass com/android/tools/r8/internal/dp$$Lambda+0x000002c72239c518
instanceKlass  @bci com/android/tools/r8/internal/dp b (Lcom/android/tools/r8/internal/Jr0;)V 11 <appendix> member <vmtarget> ; # com/android/tools/r8/internal/dp$$Lambda+0x000002c72239c2f0
instanceKlass com/android/tools/r8/internal/In
# instanceKlass com/android/tools/r8/internal/dp$$Lambda+0x000002c72239bec0
instanceKlass  @bci com/android/tools/r8/internal/dp b (Lcom/android/tools/r8/internal/Jr0;)V 2 <appendix> argL0 ; # com/android/tools/r8/internal/dp$$Lambda+0x000002c72239bca0
# instanceKlass com/android/tools/r8/internal/dp$$Lambda+0x000002c72239ba78
instanceKlass  @bci com/android/tools/r8/internal/dp a (Lcom/android/tools/r8/internal/Up;Lcom/android/tools/r8/internal/xf;)I 8 <appendix> member <vmtarget> ; # com/android/tools/r8/internal/dp$$Lambda+0x000002c72239ae38
instanceKlass com/android/tools/r8/internal/tI
instanceKlass com/android/tools/r8/internal/QR
instanceKlass  @bci com/android/tools/r8/internal/US a (IZ)I 22 <appendix> member <vmtarget> ; # com/android/tools/r8/internal/US$$Lambda+0x000002c72239a6f0
instanceKlass  @bci com/android/tools/r8/internal/tU a (Lcom/android/tools/r8/internal/SS;)Lcom/android/tools/r8/internal/uU; 5 <appendix> member <vmtarget> ; # com/android/tools/r8/internal/tU$$Lambda+0x000002c72239a468
instanceKlass com/android/tools/r8/internal/F7
# instanceKlass com/android/tools/r8/internal/tU$$Lambda+0x000002c7223999e0
instanceKlass  @bci com/android/tools/r8/internal/tU a ()Lcom/android/tools/r8/internal/uU; 4 <appendix> argL0 ; # com/android/tools/r8/internal/tU$$Lambda+0x000002c722399160
instanceKlass  @bci com/android/tools/r8/internal/US a (Ljava/util/List;Lcom/android/tools/r8/internal/qK;)V 36 <appendix> member <vmtarget> ; # com/android/tools/r8/internal/US$$Lambda+0x000002c722398ed8
instanceKlass  @bci com/android/tools/r8/internal/US c (Lcom/android/tools/r8/internal/ME;)Z 32 <appendix> member <vmtarget> ; # com/android/tools/r8/internal/US$$Lambda+0x000002c722398c50
instanceKlass java/util/ComparableTimSort
instanceKlass  @bci com/android/tools/r8/internal/Hx0 a (Lcom/android/tools/r8/internal/bz0;Lcom/android/tools/r8/internal/V6;)Lcom/android/tools/r8/internal/zx0; 228 <appendix> member <vmtarget> ; # com/android/tools/r8/internal/Hx0$$Lambda+0x000002c722398a18
instanceKlass  @bci com/android/tools/r8/internal/VK b (Ljava/lang/Object;)Ljava/lang/Iterable; 1 <appendix> member <vmtarget> ; # com/android/tools/r8/internal/VK$$Lambda+0x000002c722393d18
instanceKlass  @bci com/android/tools/r8/internal/W3 a (Lcom/android/tools/r8/graph/y;Lcom/android/tools/r8/internal/sB;)Lcom/android/tools/r8/ir/optimize/E; 32 <appendix> argL0 ; # com/android/tools/r8/internal/W3$$Lambda+0x000002c722393ac8
instanceKlass  @bci java/util/stream/MatchOps makeRef (Ljava/util/function/Predicate;Ljava/util/stream/MatchOps$MatchKind;)Ljava/util/stream/TerminalOp; 20 <appendix> member <vmtarget> ; # java/util/stream/MatchOps$$Lambda+0x000002c7220db708
instanceKlass java/util/stream/MatchOps$BooleanTerminalSink
instanceKlass java/util/stream/MatchOps$MatchOp
instanceKlass java/util/stream/MatchOps
instanceKlass  @bci com/android/tools/r8/ir/optimize/f0 a (Lcom/android/tools/r8/internal/Y5;Lcom/android/tools/r8/internal/US;Ljava/util/Set;Lcom/android/tools/r8/ir/optimize/X;)V 283 <adapter> ; # java/lang/invoke/LambdaForm$MH+0x000002c722391400
instanceKlass  @bci com/android/tools/r8/internal/nb a (Lcom/android/tools/r8/internal/I9;Lcom/android/tools/r8/graph/y;Lcom/android/tools/r8/internal/P8;)Lcom/android/tools/r8/internal/I9; 154 <appendix> member <vmtarget> ; # com/android/tools/r8/internal/nb$$Lambda+0x000002c7223938a0
# instanceKlass java/lang/invoke/LambdaForm$DMH+0x000002c722391000
instanceKlass  @bci com/android/tools/r8/ir/optimize/f0 a (Lcom/android/tools/r8/internal/Y5;Lcom/android/tools/r8/internal/US;Ljava/util/Set;Lcom/android/tools/r8/ir/optimize/X;)V 283 <appendix> form vmentry <vmtarget> ; # java/lang/invoke/LambdaForm$DMH+0x000002c722390c00
instanceKlass  @bci com/android/tools/r8/ir/optimize/f0 a (Lcom/android/tools/r8/internal/Y5;Lcom/android/tools/r8/internal/US;Ljava/util/Set;Lcom/android/tools/r8/ir/optimize/X;)V 283 <appendix> member <vmtarget> ; # com/android/tools/r8/ir/optimize/f0$$Lambda+0x000002c722393648
instanceKlass  @cpi com/android/tools/r8/ir/optimize/f0 247 form vmentry <vmtarget> ; # java/lang/invoke/LambdaForm$DMH+0x000002c722390800
instanceKlass  @bci com/android/tools/r8/graph/l1 a (Lcom/android/tools/r8/internal/Jr0;)V 17 <appendix> argL0 ; # com/android/tools/r8/graph/l1$$Lambda+0x000002c722393408
instanceKlass  @bci com/android/tools/r8/graph/l1 a (Lcom/android/tools/r8/internal/Jr0;)V 9 <appendix> argL0 ; # com/android/tools/r8/graph/l1$$Lambda+0x000002c7223931c8
instanceKlass  @bci com/android/tools/r8/graph/l1 a (Lcom/android/tools/r8/internal/Jr0;)V 1 <appendix> argL0 ; # com/android/tools/r8/graph/l1$$Lambda+0x000002c722392f88
instanceKlass  @bci com/android/tools/r8/internal/qo0 a (Ljava/util/ArrayList;)Ljava/util/LinkedHashMap; 276 <appendix> member <vmtarget> ; # com/android/tools/r8/internal/qo0$$Lambda+0x000002c722392d50
instanceKlass  @bci com/android/tools/r8/internal/sB a (Lcom/android/tools/r8/internal/nB;Lcom/android/tools/r8/ir/optimize/a;)Z 169 <appendix> argL0 ; # com/android/tools/r8/internal/sB$$Lambda+0x000002c722392b20
instanceKlass  @bci com/android/tools/r8/graph/l1 m ()Lcom/android/tools/r8/internal/Hr0; 0 <appendix> argL0 ; # com/android/tools/r8/graph/l1$$Lambda+0x000002c722392900
instanceKlass  @cpi com/android/tools/r8/internal/qo0 255 form vmentry <vmtarget> ; # java/lang/invoke/LambdaForm$DMH+0x000002c722390400
instanceKlass  @bci com/android/tools/r8/internal/ip b (Lcom/android/tools/r8/internal/Jr0;)V 17 <appendix> argL0 ; # com/android/tools/r8/internal/ip$$Lambda+0x000002c7223926c0
instanceKlass  @bci com/android/tools/r8/internal/ip b (Lcom/android/tools/r8/internal/Jr0;)V 9 <appendix> argL0 ; # com/android/tools/r8/internal/ip$$Lambda+0x000002c7223924a0
instanceKlass  @bci com/android/tools/r8/internal/lx b (Lcom/android/tools/r8/internal/sB;Lcom/android/tools/r8/internal/f00;)Z 73 <appendix> argL0 ; # com/android/tools/r8/internal/lx$$Lambda+0x000002c722392000
instanceKlass  @bci com/android/tools/r8/internal/ip b (Lcom/android/tools/r8/internal/Jr0;)V 1 <appendix> argL0 ; # com/android/tools/r8/internal/ip$$Lambda+0x000002c722392280
instanceKlass  @bci com/android/tools/r8/internal/ip a (Lcom/android/tools/r8/internal/Up;Lcom/android/tools/r8/internal/xf;)I 6 <appendix> argL0 ; # com/android/tools/r8/internal/ip$$Lambda+0x000002c722397be8
instanceKlass com/android/tools/r8/internal/S10
# instanceKlass com/android/tools/r8/internal/VR$$Lambda+0x000002c7223971a8
instanceKlass  @bci com/android/tools/r8/internal/VR a (Lcom/android/tools/r8/internal/ja;Lcom/android/tools/r8/internal/xy;Lcom/android/tools/r8/internal/EU;Lcom/android/tools/r8/internal/E9;Lcom/android/tools/r8/internal/ga;Lcom/android/tools/r8/graph/K5;Lcom/android/tools/r8/internal/Lf;Lcom/android/tools/r8/internal/UR;)Ljava/util/AbstractCollection; 178 <appendix> member <vmtarget> ; # com/android/tools/r8/internal/VR$$Lambda+0x000002c722396f70
instanceKlass  @bci com/android/tools/r8/internal/x10 a (ZLcom/android/tools/r8/internal/D7;Lcom/android/tools/r8/internal/VH;Lcom/android/tools/r8/internal/VH;Lcom/android/tools/r8/internal/w10;Lcom/android/tools/r8/internal/ga;Lcom/android/tools/r8/graph/K5;Lcom/android/tools/r8/internal/Lf;Lcom/android/tools/r8/internal/VH;Lcom/android/tools/r8/graph/G;Lcom/android/tools/r8/internal/VH;Lcom/android/tools/r8/internal/X9;)Ljava/util/Collection; 171 <appendix> member <vmtarget> ; # com/android/tools/r8/internal/x10$$Lambda+0x000002c722396d38
# instanceKlass com/android/tools/r8/synthesis/m$$Lambda+0x000002c722396b00
instanceKlass  @bci com/android/tools/r8/synthesis/m b (Ljava/util/AbstractCollection;)V 17 <appendix> member <vmtarget> ; # com/android/tools/r8/synthesis/m$$Lambda+0x000002c7223968c8
instanceKlass com/android/tools/r8/internal/N70
instanceKlass com/android/tools/r8/internal/qU
instanceKlass  @bci com/android/tools/r8/internal/Pi b (Lcom/android/tools/r8/graph/K5;Lcom/android/tools/r8/internal/ga;)V 58 <appendix> member <vmtarget> ; # com/android/tools/r8/internal/Pi$$Lambda+0x000002c722396210
instanceKlass  @bci com/android/tools/r8/internal/Hf0 a (Ljava/util/TreeSet;)Lcom/android/tools/r8/internal/Ef0; 31 <appendix> argL0 ; # com/android/tools/r8/internal/Hf0$$Lambda+0x000002c722395f90
instanceKlass sun/reflect/generics/reflectiveObjects/LazyReflectiveObjectGenerator
instanceKlass com/android/tools/r8/internal/XR
instanceKlass  @bci com/android/tools/r8/synthesis/M a (Lcom/android/tools/r8/graph/V;)Lcom/android/tools/r8/graph/j1; 251 <appendix> member <vmtarget> ; # com/android/tools/r8/synthesis/M$$Lambda+0x000002c722395b50
instanceKlass com/android/tools/r8/internal/TZ
instanceKlass com/android/tools/r8/internal/ri
instanceKlass sun/reflect/generics/reflectiveObjects/ParameterizedTypeImpl
instanceKlass java/lang/reflect/ParameterizedType
instanceKlass  @bci com/android/tools/r8/synthesis/M a (Lcom/android/tools/r8/graph/V;)Lcom/android/tools/r8/graph/j1; 207 <appendix> argL0 ; # com/android/tools/r8/synthesis/M$$Lambda+0x000002c722394dd8
instanceKlass  @bci com/android/tools/r8/synthesis/m a (Ljava/util/AbstractCollection;)Lcom/android/tools/r8/synthesis/m; 18 <appendix> member <vmtarget> ; # com/android/tools/r8/synthesis/m$$Lambda+0x000002c7223946b8
instanceKlass sun/reflect/generics/visitor/Reifier
instanceKlass  @bci com/android/tools/r8/internal/Hf0 a (Ljava/util/TreeSet;)Lcom/android/tools/r8/internal/Ef0; 4 <appendix> member <vmtarget> ; # com/android/tools/r8/internal/Hf0$$Lambda+0x000002c722394430
instanceKlass sun/reflect/generics/visitor/TypeTreeVisitor
instanceKlass  @bci com/android/tools/r8/synthesis/M a (Lcom/android/tools/r8/graph/V;)Lcom/android/tools/r8/graph/j1; 162 <appendix> member <vmtarget> ; # com/android/tools/r8/synthesis/M$$Lambda+0x000002c7223941f8
instanceKlass sun/reflect/generics/tree/ClassSignature
instanceKlass sun/reflect/generics/tree/Signature
instanceKlass sun/reflect/generics/tree/ClassTypeSignature
instanceKlass com/android/tools/r8/internal/Ff0
instanceKlass  @bci com/android/tools/r8/internal/x5 a (Lcom/android/tools/r8/graph/y;Lcom/android/tools/r8/synthesis/M;)V 31 <appendix> member <vmtarget> ; # com/android/tools/r8/internal/x5$$Lambda+0x000002c72238f9f8
instanceKlass sun/reflect/generics/tree/SimpleClassTypeSignature
instanceKlass sun/reflect/generics/tree/FieldTypeSignature
instanceKlass sun/reflect/generics/tree/BaseType
instanceKlass sun/reflect/generics/tree/TypeSignature
instanceKlass sun/reflect/generics/tree/ReturnType
instanceKlass sun/reflect/generics/tree/TypeArgument
instanceKlass  @bci com/android/tools/r8/graph/u1 e (I)Lcom/android/tools/r8/graph/Q0; 15 <appendix> argL0 ; # com/android/tools/r8/graph/u1$$Lambda+0x000002c72238f460
instanceKlass sun/reflect/generics/tree/FormalTypeParameter
instanceKlass sun/reflect/generics/tree/TypeTree
instanceKlass sun/reflect/generics/tree/Tree
instanceKlass com/android/tools/r8/synthesis/L
instanceKlass sun/reflect/generics/parser/SignatureParser
instanceKlass java/lang/reflect/TypeVariable
instanceKlass  @bci java/util/function/Consumer andThen (Ljava/util/function/Consumer;)Ljava/util/function/Consumer; 7 <appendix> member <vmtarget> ; # java/util/function/Consumer$$Lambda+0x000002c7220d6918
instanceKlass sun/reflect/generics/repository/AbstractRepository
instanceKlass  @cpi java/util/function/Consumer 43 form vmentry <vmtarget> ; # java/lang/invoke/LambdaForm$DMH+0x000002c722390000
instanceKlass sun/reflect/generics/factory/CoreReflectionFactory
instanceKlass sun/reflect/generics/factory/GenericsFactory
instanceKlass com/android/tools/r8/internal/OR
instanceKlass sun/reflect/generics/scope/AbstractScope
instanceKlass sun/reflect/generics/scope/Scope
instanceKlass  @bci com/android/tools/r8/synthesis/E a (Lcom/android/tools/r8/synthesis/I;Lcom/android/tools/r8/graph/G5;Lcom/android/tools/r8/graph/y;Ljava/util/function/Consumer;Ljava/util/function/Supplier;)Lcom/android/tools/r8/graph/K5; 155 <appendix> argL0 ; # com/android/tools/r8/synthesis/E$$Lambda+0x000002c72238cca8
instanceKlass com/android/tools/r8/internal/PR
# instanceKlass com/android/tools/r8/graph/O2$$Lambda+0x000002c72238be88
instanceKlass  @bci com/android/tools/r8/graph/O2 a (Lcom/android/tools/r8/internal/Jr0;)V 1 <appendix> argL0 ; # com/android/tools/r8/graph/O2$$Lambda+0x000002c72238bc48
# instanceKlass com/android/tools/r8/graph/O2$$Lambda+0x000002c72238b058
instanceKlass  @bci com/android/tools/r8/graph/O2 m ()Lcom/android/tools/r8/internal/Hr0; 0 <appendix> argL0 ; # com/android/tools/r8/graph/O2$$Lambda+0x000002c72238a950
instanceKlass com/android/tools/r8/internal/IU
# instanceKlass com/android/tools/r8/graph/I2$$Lambda+0x000002c722389b38
instanceKlass  @bci com/android/tools/r8/graph/I2 a (Lcom/android/tools/r8/internal/Jr0;)V 9 <appendix> argL0 ; # com/android/tools/r8/graph/I2$$Lambda+0x000002c722389410
# instanceKlass com/android/tools/r8/internal/Fx0$$Lambda+0x000002c7223891f0
instanceKlass  @bci com/android/tools/r8/internal/Fx0 a (Lcom/android/tools/r8/internal/zx0;Lcom/android/tools/r8/internal/zx0;)V 33 <appendix> argL0 ; # com/android/tools/r8/internal/Fx0$$Lambda+0x000002c722388ae8
# instanceKlass com/android/tools/r8/graph/I2$$Lambda+0x000002c7223888a8
instanceKlass  @bci com/android/tools/r8/graph/I2 a (Lcom/android/tools/r8/internal/Jr0;)V 1 <appendix> argL0 ; # com/android/tools/r8/graph/I2$$Lambda+0x000002c722388668
instanceKlass  @bci com/android/tools/r8/internal/Fx0 a (Lcom/android/tools/r8/internal/zx0;Lcom/android/tools/r8/internal/zx0;)V 6 <appendix> argL0 ; # com/android/tools/r8/internal/Fx0$$Lambda+0x000002c722388448
instanceKlass  @bci com/android/tools/r8/graph/I2 m ()Lcom/android/tools/r8/internal/Hr0; 0 <appendix> argL0 ; # com/android/tools/r8/graph/I2$$Lambda+0x000002c722388228
instanceKlass  @bci com/android/tools/r8/synthesis/E b (Lcom/android/tools/r8/synthesis/I;Lcom/android/tools/r8/internal/Of;Lcom/android/tools/r8/graph/y;Ljava/util/function/Consumer;)Lcom/android/tools/r8/graph/K5; 8 <appendix> member <vmtarget> ; # com/android/tools/r8/synthesis/E$$Lambda+0x000002c722388000
instanceKlass  @bci com/android/tools/r8/internal/W3 a (Lcom/android/tools/r8/graph/y;Lcom/android/tools/r8/graph/K5;Lcom/android/tools/r8/internal/L1;Lcom/android/tools/r8/internal/LE;)Z 9 <appendix> argL0 ; # com/android/tools/r8/internal/W3$$Lambda+0x000002c722384400
instanceKlass  @bci com/android/tools/r8/internal/Jr0 i (Ljava/util/function/Function;)Lcom/android/tools/r8/internal/Jr0; 7 <appendix> argL0 ; # com/android/tools/r8/internal/Jr0$$Lambda+0x000002c722384ce8
instanceKlass  @bci com/android/tools/r8/graph/B2 a (Lcom/android/tools/r8/internal/Jr0;)V 17 <appendix> argL0 ; # com/android/tools/r8/graph/B2$$Lambda+0x000002c722385708
instanceKlass  @bci com/android/tools/r8/internal/Jr0 i (Ljava/util/function/Function;)Lcom/android/tools/r8/internal/Jr0; 2 <appendix> argL0 ; # com/android/tools/r8/internal/Jr0$$Lambda+0x000002c7223854e8
instanceKlass  @bci com/android/tools/r8/internal/x5 a (Lcom/android/tools/r8/graph/y;Lcom/android/tools/r8/internal/Lf;)Lcom/android/tools/r8/graph/K5; 21 <appendix> member <vmtarget> ; # com/android/tools/r8/internal/x5$$Lambda+0x000002c722387d00
instanceKlass  @bci java/util/function/Function andThen (Ljava/util/function/Function;)Ljava/util/function/Function; 7 <appendix> member <vmtarget> ; # java/util/function/Function$$Lambda+0x000002c7220d5490
instanceKlass  @bci com/android/tools/r8/graph/B2 a (Lcom/android/tools/r8/internal/Jr0;)V 9 <appendix> argL0 ; # com/android/tools/r8/graph/B2$$Lambda+0x000002c722386c08
instanceKlass  @bci com/android/tools/r8/internal/bz0 b (Ljava/lang/Iterable;)V 2 <appendix> member <vmtarget> ; # com/android/tools/r8/internal/bz0$$Lambda+0x000002c7223869d0
instanceKlass  @bci com/android/tools/r8/internal/Jr0 e (Ljava/util/function/Function;)Lcom/android/tools/r8/internal/Jr0; 2 <appendix> argL0 ; # com/android/tools/r8/internal/Jr0$$Lambda+0x000002c722383d88
instanceKlass com/android/tools/r8/synthesis/M
instanceKlass  @cpi java/util/function/Function 58 form vmentry <vmtarget> ; # java/lang/invoke/LambdaForm$DMH+0x000002c722384000
instanceKlass  @bci com/android/tools/r8/graph/B2 a (Lcom/android/tools/r8/internal/Jr0;)V 1 <appendix> argL0 ; # com/android/tools/r8/graph/B2$$Lambda+0x000002c722382598
instanceKlass  @bci com/android/tools/r8/internal/Jr0 f (Ljava/util/function/Function;)Lcom/android/tools/r8/internal/Jr0; 2 <appendix> argL0 ; # com/android/tools/r8/internal/Jr0$$Lambda+0x000002c722382358
instanceKlass com/android/tools/r8/internal/Pn
instanceKlass  @bci com/android/tools/r8/internal/I9 b (Lcom/android/tools/r8/internal/du0;Lcom/android/tools/r8/internal/I9;Lcom/android/tools/r8/internal/H70;)Lcom/android/tools/r8/internal/I9; 3 <appendix> member <vmtarget> ; # com/android/tools/r8/internal/I9$$Lambda+0x000002c722380bf8
instanceKlass  @bci com/android/tools/r8/graph/B2 m ()Lcom/android/tools/r8/internal/Hr0; 0 <appendix> argL0 ; # com/android/tools/r8/graph/B2$$Lambda+0x000002c722381558
instanceKlass  @bci com/android/tools/r8/graph/J0$b a (Lcom/android/tools/r8/internal/Jr0;)V 9 <appendix> argL0 ; # com/android/tools/r8/graph/J0$b$$Lambda+0x000002c722381318
instanceKlass  @bci com/android/tools/r8/internal/x5 a (Lcom/android/tools/r8/graph/y;Lcom/android/tools/r8/internal/Lf;)Lcom/android/tools/r8/graph/K5; 11 <appendix> member <vmtarget> ; # com/android/tools/r8/internal/x5$$Lambda+0x000002c722380000
instanceKlass  @bci com/android/tools/r8/graph/J0$b a (Lcom/android/tools/r8/internal/Jr0;)V 1 <appendix> argL0 ; # com/android/tools/r8/graph/J0$b$$Lambda+0x000002c72237f7c0
instanceKlass  @bci com/android/tools/r8/internal/I9 a (Lcom/android/tools/r8/internal/du0;)Lcom/android/tools/r8/internal/I9; 2 <appendix> member <vmtarget> ; # com/android/tools/r8/internal/I9$$Lambda+0x000002c72237f0a0
instanceKlass  @bci com/android/tools/r8/internal/Gj a (Lcom/android/tools/r8/internal/Gr0;Lcom/android/tools/r8/internal/AA;Lcom/android/tools/r8/internal/Fr0;)V 1 <appendix> argL0 ; # com/android/tools/r8/internal/Gj$$Lambda+0x000002c72237ee80
instanceKlass  @bci com/android/tools/r8/graph/J0$b m ()Lcom/android/tools/r8/internal/Hr0; 0 <appendix> argL0 ; # com/android/tools/r8/graph/J0$b$$Lambda+0x000002c72237e290
instanceKlass com/android/tools/r8/internal/z9
instanceKlass  @bci com/android/tools/r8/internal/nb a (Lcom/android/tools/r8/internal/I9;Lcom/android/tools/r8/graph/y;Lcom/android/tools/r8/internal/P8;)Lcom/android/tools/r8/internal/I9; 72 <appendix> member <vmtarget> ; # com/android/tools/r8/internal/nb$$Lambda+0x000002c72237d490
instanceKlass com/android/tools/r8/internal/Gj
instanceKlass  @bci com/android/tools/r8/internal/S9 a (Lcom/android/tools/r8/internal/I9;Lcom/android/tools/r8/graph/y;Lcom/android/tools/r8/internal/P8;)Lcom/android/tools/r8/internal/I9; 10 <appendix> argL0 ; # com/android/tools/r8/internal/S9$$Lambda+0x000002c72237c688
instanceKlass  @bci com/android/tools/r8/internal/J5 a (Lcom/android/tools/r8/internal/ia;Lcom/android/tools/r8/internal/z5;)Lcom/android/tools/r8/internal/cm; 3 <appendix> member <vmtarget> ; # com/android/tools/r8/internal/J5$$Lambda+0x000002c72237bd80
instanceKlass  @bci com/android/tools/r8/internal/Gr0 a (Lcom/android/tools/r8/internal/AA;)V 7 <appendix> argL0 ; # com/android/tools/r8/internal/Gr0$$Lambda+0x000002c72237bb60
instanceKlass  @bci com/android/tools/r8/internal/US e (Lcom/android/tools/r8/internal/tU;)V 38 <appendix> member <vmtarget> ; # com/android/tools/r8/internal/US$$Lambda+0x000002c72237b928
instanceKlass  @cpi com/android/tools/r8/internal/l5 254 form vmentry <vmtarget> ; # java/lang/invoke/LambdaForm$DMH+0x000002c72236dc00
instanceKlass  @bci com/android/tools/r8/internal/J5 a (Lcom/android/tools/r8/graph/K5;)Z 39 <appendix> argL0 ; # com/android/tools/r8/internal/J5$$Lambda+0x000002c722378e28
instanceKlass  @bci com/android/tools/r8/internal/Rn a (Lcom/android/tools/r8/internal/rA;)Ljava/util/ArrayList; 301 <appendix> argL0 ; # com/android/tools/r8/internal/Rn$$Lambda+0x000002c722379048
instanceKlass com/android/tools/r8/internal/F
instanceKlass  @bci com/android/tools/r8/internal/J5 a (Lcom/android/tools/r8/graph/K5;)Z 14 <appendix> argL0 ; # com/android/tools/r8/internal/J5$$Lambda+0x000002c722378710
instanceKlass com/android/tools/r8/internal/Qn
instanceKlass com/android/tools/r8/internal/E
instanceKlass com/android/tools/r8/internal/BA
instanceKlass  @bci com/android/tools/r8/internal/Y5 o ()Ljava/util/List; 27 <appendix> member <vmtarget> ; # com/android/tools/r8/internal/Y5$$Lambda+0x000002c7223731b0
instanceKlass com/android/tools/r8/internal/CA
instanceKlass  @bci com/android/tools/r8/internal/Gf0 a (Ljava/util/TreeSet;)Lcom/android/tools/r8/internal/dG; 36 <appendix> member <vmtarget> ; # com/android/tools/r8/internal/Gf0$$Lambda+0x000002c722371eb8
instanceKlass  @bci com/android/tools/r8/graph/s3 b (Ljava/util/function/Predicate;)Ljava/util/List; 22 <appendix> member <vmtarget> ; # com/android/tools/r8/graph/s3$$Lambda+0x000002c722371c80
instanceKlass com/android/tools/r8/internal/zA
# instanceKlass com/android/tools/r8/internal/Eb$$Lambda+0x000002c722370980
# instanceKlass com/android/tools/r8/internal/Eb$$Lambda+0x000002c722370bc8
instanceKlass  @bci com/android/tools/r8/internal/Eb a (Ljava/util/function/BiFunction;Lcom/android/tools/r8/internal/X9;Lcom/android/tools/r8/internal/I9;)Lcom/android/tools/r8/internal/Wt0; 11 <appendix> member <vmtarget> ; # com/android/tools/r8/internal/Eb$$Lambda+0x000002c7223712f8
instanceKlass  @bci com/android/tools/r8/graph/s3 g ()Ljava/util/List; 1 <appendix> argL0 ; # com/android/tools/r8/graph/s3$$Lambda+0x000002c722370730
instanceKlass  @bci com/android/tools/r8/synthesis/E a (Lcom/android/tools/r8/synthesis/I;Lcom/android/tools/r8/internal/Of;Lcom/android/tools/r8/graph/y;Ljava/util/function/Consumer;)Lcom/android/tools/r8/graph/H2; 31 <appendix> member <vmtarget> ; # com/android/tools/r8/synthesis/E$$Lambda+0x000002c7223704e8
instanceKlass  @bci com/android/tools/r8/internal/tU a (Ljava/util/List;)Z 32 <appendix> argL0 ; # com/android/tools/r8/internal/tU$$Lambda+0x000002c72236f308
instanceKlass com/android/tools/r8/internal/wa
instanceKlass  @bci com/android/tools/r8/internal/Y5 i ()Lcom/android/tools/r8/internal/O8; 27 <appendix> member <vmtarget> ; # com/android/tools/r8/internal/Y5$$Lambda+0x000002c72236e000
instanceKlass com/android/tools/r8/internal/Xt0
instanceKlass  @bci com/android/tools/r8/internal/VR a (Lcom/android/tools/r8/internal/ja;Lcom/android/tools/r8/graph/K5;Lcom/android/tools/r8/internal/Lf;Lcom/android/tools/r8/internal/UR;Z)Lcom/android/tools/r8/internal/PR; 70 <adapter> ; # java/lang/invoke/LambdaForm$MH+0x000002c72236d800
instanceKlass com/android/tools/r8/internal/Gf0
instanceKlass  @bci com/android/tools/r8/internal/Y8 a (Lcom/android/tools/r8/internal/I9;Lcom/android/tools/r8/graph/y;Lcom/android/tools/r8/internal/P8;)Lcom/android/tools/r8/internal/I9; 27 <appendix> member <vmtarget> ; # com/android/tools/r8/internal/Y8$$Lambda+0x000002c72236a448
instanceKlass com/android/tools/r8/internal/ye
# instanceKlass java/lang/invoke/LambdaForm$DMH+0x000002c72236d400
instanceKlass  @cpi com/android/tools/r8/internal/Y5 889 form vmentry <vmtarget> ; # java/lang/invoke/LambdaForm$DMH+0x000002c72236d000
instanceKlass  @bci com/android/tools/r8/internal/VR a (Lcom/android/tools/r8/internal/ja;Lcom/android/tools/r8/graph/K5;Lcom/android/tools/r8/internal/Lf;Lcom/android/tools/r8/internal/UR;Z)Lcom/android/tools/r8/internal/PR; 70 <appendix> form vmentry <vmtarget> ; # java/lang/invoke/LambdaForm$DMH+0x000002c72236cc00
instanceKlass  @bci com/android/tools/r8/internal/US a (Lcom/android/tools/r8/internal/qK;)Z 54 <appendix> argL0 ; # com/android/tools/r8/internal/US$$Lambda+0x000002c722369ff0
instanceKlass com/android/tools/r8/internal/k20
instanceKlass  @bci com/android/tools/r8/internal/VR a (Lcom/android/tools/r8/internal/ja;Lcom/android/tools/r8/graph/K5;Lcom/android/tools/r8/internal/Lf;Lcom/android/tools/r8/internal/UR;Z)Lcom/android/tools/r8/internal/PR; 70 <appendix> member <vmtarget> ; # com/android/tools/r8/internal/VR$$Lambda+0x000002c7223695b0
instanceKlass com/android/tools/r8/internal/J3
# instanceKlass com/android/tools/r8/internal/Hf0$$Lambda+0x000002c722369150
instanceKlass  @bci com/android/tools/r8/internal/Hf0 a (Ljava/util/ArrayDeque;Ljava/util/TreeSet;)V 4 <appendix> member <vmtarget> ; # com/android/tools/r8/internal/Hf0$$Lambda+0x000002c722368ef8
# instanceKlass com/android/tools/r8/internal/ZH$$Lambda+0x000002c722368cc8
instanceKlass  @cpi com/android/tools/r8/internal/VR 351 form vmentry <vmtarget> ; # java/lang/invoke/LambdaForm$DMH+0x000002c72236c800
instanceKlass  @bci com/android/tools/r8/internal/ZH a ()Ljava/util/function/IntConsumer; 0 <appendix> argL0 ; # com/android/tools/r8/internal/ZH$$Lambda+0x000002c722368a98
# instanceKlass java/lang/invoke/LambdaForm$DMH+0x000002c72236c400
instanceKlass  @bci com/android/tools/r8/internal/VR a (Lcom/android/tools/r8/internal/ja;Lcom/android/tools/r8/graph/K5;Lcom/android/tools/r8/internal/Lf;Lcom/android/tools/r8/internal/UR;Z)Lcom/android/tools/r8/internal/PR; 49 <appendix> argL0 ; # com/android/tools/r8/internal/VR$$Lambda+0x000002c722361db0
instanceKlass  @cpi com/android/tools/r8/internal/ZH 14 form vmentry <vmtarget> ; # java/lang/invoke/LambdaForm$DMH+0x000002c72236c000
instanceKlass  @bci com/android/tools/r8/internal/VR a (Lcom/android/tools/r8/internal/X9;Lcom/android/tools/r8/internal/q70;Lcom/android/tools/r8/internal/xy;Lcom/android/tools/r8/internal/EU;Lcom/android/tools/r8/internal/E9;Lcom/android/tools/r8/internal/ga;Lcom/android/tools/r8/graph/K5;Lcom/android/tools/r8/internal/Lf;Lcom/android/tools/r8/internal/Z9;Lcom/android/tools/r8/graph/u1;)Ljava/util/Collection; 16 <appendix> member <vmtarget> ; # com/android/tools/r8/internal/VR$$Lambda+0x000002c722363560
instanceKlass  @bci com/android/tools/r8/internal/nB a (Lcom/android/tools/r8/internal/q70;Lcom/android/tools/r8/internal/ME;)V 294 <appendix> member <vmtarget> ; # com/android/tools/r8/internal/nB$$Lambda+0x000002c722363328
instanceKlass com/android/tools/r8/internal/ZH
instanceKlass  @bci com/android/tools/r8/ir/optimize/f0 a (Lcom/android/tools/r8/internal/sB;Lcom/android/tools/r8/internal/Df0;I)V 591 <appendix> argL0 ; # com/android/tools/r8/ir/optimize/f0$$Lambda+0x000002c722362ee0
instanceKlass com/android/tools/r8/internal/UR
instanceKlass  @bci com/android/tools/r8/internal/x10 a (ZLcom/android/tools/r8/internal/D7;Lcom/android/tools/r8/internal/VH;Lcom/android/tools/r8/internal/VH;Lcom/android/tools/r8/internal/w10;Lcom/android/tools/r8/internal/ga;Lcom/android/tools/r8/graph/K5;Lcom/android/tools/r8/internal/Lf;Lcom/android/tools/r8/internal/VH;Lcom/android/tools/r8/graph/G;Lcom/android/tools/r8/internal/VH;Lcom/android/tools/r8/internal/X9;)Ljava/util/Collection; 61 <appendix> member <vmtarget> ; # com/android/tools/r8/internal/x10$$Lambda+0x000002c722362ab8
instanceKlass  @bci com/android/tools/r8/ir/optimize/u0 a (Lcom/android/tools/r8/graph/y;Lcom/android/tools/r8/internal/sB;)Z 78 <appendix> argL0 ; # com/android/tools/r8/ir/optimize/u0$$Lambda+0x000002c722362460
instanceKlass  @bci com/android/tools/r8/internal/Hf0 b ()V 135 <appendix> member <vmtarget> ; # com/android/tools/r8/internal/Hf0$$Lambda+0x000002c722362228
instanceKlass  @bci com/android/tools/r8/internal/x10 a (ZLcom/android/tools/r8/internal/D7;Lcom/android/tools/r8/internal/VH;Lcom/android/tools/r8/internal/VH;Lcom/android/tools/r8/internal/w10;Lcom/android/tools/r8/internal/ga;Lcom/android/tools/r8/graph/K5;Lcom/android/tools/r8/internal/Lf;Lcom/android/tools/r8/internal/VH;Lcom/android/tools/r8/graph/G;Lcom/android/tools/r8/internal/VH;Lcom/android/tools/r8/internal/X9;)Ljava/util/Collection; 51 <appendix> member <vmtarget> ; # com/android/tools/r8/internal/x10$$Lambda+0x000002c722362000
instanceKlass com/android/tools/r8/internal/gW
instanceKlass  @bci com/android/tools/r8/internal/K9 a (Lcom/android/tools/r8/internal/ma;)V 70 <appendix> member <vmtarget> ; # com/android/tools/r8/internal/K9$$Lambda+0x000002c722367b60
instanceKlass java/util/logging/Logger$SystemLoggerHelper$1
instanceKlass java/util/logging/Logger$SystemLoggerHelper
instanceKlass  @bci com/android/tools/r8/internal/Hf0 b ()V 89 <appendix> member <vmtarget> ; # com/android/tools/r8/internal/Hf0$$Lambda+0x000002c722367928
instanceKlass  @cpi com/android/tools/r8/internal/XR 402 form vmentry <vmtarget> ; # java/lang/invoke/LambdaForm$DMH+0x000002c722361400
instanceKlass java/util/logging/LogManager$4
instanceKlass  @bci com/android/tools/r8/internal/zE a (Lcom/android/tools/r8/graph/y;Lcom/android/tools/r8/graph/K5;Lcom/android/tools/r8/internal/L1;Lcom/android/tools/r8/internal/LE;)Z 24 <appendix> argL0 ; # com/android/tools/r8/internal/zE$$Lambda+0x000002c7223676d8
instanceKlass jdk/internal/logger/BootstrapLogger$BootstrapExecutors
instanceKlass  @cpi com/android/tools/r8/internal/Hf0 225 form vmentry <vmtarget> ; # java/lang/invoke/LambdaForm$DMH+0x000002c722361000
instanceKlass  @bci com/android/tools/r8/internal/zx0 a ()Lcom/android/tools/r8/ir/optimize/a; 10 <appendix> member <vmtarget> ; # com/android/tools/r8/internal/zx0$$Lambda+0x000002c7223674a0
instanceKlass java/io/FilePermission$1
instanceKlass  @bci com/android/tools/r8/internal/x10 a (Lcom/android/tools/r8/graph/K5;Lcom/android/tools/r8/internal/ga;Lcom/android/tools/r8/internal/Lf;)V 335 <adapter> ; # java/lang/invoke/LambdaForm$MH+0x000002c722360c00
instanceKlass jdk/internal/access/JavaIOFilePermissionAccess
# instanceKlass java/lang/invoke/LambdaForm$DMH+0x000002c722360800
instanceKlass  @bci com/android/tools/r8/internal/sB a (Lcom/android/tools/r8/ir/optimize/a;Ljava/util/function/Consumer;)V 57 <appendix> member <vmtarget> ; # com/android/tools/r8/internal/sB$$Lambda+0x000002c722367250
instanceKlass com/android/tools/r8/internal/m
instanceKlass jdk/internal/logger/LoggerFinderLoader
instanceKlass  @bci com/android/tools/r8/internal/x10 a (Lcom/android/tools/r8/graph/K5;Lcom/android/tools/r8/internal/ga;Lcom/android/tools/r8/internal/Lf;)V 335 <appendix> form vmentry <vmtarget> ; # java/lang/invoke/LambdaForm$DMH+0x000002c722360400
instanceKlass  @bci com/android/tools/r8/internal/po0 c (ILcom/android/tools/r8/internal/tU;Lcom/android/tools/r8/internal/tU;)V 182 <appendix> argL0 ; # com/android/tools/r8/internal/po0$$Lambda+0x000002c722366e08
instanceKlass  @bci java/lang/System$LoggerFinder accessProvider ()Ljava/lang/System$LoggerFinder; 8 <appendix> argL0 ; # java/lang/System$LoggerFinder$$Lambda+0x000002c7220d46e0
instanceKlass com/android/tools/r8/internal/QB
instanceKlass  @bci com/android/tools/r8/internal/x10 a (Lcom/android/tools/r8/graph/K5;Lcom/android/tools/r8/internal/ga;Lcom/android/tools/r8/internal/Lf;)V 335 <appendix> member <vmtarget> ; # com/android/tools/r8/internal/x10$$Lambda+0x000002c722365618
instanceKlass java/util/stream/Streams
instanceKlass java/util/stream/Stream$Builder
instanceKlass java/util/stream/Streams$AbstractStreamBuilderImpl
instanceKlass  @cpi com/android/tools/r8/internal/x10 817 form vmentry <vmtarget> ; # java/lang/invoke/LambdaForm$DMH+0x000002c722360000
instanceKlass  @bci java/util/stream/FindOps$FindSink$OfRef <clinit> ()V 43 <appendix> argL0 ; # java/util/stream/FindOps$FindSink$OfRef$$Lambda+0x800000048
instanceKlass  @bci java/util/stream/FindOps$FindSink$OfRef <clinit> ()V 38 <appendix> argL0 ; # java/util/stream/FindOps$FindSink$OfRef$$Lambda+0x80000004a
instanceKlass  @bci java/util/stream/FindOps$FindSink$OfRef <clinit> ()V 16 <appendix> argL0 ; # java/util/stream/FindOps$FindSink$OfRef$$Lambda+0x800000049
instanceKlass  @bci java/util/stream/FindOps$FindSink$OfRef <clinit> ()V 11 <appendix> argL0 ; # java/util/stream/FindOps$FindSink$OfRef$$Lambda+0x80000004b
instanceKlass com/android/tools/r8/internal/YU
instanceKlass java/util/stream/FindOps$FindOp
instanceKlass java/util/stream/FindOps$FindSink
instanceKlass java/util/stream/FindOps
instanceKlass  @bci java/util/logging/Level$KnownLevel findByName (Ljava/lang/String;Ljava/util/function/Function;)Ljava/util/Optional; 29 <appendix> argL0 ; # java/util/logging/Level$KnownLevel$$Lambda+0x800000023
instanceKlass com/android/tools/r8/internal/w10
instanceKlass  @bci java/util/logging/Level findLevel (Ljava/lang/String;)Ljava/util/logging/Level; 13 <appendix> argL0 ; # java/util/logging/Level$$Lambda+0x800000011
instanceKlass java/util/Hashtable$Enumerator
# instanceKlass com/android/tools/r8/internal/Y5$$Lambda+0x000002c72235c1a8
instanceKlass  @bci com/android/tools/r8/internal/Y5 a (Lcom/android/tools/r8/internal/ME;)Ljava/lang/Iterable; 2 <appendix> member <vmtarget> ; # com/android/tools/r8/internal/Y5$$Lambda+0x000002c72235b528
instanceKlass java/util/Collections$3
instanceKlass java/util/logging/LogManager$LoggerContext$1
instanceKlass java/util/logging/LogManager$VisitedLoggers
instanceKlass com/android/tools/r8/internal/V8
instanceKlass com/android/tools/r8/internal/dm
instanceKlass java/util/logging/LogManager$2
instanceKlass sun/security/util/SecurityProperties
instanceKlass sun/security/util/FilePermCompat
instanceKlass com/android/tools/r8/internal/lB
instanceKlass java/util/logging/LogManager$LoggingProviderAccess
instanceKlass java/lang/Shutdown$Lock
instanceKlass java/lang/Shutdown
instanceKlass java/lang/ApplicationShutdownHooks$1
instanceKlass java/lang/ApplicationShutdownHooks
# instanceKlass com/android/tools/r8/ir/optimize/z$$Lambda+0x000002c722355d50
instanceKlass com/android/tools/r8/internal/u5
instanceKlass java/util/logging/LogManager$LogNode
instanceKlass java/util/logging/LogManager$LoggerContext
# instanceKlass com/android/tools/r8/ir/optimize/z$$Lambda+0x000002c722354558
instanceKlass java/util/logging/LogManager$1
instanceKlass  @bci com/android/tools/r8/ir/optimize/z a (Lcom/android/tools/r8/internal/ME;)Z 429 <appendix> argL0 ; # com/android/tools/r8/ir/optimize/z$$Lambda+0x000002c722354308
instanceKlass java/util/logging/LogManager
instanceKlass java/util/logging/Logger$ConfigurationData
instanceKlass java/util/logging/Logger$LoggerBundle
instanceKlass  @bci com/android/tools/r8/internal/VR a (Lcom/android/tools/r8/internal/X9;)Lcom/android/tools/r8/internal/cm; 2 <appendix> member <vmtarget> ; # com/android/tools/r8/internal/VR$$Lambda+0x000002c7223540e0
instanceKlass  @bci java/util/logging/Level$KnownLevel add (Ljava/util/logging/Level;)V 49 <appendix> argL0 ; # java/util/logging/Level$KnownLevel$$Lambda+0x800000022
instanceKlass  @bci java/util/logging/Level$KnownLevel add (Ljava/util/logging/Level;)V 19 <appendix> argL0 ; # java/util/logging/Level$KnownLevel$$Lambda+0x800000021
instanceKlass java/util/logging/Level
instanceKlass java/util/logging/Handler
instanceKlass java/util/logging/Logger
instanceKlass com/android/tools/r8/internal/b70
instanceKlass com/android/tools/r8/internal/EU
instanceKlass com/android/tools/r8/internal/xy
instanceKlass com/android/tools/r8/internal/bm
instanceKlass  @bci com/android/tools/r8/internal/ME d1 ()Z 1 <appendix> argL0 ; # com/android/tools/r8/internal/ME$$Lambda+0x000002c722350000
instanceKlass com/android/tools/r8/internal/r80
instanceKlass com/android/tools/r8/internal/xv0
instanceKlass com/android/tools/r8/internal/q9
instanceKlass  @bci com/android/tools/r8/internal/qK a (Lcom/android/tools/r8/internal/K70;)Z 54 <appendix> argL0 ; # com/android/tools/r8/internal/qK$$Lambda+0x000002c72234dcc8
# instanceKlass com/android/tools/r8/internal/Z3$$Lambda+0x000002c72234da90
instanceKlass  @bci com/android/tools/r8/internal/Bb a (Lcom/android/tools/r8/internal/I9;Lcom/android/tools/r8/graph/y;Lcom/android/tools/r8/internal/P8;)Lcom/android/tools/r8/internal/I9; 60 <appendix> member <vmtarget> ; # com/android/tools/r8/internal/Bb$$Lambda+0x000002c72234d328
instanceKlass  @bci com/android/tools/r8/internal/Z3 c (Lcom/android/tools/r8/internal/e20;)Lcom/android/tools/r8/internal/Z3; 19 <appendix> member <vmtarget> ; # com/android/tools/r8/internal/Z3$$Lambda+0x000002c72234d0f0
instanceKlass  @bci com/android/tools/r8/internal/sg g ()Lcom/android/tools/r8/internal/I9; 1 <appendix> argL0 ; # com/android/tools/r8/internal/sg$$Lambda+0x000002c72234bf60
instanceKlass com/android/tools/r8/internal/H20
instanceKlass com/android/tools/r8/internal/Ca
instanceKlass  @bci com/android/tools/r8/internal/I9 h ()Lcom/android/tools/r8/internal/I9; 1 <appendix> argL0 ; # com/android/tools/r8/internal/I9$$Lambda+0x000002c72234b6f8
instanceKlass com/android/tools/r8/references/ArrayReference
instanceKlass com/android/tools/r8/internal/cb
instanceKlass  @bci com/android/tools/r8/graph/u1 b (I)Lcom/android/tools/r8/graph/O0$a; 15 <appendix> argL0 ; # com/android/tools/r8/graph/u1$$Lambda+0x000002c72234add8
instanceKlass com/android/tools/r8/graph/i1
instanceKlass com/android/tools/r8/ir/optimize/N
instanceKlass  @bci com/android/tools/r8/graph/u1 d (I)Lcom/android/tools/r8/graph/P0; 15 <appendix> argL0 ; # com/android/tools/r8/graph/u1$$Lambda+0x000002c72234a1a8
instanceKlass com/android/tools/r8/internal/Gn
instanceKlass com/android/tools/r8/ir/optimize/N$b
instanceKlass com/android/tools/r8/internal/E20
instanceKlass com/android/tools/r8/graph/Z0
instanceKlass com/android/tools/r8/graph/c3
# instanceKlass com/android/tools/r8/internal/Hf0$$Lambda+0x000002c722341258
instanceKlass  @bci com/android/tools/r8/internal/Hf0 a (Ljava/util/ArrayDeque;)V 6 <appendix> member <vmtarget> ; # com/android/tools/r8/internal/Hf0$$Lambda+0x000002c722341000
instanceKlass  @bci com/android/tools/r8/graph/u1 a (I)Lcom/android/tools/r8/graph/N0; 15 <appendix> argL0 ; # com/android/tools/r8/graph/u1$$Lambda+0x000002c722343680
instanceKlass com/android/tools/r8/internal/zG
instanceKlass com/android/tools/r8/internal/Ef0
instanceKlass com/android/tools/r8/internal/T5
instanceKlass  @bci com/android/tools/r8/ir/optimize/f0 a (Lcom/android/tools/r8/internal/sB;Lcom/android/tools/r8/internal/Df0;I)V 513 <appendix> argL0 ; # com/android/tools/r8/ir/optimize/f0$$Lambda+0x000002c722344e38
instanceKlass com/android/tools/r8/internal/hH
instanceKlass com/android/tools/r8/graph/U0
instanceKlass com/android/tools/r8/internal/jo
instanceKlass  @bci com/android/tools/r8/internal/qK a (Lcom/android/tools/r8/internal/US;)Z 7 <appendix> member <vmtarget> ; # com/android/tools/r8/internal/qK$$Lambda+0x000002c72233df78
instanceKlass com/android/tools/r8/internal/Hf0
instanceKlass com/android/tools/r8/internal/x8
instanceKlass com/android/tools/r8/internal/Fn
# instanceKlass com/android/tools/r8/internal/po0$$Lambda+0x000002c72233d2e0
instanceKlass  @bci com/android/tools/r8/internal/po0 a (Ljava/util/Set;Ljava/util/Set;Ljava/util/Set;)V 5 <appendix> member <vmtarget> ; # com/android/tools/r8/internal/po0$$Lambda+0x000002c72233d088
instanceKlass  @cpi com/android/tools/r8/internal/po0 271 form vmentry <vmtarget> ; # java/lang/invoke/LambdaForm$DMH+0x000002c722340400
instanceKlass com/android/tools/r8/internal/u8
# instanceKlass java/lang/invoke/LambdaForm$DMH+0x000002c722340000
instanceKlass com/android/tools/r8/internal/pB
instanceKlass com/android/tools/r8/internal/oo0
# instanceKlass com/android/tools/r8/internal/po0$$Lambda+0x000002c72233b528
instanceKlass  @bci com/android/tools/r8/internal/po0 a (ILcom/android/tools/r8/internal/tU;Lcom/android/tools/r8/internal/tU;)V 32 <appendix> argL0 ; # com/android/tools/r8/internal/po0$$Lambda+0x000002c72233b2e8
instanceKlass com/android/tools/r8/internal/Rn
instanceKlass  @bci com/android/tools/r8/internal/TY a (Lcom/android/tools/r8/internal/Y5;)Z 17 <appendix> argL0 ; # com/android/tools/r8/internal/TY$$Lambda+0x000002c722339590
# instanceKlass com/android/tools/r8/internal/US$$Lambda+0x000002c722339368
# instanceKlass com/android/tools/r8/internal/US$$Lambda+0x000002c722339140
# instanceKlass com/android/tools/r8/internal/US$$Lambda+0x000002c722338f18
# instanceKlass com/android/tools/r8/internal/US$$Lambda+0x000002c722338cf0
# instanceKlass com/android/tools/r8/internal/US$$Lambda+0x000002c722338ac8
# instanceKlass com/android/tools/r8/internal/US$$Lambda+0x000002c7223388a0
# instanceKlass com/android/tools/r8/internal/US$$Lambda+0x000002c722338678
# instanceKlass com/android/tools/r8/internal/US$$Lambda+0x000002c722338228
# instanceKlass com/android/tools/r8/internal/US$$Lambda+0x000002c722338450
# instanceKlass com/android/tools/r8/internal/US$$Lambda+0x000002c722338000
instanceKlass  @bci com/android/tools/r8/internal/US a (Lcom/android/tools/r8/internal/tU;IZLcom/android/tools/r8/internal/Kf0;Lcom/android/tools/r8/internal/If0;)I 100 <appendix> member <vmtarget> ; # com/android/tools/r8/internal/US$$Lambda+0x000002c722335400
instanceKlass com/android/tools/r8/internal/aL
# instanceKlass com/android/tools/r8/internal/US$$Lambda+0x000002c722335a58
# instanceKlass com/android/tools/r8/internal/US$$Lambda+0x000002c722335800
# instanceKlass com/android/tools/r8/internal/US$$Lambda+0x000002c722337c50
# instanceKlass com/android/tools/r8/internal/US$$Lambda+0x000002c7223379f8
# instanceKlass com/android/tools/r8/internal/US$$Lambda+0x000002c7223377a0
# instanceKlass com/android/tools/r8/internal/US$$Lambda+0x000002c722337548
# instanceKlass com/android/tools/r8/internal/US$$Lambda+0x000002c7223372f0
# instanceKlass com/android/tools/r8/internal/US$$Lambda+0x000002c722337098
# instanceKlass com/android/tools/r8/internal/US$$Lambda+0x000002c722336e40
# instanceKlass com/android/tools/r8/internal/US$$Lambda+0x000002c722336be8
instanceKlass  @bci com/android/tools/r8/internal/US a (Lcom/android/tools/r8/internal/tU;IZLcom/android/tools/r8/internal/Kf0;Lcom/android/tools/r8/internal/If0;)I 93 <appendix> member <vmtarget> ; # com/android/tools/r8/internal/US$$Lambda+0x000002c722336990
instanceKlass  @bci com/android/tools/r8/internal/US a (Lcom/android/tools/r8/internal/tU;)V 150 <appendix> member <vmtarget> ; # com/android/tools/r8/internal/US$$Lambda+0x000002c722336708
# instanceKlass com/android/tools/r8/ir/optimize/b0$$Lambda+0x000002c7223364b0
# instanceKlass com/android/tools/r8/ir/optimize/b0$$Lambda+0x000002c722336258
# instanceKlass com/android/tools/r8/ir/optimize/b0$$Lambda+0x000002c722336000
instanceKlass  @bci com/android/tools/r8/ir/optimize/b0 a (Lcom/android/tools/r8/internal/ME;)Z 246 <appendix> member <vmtarget> ; # com/android/tools/r8/ir/optimize/b0$$Lambda+0x000002c722333c60
# instanceKlass com/android/tools/r8/ir/optimize/b0$$Lambda+0x000002c722333a08
# instanceKlass com/android/tools/r8/ir/optimize/b0$$Lambda+0x000002c7223337b0
# instanceKlass com/android/tools/r8/internal/US$$Lambda+0x000002c722333588
# instanceKlass com/android/tools/r8/internal/US$$Lambda+0x000002c722333360
# instanceKlass com/android/tools/r8/internal/US$$Lambda+0x000002c722333138
# instanceKlass com/android/tools/r8/internal/US$$Lambda+0x000002c722332f10
# instanceKlass com/android/tools/r8/internal/US$$Lambda+0x000002c722332ce8
# instanceKlass com/android/tools/r8/internal/US$$Lambda+0x000002c722332ac0
# instanceKlass com/android/tools/r8/internal/US$$Lambda+0x000002c722332898
# instanceKlass com/android/tools/r8/internal/US$$Lambda+0x000002c722332670
# instanceKlass com/android/tools/r8/internal/US$$Lambda+0x000002c722332448
# instanceKlass com/android/tools/r8/internal/US$$Lambda+0x000002c722332220
instanceKlass  @bci com/android/tools/r8/internal/US a (Lcom/android/tools/r8/internal/tU;IZLcom/android/tools/r8/internal/Kf0;Lcom/android/tools/r8/internal/If0;)I 72 <appendix> member <vmtarget> ; # com/android/tools/r8/internal/US$$Lambda+0x000002c722331ff8
# instanceKlass java/lang/invoke/LambdaForm$DMH+0x000002c722335000
# instanceKlass java/lang/invoke/LambdaForm$DMH+0x000002c722334c00
# instanceKlass java/lang/invoke/LambdaForm$DMH+0x000002c722334800
# instanceKlass java/lang/invoke/LambdaForm$DMH+0x000002c722334400
# instanceKlass java/lang/invoke/LambdaForm$DMH+0x000002c722334000
instanceKlass  @cpi com/android/tools/r8/ir/optimize/b0 89 form vmentry <vmtarget> ; # java/lang/invoke/LambdaForm$DMH+0x000002c72232ec00
# instanceKlass com/android/tools/r8/internal/US$$Lambda+0x000002c722331b48
# instanceKlass com/android/tools/r8/internal/US$$Lambda+0x000002c722331da0
# instanceKlass com/android/tools/r8/internal/US$$Lambda+0x000002c7223318f0
# instanceKlass com/android/tools/r8/internal/US$$Lambda+0x000002c722331698
# instanceKlass com/android/tools/r8/internal/US$$Lambda+0x000002c722331440
# instanceKlass com/android/tools/r8/internal/US$$Lambda+0x000002c722330f90
# instanceKlass com/android/tools/r8/internal/US$$Lambda+0x000002c7223311e8
# instanceKlass com/android/tools/r8/internal/US$$Lambda+0x000002c722330d38
# instanceKlass com/android/tools/r8/internal/US$$Lambda+0x000002c722330ae0
# instanceKlass com/android/tools/r8/internal/US$$Lambda+0x000002c722330888
instanceKlass  @bci com/android/tools/r8/internal/US a (Lcom/android/tools/r8/internal/tU;IZLcom/android/tools/r8/internal/Kf0;Lcom/android/tools/r8/internal/If0;)I 65 <appendix> member <vmtarget> ; # com/android/tools/r8/internal/US$$Lambda+0x000002c722330630
# instanceKlass com/android/tools/r8/internal/US$$Lambda+0x000002c72232fcf0
# instanceKlass com/android/tools/r8/internal/US$$Lambda+0x000002c72232fac8
# instanceKlass com/android/tools/r8/internal/US$$Lambda+0x000002c72232f8a0
# instanceKlass com/android/tools/r8/internal/US$$Lambda+0x000002c72232f450
# instanceKlass com/android/tools/r8/internal/US$$Lambda+0x000002c72232f678
# instanceKlass com/android/tools/r8/internal/US$$Lambda+0x000002c72232f228
# instanceKlass com/android/tools/r8/internal/US$$Lambda+0x000002c72232f000
# instanceKlass com/android/tools/r8/internal/US$$Lambda+0x000002c72232bc58
# instanceKlass com/android/tools/r8/internal/US$$Lambda+0x000002c72232ba30
# instanceKlass com/android/tools/r8/internal/US$$Lambda+0x000002c72232b808
instanceKlass  @bci com/android/tools/r8/internal/US a (Lcom/android/tools/r8/internal/tU;IZLcom/android/tools/r8/internal/Kf0;Lcom/android/tools/r8/internal/If0;)I 44 <appendix> member <vmtarget> ; # com/android/tools/r8/internal/US$$Lambda+0x000002c72232b5e0
instanceKlass com/android/tools/r8/ir/optimize/b0
# instanceKlass java/lang/invoke/LambdaForm$DMH+0x000002c72232e000
# instanceKlass java/lang/invoke/LambdaForm$DMH+0x000002c72232e800
# instanceKlass java/lang/invoke/LambdaForm$DMH+0x000002c72232dc00
# instanceKlass java/lang/invoke/LambdaForm$DMH+0x000002c72232e400
# instanceKlass java/lang/invoke/LambdaForm$DMH+0x000002c72232d800
# instanceKlass java/lang/invoke/LambdaForm$DMH+0x000002c72232d400
# instanceKlass java/lang/invoke/LambdaForm$DMH+0x000002c72232d000
# instanceKlass java/lang/invoke/LambdaForm$DMH+0x000002c72232cc00
# instanceKlass java/lang/invoke/LambdaForm$DMH+0x000002c72232c800
# instanceKlass java/lang/invoke/LambdaForm$DMH+0x000002c72232c400
instanceKlass  @cpi com/android/tools/r8/internal/US 1564 form vmentry <vmtarget> ; # java/lang/invoke/LambdaForm$DMH+0x000002c72232c000
instanceKlass com/android/tools/r8/internal/nI
# instanceKlass com/android/tools/r8/internal/US$$Lambda+0x000002c72232af78
# instanceKlass com/android/tools/r8/internal/US$$Lambda+0x000002c72232ad20
# instanceKlass com/android/tools/r8/internal/US$$Lambda+0x000002c72232aac8
# instanceKlass com/android/tools/r8/internal/US$$Lambda+0x000002c72232a870
# instanceKlass com/android/tools/r8/internal/US$$Lambda+0x000002c72232a3c0
# instanceKlass com/android/tools/r8/internal/US$$Lambda+0x000002c72232a618
# instanceKlass com/android/tools/r8/internal/US$$Lambda+0x000002c722329ca8
# instanceKlass com/android/tools/r8/internal/US$$Lambda+0x000002c722329a50
# instanceKlass com/android/tools/r8/internal/US$$Lambda+0x000002c722329f00
# instanceKlass com/android/tools/r8/internal/US$$Lambda+0x000002c7223297f8
instanceKlass  @bci com/android/tools/r8/internal/US a (Lcom/android/tools/r8/internal/tU;IZLcom/android/tools/r8/internal/Kf0;Lcom/android/tools/r8/internal/If0;)I 37 <appendix> member <vmtarget> ; # com/android/tools/r8/internal/US$$Lambda+0x000002c7223295a0
instanceKlass com/android/tools/r8/ir/optimize/f0
# instanceKlass com/android/tools/r8/internal/tU$$Lambda+0x000002c722328f10
# instanceKlass com/android/tools/r8/internal/tU$$Lambda+0x000002c722328cf0
# instanceKlass com/android/tools/r8/internal/US$$Lambda+0x000002c722328aa0
# instanceKlass com/android/tools/r8/internal/tU$$Lambda+0x000002c722328880
# instanceKlass com/android/tools/r8/internal/tU$$Lambda+0x000002c722328660
# instanceKlass com/android/tools/r8/internal/tU$$Lambda+0x000002c722328440
# instanceKlass com/android/tools/r8/internal/tU$$Lambda+0x000002c722328220
# instanceKlass com/android/tools/r8/internal/tU$$Lambda+0x000002c722328000
# instanceKlass com/android/tools/r8/internal/tU$$Lambda+0x000002c722327ce8
# instanceKlass com/android/tools/r8/internal/US$$Lambda+0x000002c722327a98
instanceKlass  @bci com/android/tools/r8/internal/US a (Lcom/android/tools/r8/internal/tU;ILcom/android/tools/r8/internal/Kf0;)Z 526 <appendix> argL0 ; # com/android/tools/r8/internal/US$$Lambda+0x000002c722327848
# instanceKlass com/android/tools/r8/internal/tU$$Lambda+0x000002c722327628
# instanceKlass com/android/tools/r8/internal/tU$$Lambda+0x000002c722326dd8
instanceKlass  @bci com/android/tools/r8/internal/tU l ()V 37 <appendix> argL0 ; # com/android/tools/r8/internal/tU$$Lambda+0x000002c722326bb8
# instanceKlass com/android/tools/r8/internal/ME$$Lambda+0x000002c722326988
# instanceKlass com/android/tools/r8/internal/ME$$Lambda+0x000002c722326758
# instanceKlass com/android/tools/r8/internal/ME$$Lambda+0x000002c722326528
# instanceKlass com/android/tools/r8/internal/ME$$Lambda+0x000002c7223262f8
instanceKlass  @bci com/android/tools/r8/internal/ME a (Lcom/android/tools/r8/internal/ME;)V 36 <appendix> argL0 ; # com/android/tools/r8/internal/ME$$Lambda+0x000002c7223260c8
# instanceKlass com/android/tools/r8/internal/ME$$Lambda+0x000002c722325e98
# instanceKlass com/android/tools/r8/internal/ME$$Lambda+0x000002c722325a70
# instanceKlass com/android/tools/r8/internal/ME$$Lambda+0x000002c722325840
instanceKlass  @bci com/android/tools/r8/internal/ME a (Lcom/android/tools/r8/internal/ME;)V 18 <appendix> argL0 ; # com/android/tools/r8/internal/ME$$Lambda+0x000002c722325610
# instanceKlass com/android/tools/r8/internal/Y5$$Lambda+0x000002c722324ce8
# instanceKlass com/android/tools/r8/internal/Y5$$Lambda+0x000002c722324890
# instanceKlass com/android/tools/r8/internal/Y5$$Lambda+0x000002c722324660
# instanceKlass com/android/tools/r8/internal/Y5$$Lambda+0x000002c722324430
instanceKlass  @bci com/android/tools/r8/internal/Y5 b ()V 9 <appendix> argL0 ; # com/android/tools/r8/internal/Y5$$Lambda+0x000002c722324200
# instanceKlass com/android/tools/r8/internal/Y5$$Lambda+0x000002c722323fd0
# instanceKlass com/android/tools/r8/internal/US$$Lambda+0x000002c7223234e0
# instanceKlass com/android/tools/r8/internal/US$$Lambda+0x000002c7223232b0
# instanceKlass com/android/tools/r8/internal/US$$Lambda+0x000002c722323080
# instanceKlass com/android/tools/r8/internal/US$$Lambda+0x000002c722322e50
# instanceKlass com/android/tools/r8/internal/US$$Lambda+0x000002c722322c20
instanceKlass  @bci com/android/tools/r8/internal/US f ()V 7 <appendix> argL0 ; # com/android/tools/r8/internal/US$$Lambda+0x000002c722322520
# instanceKlass com/android/tools/r8/internal/US$$Lambda+0x000002c722321e68
# instanceKlass com/android/tools/r8/internal/US$$Lambda+0x000002c722321c10
# instanceKlass com/android/tools/r8/internal/US$$Lambda+0x000002c7223219b8
instanceKlass  @bci com/android/tools/r8/internal/US a (Lcom/android/tools/r8/internal/uC;Ljava/util/ArrayList;Lcom/android/tools/r8/internal/Df0;Ljava/util/IdentityHashMap;)V 574 <appendix> member <vmtarget> ; # com/android/tools/r8/internal/US$$Lambda+0x000002c722321760
# instanceKlass com/android/tools/r8/internal/US$$Lambda+0x000002c722321508
# instanceKlass com/android/tools/r8/internal/US$$Lambda+0x000002c7223212b0
# instanceKlass com/android/tools/r8/internal/US$$Lambda+0x000002c722320940
# instanceKlass com/android/tools/r8/internal/US$$Lambda+0x000002c7223206f0
# instanceKlass com/android/tools/r8/internal/US$$Lambda+0x000002c7223204a0
# instanceKlass com/android/tools/r8/internal/US$$Lambda+0x000002c722320250
# instanceKlass com/android/tools/r8/internal/US$$Lambda+0x000002c722320000
instanceKlass  @bci com/android/tools/r8/internal/US a (Lcom/android/tools/r8/internal/uC;Ljava/util/ArrayList;Lcom/android/tools/r8/internal/Df0;Ljava/util/IdentityHashMap;)V 546 <appendix> argL0 ; # com/android/tools/r8/internal/US$$Lambda+0x000002c72231dd98
instanceKlass com/android/tools/r8/internal/BZ
# instanceKlass com/android/tools/r8/internal/tm0$$Lambda+0x000002c72231d6a8
# instanceKlass com/android/tools/r8/internal/tm0$$Lambda+0x000002c72231d470
# instanceKlass com/android/tools/r8/internal/tm0$$Lambda+0x000002c72231d238
# instanceKlass com/android/tools/r8/internal/tm0$$Lambda+0x000002c72231d000
instanceKlass  @bci com/android/tools/r8/internal/tm0 a (Ljava/lang/Iterable;)Ljava/util/Set; 18 <appendix> member <vmtarget> ; # com/android/tools/r8/internal/tm0$$Lambda+0x000002c72231fc20
# instanceKlass com/android/tools/r8/internal/tm0$$Lambda+0x000002c72231f9e8
# instanceKlass com/android/tools/r8/internal/US$$Lambda+0x000002c72231f750
instanceKlass  @bci com/android/tools/r8/internal/US a (Lcom/android/tools/r8/internal/uC;Ljava/util/ArrayList;Lcom/android/tools/r8/internal/Df0;Ljava/util/IdentityHashMap;)V 271 <appendix> argL0 ; # com/android/tools/r8/internal/US$$Lambda+0x000002c72231f158
instanceKlass com/android/tools/r8/internal/D0
instanceKlass com/android/tools/r8/internal/qi
instanceKlass com/android/tools/r8/internal/TS
instanceKlass com/android/tools/r8/internal/AZ
# instanceKlass com/android/tools/r8/internal/US$$Lambda+0x000002c72231e690
# instanceKlass com/android/tools/r8/internal/US$$Lambda+0x000002c72231e458
# instanceKlass com/android/tools/r8/internal/US$$Lambda+0x000002c72231e220
# instanceKlass com/android/tools/r8/internal/US$$Lambda+0x000002c72231e000
# instanceKlass com/android/tools/r8/internal/US$$Lambda+0x000002c72231bc50
# instanceKlass com/android/tools/r8/internal/US$$Lambda+0x000002c72231ba30
# instanceKlass com/android/tools/r8/internal/US$$Lambda+0x000002c72231b810
# instanceKlass com/android/tools/r8/internal/US$$Lambda+0x000002c72231b3d0
instanceKlass  @bci com/android/tools/r8/internal/US a (Lcom/android/tools/r8/internal/uC;Ljava/util/ArrayList;Lcom/android/tools/r8/internal/Df0;Ljava/util/IdentityHashMap;)V 180 <appendix> argL0 ; # com/android/tools/r8/internal/US$$Lambda+0x000002c72231b5f0
instanceKlass  @bci com/android/tools/r8/internal/US a (Ljava/util/List;Lcom/android/tools/r8/internal/qK;)V 20 <appendix> argL0 ; # com/android/tools/r8/internal/US$$Lambda+0x000002c72231b180
# instanceKlass com/android/tools/r8/internal/US$$Lambda+0x000002c72231af30
# instanceKlass com/android/tools/r8/internal/US$$Lambda+0x000002c72231ace0
# instanceKlass com/android/tools/r8/internal/US$$Lambda+0x000002c72231aa90
instanceKlass  @bci com/android/tools/r8/internal/US c (ILcom/android/tools/r8/internal/tU;)Lcom/android/tools/r8/internal/Kf0; 161 <appendix> member <vmtarget> ; # com/android/tools/r8/internal/US$$Lambda+0x000002c72231a440
# instanceKlass com/android/tools/r8/internal/US$$Lambda+0x000002c72231a1f0
# instanceKlass com/android/tools/r8/internal/TY$$Lambda+0x000002c722319d40
# instanceKlass com/android/tools/r8/internal/TY$$Lambda+0x000002c722319f98
# instanceKlass com/android/tools/r8/internal/TY$$Lambda+0x000002c722319890
# instanceKlass com/android/tools/r8/internal/TY$$Lambda+0x000002c722319ae8
instanceKlass  @bci com/android/tools/r8/internal/TY a ()V 5 <appendix> member <vmtarget> ; # com/android/tools/r8/internal/TY$$Lambda+0x000002c722319638
# instanceKlass com/android/tools/r8/internal/TY$$Lambda+0x000002c7223193e0
# instanceKlass com/android/tools/r8/internal/US$$Lambda+0x000002c722319190
# instanceKlass com/android/tools/r8/internal/US$$Lambda+0x000002c722318f40
instanceKlass  @bci com/android/tools/r8/internal/US a (Lcom/android/tools/r8/internal/tU;ILcom/android/tools/r8/internal/Kf0;)Z 94 <appendix> argL0 ; # com/android/tools/r8/internal/US$$Lambda+0x000002c722318cf0
instanceKlass  @bci com/android/tools/r8/internal/US a (Lcom/android/tools/r8/internal/tU;)V 207 <appendix> argL0 ; # com/android/tools/r8/internal/US$$Lambda+0x000002c722318ac0
# instanceKlass java/lang/invoke/LambdaForm$DMH+0x000002c72231cc00
# instanceKlass java/lang/invoke/LambdaForm$DMH+0x000002c72231c800
# instanceKlass java/lang/invoke/LambdaForm$DMH+0x000002c72231c400
instanceKlass  @cpi com/android/tools/r8/internal/US 1894 form vmentry <vmtarget> ; # java/lang/invoke/LambdaForm$DMH+0x000002c72231c000
instanceKlass com/android/tools/r8/internal/TY
instanceKlass  @bci com/android/tools/r8/internal/US a (Lcom/android/tools/r8/internal/tU;)V 21 <appendix> member <vmtarget> ; # com/android/tools/r8/internal/US$$Lambda+0x000002c722318000
instanceKlass com/android/tools/r8/internal/ZD
# instanceKlass com/android/tools/r8/internal/US$$Lambda+0x000002c7223177d0
# instanceKlass com/android/tools/r8/internal/US$$Lambda+0x000002c722317580
# instanceKlass com/android/tools/r8/internal/US$$Lambda+0x000002c722317330
# instanceKlass com/android/tools/r8/internal/US$$Lambda+0x000002c7223170e0
# instanceKlass com/android/tools/r8/internal/US$$Lambda+0x000002c722316e90
# instanceKlass com/android/tools/r8/internal/US$$Lambda+0x000002c722316c40
# instanceKlass com/android/tools/r8/internal/US$$Lambda+0x000002c7223169f0
# instanceKlass com/android/tools/r8/internal/US$$Lambda+0x000002c7223167a0
# instanceKlass com/android/tools/r8/internal/US$$Lambda+0x000002c722316550
# instanceKlass com/android/tools/r8/internal/US$$Lambda+0x000002c722316300
# instanceKlass com/android/tools/r8/internal/US$$Lambda+0x000002c7223160b0
instanceKlass  @bci com/android/tools/r8/internal/US b (Lcom/android/tools/r8/internal/tU;)V 31 <appendix> argL0 ; # com/android/tools/r8/internal/US$$Lambda+0x000002c722315e60
# instanceKlass com/android/tools/r8/internal/po0$$Lambda+0x000002c722315c08
# instanceKlass com/android/tools/r8/internal/po0$$Lambda+0x000002c7223159b0
# instanceKlass com/android/tools/r8/internal/po0$$Lambda+0x000002c722315758
# instanceKlass com/android/tools/r8/internal/po0$$Lambda+0x000002c722315500
# instanceKlass com/android/tools/r8/internal/po0$$Lambda+0x000002c7223152a8
instanceKlass  @bci com/android/tools/r8/internal/po0 a (I)I 131 <appendix> member <vmtarget> ; # com/android/tools/r8/internal/po0$$Lambda+0x000002c722315050
# instanceKlass com/android/tools/r8/internal/US$$Lambda+0x000002c722314e00
# instanceKlass com/android/tools/r8/internal/US$$Lambda+0x000002c722314bb0
# instanceKlass com/android/tools/r8/internal/US$$Lambda+0x000002c722314960
# instanceKlass com/android/tools/r8/internal/US$$Lambda+0x000002c722314710
# instanceKlass com/android/tools/r8/internal/US$$Lambda+0x000002c7223144c0
# instanceKlass com/android/tools/r8/internal/US$$Lambda+0x000002c722314020
# instanceKlass com/android/tools/r8/internal/US$$Lambda+0x000002c722314270
instanceKlass  @bci com/android/tools/r8/internal/US o (Lcom/android/tools/r8/internal/tU;)V 16 <appendix> argL0 ; # com/android/tools/r8/internal/US$$Lambda+0x000002c722313dd0
# instanceKlass com/android/tools/r8/internal/US$$Lambda+0x000002c722313b80
# instanceKlass com/android/tools/r8/internal/US$$Lambda+0x000002c722313930
# instanceKlass com/android/tools/r8/internal/US$$Lambda+0x000002c7223136e0
# instanceKlass com/android/tools/r8/internal/US$$Lambda+0x000002c722313490
# instanceKlass com/android/tools/r8/internal/US$$Lambda+0x000002c722313240
# instanceKlass com/android/tools/r8/internal/US$$Lambda+0x000002c722312ff0
# instanceKlass com/android/tools/r8/internal/US$$Lambda+0x000002c722312da0
# instanceKlass com/android/tools/r8/internal/US$$Lambda+0x000002c722312b50
# instanceKlass com/android/tools/r8/internal/US$$Lambda+0x000002c722312900
# instanceKlass com/android/tools/r8/internal/US$$Lambda+0x000002c7223126b0
# instanceKlass com/android/tools/r8/internal/US$$Lambda+0x000002c722312460
instanceKlass com/android/tools/r8/internal/po0
# instanceKlass com/android/tools/r8/internal/US$$Lambda+0x000002c722312000
instanceKlass  @bci com/android/tools/r8/internal/US a (Z)V 21 <appendix> argL0 ; # com/android/tools/r8/internal/US$$Lambda+0x000002c722311db0
instanceKlass  @bci com/android/tools/r8/internal/US n (Lcom/android/tools/r8/internal/tU;)V 16 <appendix> argL0 ; # com/android/tools/r8/internal/US$$Lambda+0x000002c722311b60
# instanceKlass com/android/tools/r8/internal/VK$$Lambda+0x000002c722311918
# instanceKlass com/android/tools/r8/internal/VK$$Lambda+0x000002c7223116d0
# instanceKlass com/android/tools/r8/internal/VK$$Lambda+0x000002c722311488
# instanceKlass com/android/tools/r8/internal/VK$$Lambda+0x000002c722310ff8
# instanceKlass com/android/tools/r8/internal/VK$$Lambda+0x000002c722310db0
# instanceKlass com/android/tools/r8/internal/VK$$Lambda+0x000002c722311240
# instanceKlass com/android/tools/r8/internal/VK$$Lambda+0x000002c722310b68
# instanceKlass com/android/tools/r8/internal/VK$$Lambda+0x000002c722310920
# instanceKlass com/android/tools/r8/internal/VK$$Lambda+0x000002c7223106d8
# instanceKlass com/android/tools/r8/internal/VK$$Lambda+0x000002c722310000
# instanceKlass com/android/tools/r8/internal/VK$$Lambda+0x000002c722310248
# instanceKlass com/android/tools/r8/internal/VK$$Lambda+0x000002c722310490
# instanceKlass com/android/tools/r8/internal/VK$$Lambda+0x000002c72230fbc0
# instanceKlass com/android/tools/r8/internal/VK$$Lambda+0x000002c72230f978
# instanceKlass com/android/tools/r8/internal/VK$$Lambda+0x000002c72230f730
# instanceKlass com/android/tools/r8/internal/VK$$Lambda+0x000002c72230f2a0
# instanceKlass com/android/tools/r8/internal/VK$$Lambda+0x000002c72230f4e8
instanceKlass  @bci com/android/tools/r8/internal/VK a (Ljava/lang/Iterable;Ljava/util/function/Predicate;)Ljava/lang/Iterable; 2 <appendix> member <vmtarget> ; # com/android/tools/r8/internal/VK$$Lambda+0x000002c72230f058
instanceKlass com/android/tools/r8/internal/VK
# instanceKlass com/android/tools/r8/internal/US$$Lambda+0x000002c72230ee00
# instanceKlass com/android/tools/r8/internal/US$$Lambda+0x000002c72230eba8
# instanceKlass com/android/tools/r8/internal/US$$Lambda+0x000002c72230e950
# instanceKlass com/android/tools/r8/internal/US$$Lambda+0x000002c72230e6f8
# instanceKlass com/android/tools/r8/internal/US$$Lambda+0x000002c72230e248
# instanceKlass com/android/tools/r8/internal/US$$Lambda+0x000002c72230e4a0
# instanceKlass com/android/tools/r8/internal/US$$Lambda+0x000002c72230dff0
# instanceKlass com/android/tools/r8/internal/US$$Lambda+0x000002c72230dd98
# instanceKlass com/android/tools/r8/internal/US$$Lambda+0x000002c72230db40
# instanceKlass com/android/tools/r8/internal/US$$Lambda+0x000002c72230d8e8
# instanceKlass com/android/tools/r8/internal/US$$Lambda+0x000002c72230d690
# instanceKlass com/android/tools/r8/internal/US$$Lambda+0x000002c72230d438
# instanceKlass com/android/tools/r8/internal/US$$Lambda+0x000002c72230d1e0
# instanceKlass com/android/tools/r8/internal/US$$Lambda+0x000002c72230cf88
# instanceKlass com/android/tools/r8/internal/US$$Lambda+0x000002c72230cd30
# instanceKlass com/android/tools/r8/internal/US$$Lambda+0x000002c72230c880
# instanceKlass com/android/tools/r8/internal/US$$Lambda+0x000002c72230cad8
instanceKlass  @bci com/android/tools/r8/internal/US n ()Z 36 <appendix> member <vmtarget> ; # com/android/tools/r8/internal/US$$Lambda+0x000002c72230c628
instanceKlass com/android/tools/r8/internal/oB
# instanceKlass com/android/tools/r8/internal/US$$Lambda+0x000002c72230c178
# instanceKlass com/android/tools/r8/internal/US$$Lambda+0x000002c72230bf18
# instanceKlass com/android/tools/r8/internal/US$$Lambda+0x000002c72230bcb8
# instanceKlass com/android/tools/r8/internal/US$$Lambda+0x000002c72230ba58
# instanceKlass com/android/tools/r8/internal/US$$Lambda+0x000002c72230b7f8
# instanceKlass com/android/tools/r8/internal/US$$Lambda+0x000002c72230b598
# instanceKlass com/android/tools/r8/internal/US$$Lambda+0x000002c72230b0d8
# instanceKlass com/android/tools/r8/internal/US$$Lambda+0x000002c72230b338
# instanceKlass com/android/tools/r8/internal/US$$Lambda+0x000002c72230ae78
# instanceKlass com/android/tools/r8/internal/US$$Lambda+0x000002c72230ac18
# instanceKlass com/android/tools/r8/internal/US$$Lambda+0x000002c72230a9b8
# instanceKlass com/android/tools/r8/internal/US$$Lambda+0x000002c72230a758
# instanceKlass com/android/tools/r8/internal/US$$Lambda+0x000002c72230a4f8
# instanceKlass com/android/tools/r8/internal/US$$Lambda+0x000002c72230a298
# instanceKlass com/android/tools/r8/internal/US$$Lambda+0x000002c72230a038
# instanceKlass com/android/tools/r8/internal/US$$Lambda+0x000002c722309dd8
# instanceKlass com/android/tools/r8/internal/US$$Lambda+0x000002c722309b78
instanceKlass  @bci com/android/tools/r8/internal/US i ()Lcom/android/tools/r8/internal/XK; 8 <appendix> argL0 ; # com/android/tools/r8/internal/US$$Lambda+0x000002c722309918
# instanceKlass com/android/tools/r8/internal/sB$$Lambda+0x000002c722309488
# instanceKlass com/android/tools/r8/internal/sB$$Lambda+0x000002c7223096d0
# instanceKlass com/android/tools/r8/internal/sB$$Lambda+0x000002c722309240
# instanceKlass com/android/tools/r8/internal/sB$$Lambda+0x000002c7223086d8
# instanceKlass com/android/tools/r8/internal/sB$$Lambda+0x000002c722308ff8
# instanceKlass com/android/tools/r8/internal/sB$$Lambda+0x000002c722308b68
# instanceKlass com/android/tools/r8/internal/sB$$Lambda+0x000002c722308920
# instanceKlass com/android/tools/r8/internal/sB$$Lambda+0x000002c722308db0
# instanceKlass com/android/tools/r8/internal/sB$$Lambda+0x000002c722308490
# instanceKlass com/android/tools/r8/internal/sB$$Lambda+0x000002c722308248
# instanceKlass com/android/tools/r8/internal/sB$$Lambda+0x000002c722307c20
# instanceKlass com/android/tools/r8/internal/sB$$Lambda+0x000002c722308000
# instanceKlass com/android/tools/r8/internal/sB$$Lambda+0x000002c7223079d8
# instanceKlass com/android/tools/r8/internal/sB$$Lambda+0x000002c722307790
# instanceKlass com/android/tools/r8/internal/sB$$Lambda+0x000002c722307300
# instanceKlass com/android/tools/r8/internal/sB$$Lambda+0x000002c722307548
# instanceKlass com/android/tools/r8/internal/sB$$Lambda+0x000002c7223070b8
instanceKlass  @bci com/android/tools/r8/internal/sB c ()Ljava/lang/Iterable; 1 <appendix> member <vmtarget> ; # com/android/tools/r8/internal/sB$$Lambda+0x000002c722306e70
# instanceKlass com/android/tools/r8/internal/sB$$Lambda+0x000002c722306c28
# instanceKlass com/android/tools/r8/internal/sB$$Lambda+0x000002c7223069e0
# instanceKlass com/android/tools/r8/internal/sB$$Lambda+0x000002c722306798
# instanceKlass com/android/tools/r8/internal/sB$$Lambda+0x000002c722306550
# instanceKlass com/android/tools/r8/internal/sB$$Lambda+0x000002c722306308
# instanceKlass com/android/tools/r8/internal/sB$$Lambda+0x000002c7223060c0
# instanceKlass com/android/tools/r8/internal/sB$$Lambda+0x000002c722305e78
# instanceKlass com/android/tools/r8/internal/sB$$Lambda+0x000002c722305c30
# instanceKlass com/android/tools/r8/internal/sB$$Lambda+0x000002c7223059e8
# instanceKlass com/android/tools/r8/internal/sB$$Lambda+0x000002c722305558
# instanceKlass com/android/tools/r8/internal/sB$$Lambda+0x000002c7223057a0
# instanceKlass com/android/tools/r8/internal/sB$$Lambda+0x000002c722305310
# instanceKlass com/android/tools/r8/internal/sB$$Lambda+0x000002c7223050c8
# instanceKlass com/android/tools/r8/internal/sB$$Lambda+0x000002c722304e80
# instanceKlass com/android/tools/r8/internal/sB$$Lambda+0x000002c722304c38
# instanceKlass com/android/tools/r8/internal/sB$$Lambda+0x000002c7223049f0
# instanceKlass com/android/tools/r8/internal/sB$$Lambda+0x000002c7223047a8
instanceKlass  @bci com/android/tools/r8/internal/sB a (Ljava/util/function/Predicate;)Ljava/lang/Iterable; 2 <appendix> member <vmtarget> ; # com/android/tools/r8/internal/sB$$Lambda+0x000002c722304560
# instanceKlass com/android/tools/r8/internal/US$$Lambda+0x000002c722304310
# instanceKlass com/android/tools/r8/internal/US$$Lambda+0x000002c7223040c0
# instanceKlass com/android/tools/r8/internal/US$$Lambda+0x000002c722303e70
# instanceKlass com/android/tools/r8/internal/US$$Lambda+0x000002c722303c20
# instanceKlass com/android/tools/r8/internal/US$$Lambda+0x000002c7223039d0
# instanceKlass com/android/tools/r8/internal/US$$Lambda+0x000002c722303780
# instanceKlass com/android/tools/r8/internal/US$$Lambda+0x000002c722303530
# instanceKlass com/android/tools/r8/internal/US$$Lambda+0x000002c7223032e0
# instanceKlass com/android/tools/r8/internal/US$$Lambda+0x000002c722303090
# instanceKlass com/android/tools/r8/internal/US$$Lambda+0x000002c722302e40
# instanceKlass com/android/tools/r8/internal/US$$Lambda+0x000002c722302750
# instanceKlass com/android/tools/r8/internal/US$$Lambda+0x000002c722302bf0
# instanceKlass com/android/tools/r8/internal/US$$Lambda+0x000002c7223029a0
# instanceKlass com/android/tools/r8/internal/US$$Lambda+0x000002c722302500
instanceKlass  @bci com/android/tools/r8/internal/US g ()V 31 <appendix> argL0 ; # com/android/tools/r8/internal/US$$Lambda+0x000002c7223022b0
# instanceKlass com/android/tools/r8/internal/US$$Lambda+0x000002c722302060
# instanceKlass com/android/tools/r8/internal/qK$$Lambda+0x000002c722301e10
# instanceKlass com/android/tools/r8/internal/zx0$$Lambda+0x000002c722301bc0
# instanceKlass com/android/tools/r8/internal/zx0$$Lambda+0x000002c722301970
# instanceKlass com/android/tools/r8/internal/zx0$$Lambda+0x000002c722301720
# instanceKlass com/android/tools/r8/internal/qK$$Lambda+0x000002c722301030
# instanceKlass com/android/tools/r8/internal/zx0$$Lambda+0x000002c7223014d0
# instanceKlass com/android/tools/r8/internal/zx0$$Lambda+0x000002c722301280
# instanceKlass com/android/tools/r8/internal/zx0$$Lambda+0x000002c722300de0
# instanceKlass com/android/tools/r8/internal/zx0$$Lambda+0x000002c722300b90
# instanceKlass com/android/tools/r8/internal/qK$$Lambda+0x000002c722300940
instanceKlass  @bci com/android/tools/r8/internal/qK a (Lcom/android/tools/r8/internal/K70;)Z 17 <appendix> argL0 ; # com/android/tools/r8/internal/qK$$Lambda+0x000002c7223006f0
# instanceKlass com/android/tools/r8/internal/zx0$$Lambda+0x000002c7223004a0
# instanceKlass com/android/tools/r8/internal/zx0$$Lambda+0x000002c722300000
# instanceKlass com/android/tools/r8/internal/zx0$$Lambda+0x000002c722300250
# instanceKlass com/android/tools/r8/internal/zx0$$Lambda+0x000002c7222ff948
# instanceKlass com/android/tools/r8/internal/zx0$$Lambda+0x000002c7222ffb98
# instanceKlass com/android/tools/r8/internal/zx0$$Lambda+0x000002c7222ff6f8
# instanceKlass com/android/tools/r8/internal/zx0$$Lambda+0x000002c7222ff4a8
instanceKlass  @bci com/android/tools/r8/internal/zx0 H ()Z 1 <appendix> argL0 ; # com/android/tools/r8/internal/zx0$$Lambda+0x000002c7222ff258
instanceKlass com/android/tools/r8/internal/uU
# instanceKlass com/android/tools/r8/internal/US$$Lambda+0x000002c7222feb08
# instanceKlass com/android/tools/r8/internal/US$$Lambda+0x000002c7222feda0
# instanceKlass com/android/tools/r8/internal/US$$Lambda+0x000002c7222fe870
# instanceKlass com/android/tools/r8/internal/US$$Lambda+0x000002c7222fe340
# instanceKlass com/android/tools/r8/internal/US$$Lambda+0x000002c7222fe5d8
# instanceKlass com/android/tools/r8/internal/US$$Lambda+0x000002c7222fe0a8
# instanceKlass com/android/tools/r8/internal/US$$Lambda+0x000002c7222fde10
instanceKlass  @bci com/android/tools/r8/internal/US a (Lcom/android/tools/r8/graph/y;Lcom/android/tools/r8/internal/sB;Ljava/util/IdentityHashMap;Ljava/util/ArrayList;)V 871 <appendix> argL0 ; # com/android/tools/r8/internal/US$$Lambda+0x000002c7222fdb78
instanceKlass com/android/tools/r8/internal/wU
instanceKlass com/android/tools/r8/internal/rB
instanceKlass  @bci com/android/tools/r8/internal/sB e ()Ljava/util/IdentityHashMap; 738 <appendix> argL0 ; # com/android/tools/r8/internal/sB$$Lambda+0x000002c7222fd4b0
# instanceKlass com/android/tools/r8/internal/US$$Lambda+0x000002c7222fcf08
instanceKlass com/android/tools/r8/internal/tU
instanceKlass  @bci com/android/tools/r8/internal/US a (Lcom/android/tools/r8/internal/qK;)Z 17 <appendix> argL0 ; # com/android/tools/r8/internal/US$$Lambda+0x000002c7222fca58
instanceKlass com/android/tools/r8/internal/uI
instanceKlass com/android/tools/r8/internal/zZ
instanceKlass com/android/tools/r8/internal/Jf0
instanceKlass com/android/tools/r8/internal/US
# instanceKlass com/android/tools/r8/internal/xo$$Lambda+0x000002c7222f8d50
# instanceKlass com/android/tools/r8/internal/xo$$Lambda+0x000002c7222f8b10
instanceKlass  @bci com/android/tools/r8/internal/xo a (Lcom/android/tools/r8/internal/sB;Lcom/android/tools/r8/internal/Y5;Lcom/android/tools/r8/internal/ZR;Ljava/util/IdentityHashMap;Ljava/util/function/Predicate;)V 1058 <appendix> argL0 ; # com/android/tools/r8/internal/xo$$Lambda+0x000002c7222f88d0
instanceKlass  @bci com/android/tools/r8/ir/optimize/z a ()V 1533 <appendix> argL0 ; # com/android/tools/r8/ir/optimize/z$$Lambda+0x000002c7222f7d28
instanceKlass com/android/tools/r8/ir/optimize/u0
instanceKlass com/android/tools/r8/internal/x30
instanceKlass com/android/tools/r8/internal/z30
instanceKlass com/android/tools/r8/graph/e3
# instanceKlass java/util/stream/StreamSpliterators$WrappingSpliterator$$Lambda+0x000002c7220d3438
# instanceKlass java/util/stream/StreamSpliterators$WrappingSpliterator$$Lambda+0x000002c7220d3210
# instanceKlass java/util/stream/StreamSpliterators$WrappingSpliterator$$Lambda+0x000002c7220d2fe8
# instanceKlass java/util/stream/StreamSpliterators$WrappingSpliterator$$Lambda+0x000002c7220d2dc0
# instanceKlass java/util/stream/StreamSpliterators$WrappingSpliterator$$Lambda+0x000002c7220d2b98
# instanceKlass java/util/stream/StreamSpliterators$WrappingSpliterator$$Lambda+0x000002c7220d2970
instanceKlass  @bci java/util/stream/StreamSpliterators$WrappingSpliterator initPartialTraversalState ()V 37 <appendix> member <vmtarget> ; # java/util/stream/StreamSpliterators$WrappingSpliterator$$Lambda+0x000002c7220d2748
# instanceKlass java/util/stream/StreamSpliterators$WrappingSpliterator$$Lambda+0x000002c7220d1f28
# instanceKlass java/util/stream/StreamSpliterators$WrappingSpliterator$$Lambda+0x000002c7220d21d8
# instanceKlass java/util/stream/StreamSpliterators$WrappingSpliterator$$Lambda+0x000002c7220d1718
# instanceKlass java/util/stream/StreamSpliterators$WrappingSpliterator$$Lambda+0x000002c7220d19c8
# instanceKlass java/util/stream/StreamSpliterators$WrappingSpliterator$$Lambda+0x000002c7220d1c78
instanceKlass  @bci java/util/stream/StreamSpliterators$WrappingSpliterator initPartialTraversalState ()V 24 <appendix> member <vmtarget> ; # java/util/stream/StreamSpliterators$WrappingSpliterator$$Lambda+0x000002c7220d1468
# instanceKlass java/util/stream/StreamSpliterators$WrappingSpliterator$$Lambda+0x000002c7220d11b8
instanceKlass java/util/stream/StreamSpliterators
instanceKlass com/android/tools/r8/internal/w8$a
instanceKlass java/util/stream/AbstractSpinedBuffer
# instanceKlass com/android/tools/r8/internal/j6$$Lambda+0x000002c7222f51c0
instanceKlass  @bci com/android/tools/r8/internal/j6 a ()Ljava/util/function/BiPredicate; 0 <appendix> argL0 ; # com/android/tools/r8/internal/j6$$Lambda+0x000002c7222f4f70
instanceKlass com/android/tools/r8/internal/w8
instanceKlass java/util/stream/StreamSpliterators$AbstractWrappingSpliterator
# instanceKlass java/util/stream/AbstractPipeline$$Lambda+0x000002c7220d0360
# instanceKlass java/util/stream/AbstractPipeline$$Lambda+0x000002c7220cff10
# instanceKlass java/util/stream/AbstractPipeline$$Lambda+0x000002c7220d0138
# instanceKlass java/util/stream/AbstractPipeline$$Lambda+0x000002c7220cfce8
# instanceKlass java/util/stream/AbstractPipeline$$Lambda+0x000002c7220cf898
# instanceKlass java/util/stream/AbstractPipeline$$Lambda+0x000002c7220cfac0
instanceKlass  @bci java/util/stream/AbstractPipeline spliterator ()Ljava/util/Spliterator; 103 <appendix> member <vmtarget> ; # java/util/stream/AbstractPipeline$$Lambda+0x000002c7220cf670
instanceKlass com/android/tools/r8/internal/j6
instanceKlass com/android/tools/r8/ir/optimize/L
instanceKlass java/util/stream/SliceOps
# instanceKlass com/android/tools/r8/ir/optimize/z$$Lambda+0x000002c7222f48a0
# instanceKlass com/android/tools/r8/ir/optimize/z$$Lambda+0x000002c7222f4608
# instanceKlass com/android/tools/r8/ir/optimize/z$$Lambda+0x000002c7222f4118
# instanceKlass com/android/tools/r8/internal/xo$$Lambda+0x000002c7222f43b0
# instanceKlass com/android/tools/r8/ir/optimize/z$$Lambda+0x000002c7222f3e80
# instanceKlass com/android/tools/r8/ir/optimize/z$$Lambda+0x000002c7222f3be8
# instanceKlass com/android/tools/r8/ir/optimize/z$$Lambda+0x000002c7222f36b8
instanceKlass  @bci com/android/tools/r8/ir/optimize/z a ()V 416 <appendix> argL0 ; # com/android/tools/r8/ir/optimize/z$$Lambda+0x000002c7222f3950
# instanceKlass com/android/tools/r8/internal/xo$$Lambda+0x000002c7222f3460
# instanceKlass com/android/tools/r8/internal/xo$$Lambda+0x000002c7222f3208
# instanceKlass com/android/tools/r8/internal/xo$$Lambda+0x000002c7222f2fb0
# instanceKlass com/android/tools/r8/internal/xo$$Lambda+0x000002c7222f2d58
# instanceKlass com/android/tools/r8/internal/xo$$Lambda+0x000002c7222f2b00
# instanceKlass com/android/tools/r8/internal/xo$$Lambda+0x000002c7222f28a8
# instanceKlass com/android/tools/r8/internal/xo$$Lambda+0x000002c7222f2650
# instanceKlass com/android/tools/r8/internal/xo$$Lambda+0x000002c7222f23f8
# instanceKlass com/android/tools/r8/internal/xo$$Lambda+0x000002c7222f21a0
instanceKlass  @bci com/android/tools/r8/internal/xo a (Lcom/android/tools/r8/internal/sB;Lcom/android/tools/r8/ir/optimize/z;)V 76 <appendix> member <vmtarget> ; # com/android/tools/r8/internal/xo$$Lambda+0x000002c7222f1f48
# instanceKlass com/android/tools/r8/ir/optimize/z$$Lambda+0x000002c7222f1cf8
# instanceKlass com/android/tools/r8/ir/optimize/z$$Lambda+0x000002c7222f1aa8
# instanceKlass com/android/tools/r8/ir/optimize/z$$Lambda+0x000002c7222f1858
# instanceKlass com/android/tools/r8/ir/optimize/z$$Lambda+0x000002c7222f1608
# instanceKlass com/android/tools/r8/ir/optimize/z$$Lambda+0x000002c7222f13b8
# instanceKlass com/android/tools/r8/ir/optimize/z$$Lambda+0x000002c7222f1168
instanceKlass  @bci com/android/tools/r8/ir/optimize/z a ()V 406 <appendix> argL0 ; # com/android/tools/r8/ir/optimize/z$$Lambda+0x000002c7222f0f18
# instanceKlass com/android/tools/r8/internal/xo$$Lambda+0x000002c7222f0cf0
# instanceKlass com/android/tools/r8/internal/xo$$Lambda+0x000002c7222f08a0
# instanceKlass com/android/tools/r8/internal/xo$$Lambda+0x000002c7222f0ac8
# instanceKlass com/android/tools/r8/internal/xo$$Lambda+0x000002c7222f0678
# instanceKlass com/android/tools/r8/internal/xo$$Lambda+0x000002c7222f0228
# instanceKlass com/android/tools/r8/internal/xo$$Lambda+0x000002c7222f0450
# instanceKlass com/android/tools/r8/internal/xo$$Lambda+0x000002c7222f0000
# instanceKlass com/android/tools/r8/internal/xo$$Lambda+0x000002c7222efbc8
# instanceKlass com/android/tools/r8/internal/xo$$Lambda+0x000002c7222ef9a0
# instanceKlass com/android/tools/r8/internal/xo$$Lambda+0x000002c7222ef778
instanceKlass  @bci com/android/tools/r8/internal/xo a (Lcom/android/tools/r8/internal/sB;Lcom/android/tools/r8/ir/optimize/z;)V 21 <appendix> member <vmtarget> ; # com/android/tools/r8/internal/xo$$Lambda+0x000002c7222ef550
instanceKlass com/android/tools/r8/internal/C30
instanceKlass com/android/tools/r8/internal/nt
instanceKlass com/android/tools/r8/internal/V5
instanceKlass com/android/tools/r8/internal/F2
# instanceKlass com/android/tools/r8/ir/optimize/z$$Lambda+0x000002c7222ee298
# instanceKlass com/android/tools/r8/ir/optimize/z$$Lambda+0x000002c7222ee078
# instanceKlass com/android/tools/r8/ir/optimize/z$$Lambda+0x000002c7222ede58
# instanceKlass com/android/tools/r8/ir/optimize/z$$Lambda+0x000002c7222edc38
# instanceKlass com/android/tools/r8/ir/optimize/z$$Lambda+0x000002c7222eda18
# instanceKlass com/android/tools/r8/ir/optimize/z$$Lambda+0x000002c7222ed7f8
instanceKlass  @bci com/android/tools/r8/ir/optimize/z a ()V 298 <appendix> argL0 ; # com/android/tools/r8/ir/optimize/z$$Lambda+0x000002c7222ed5d8
# instanceKlass com/android/tools/r8/internal/Un$$Lambda+0x000002c7222ed170
# instanceKlass com/android/tools/r8/internal/Un$$Lambda+0x000002c7222ecf50
# instanceKlass com/android/tools/r8/internal/Un$$Lambda+0x000002c7222ecd30
# instanceKlass com/android/tools/r8/internal/Un$$Lambda+0x000002c7222ecb10
# instanceKlass com/android/tools/r8/internal/Un$$Lambda+0x000002c7222ec4b0
# instanceKlass com/android/tools/r8/internal/Un$$Lambda+0x000002c7222ec8f0
# instanceKlass com/android/tools/r8/internal/Un$$Lambda+0x000002c7222ec6d0
# instanceKlass com/android/tools/r8/internal/Un$$Lambda+0x000002c7222ec290
# instanceKlass com/android/tools/r8/internal/Un$$Lambda+0x000002c7222ec070
# instanceKlass com/android/tools/r8/internal/Un$$Lambda+0x000002c7222ebe50
# instanceKlass com/android/tools/r8/internal/Un$$Lambda+0x000002c7222ebc30
# instanceKlass com/android/tools/r8/internal/Un$$Lambda+0x000002c7222eba10
# instanceKlass com/android/tools/r8/internal/Un$$Lambda+0x000002c7222eb7f0
# instanceKlass com/android/tools/r8/internal/Un$$Lambda+0x000002c7222eb5d0
# instanceKlass com/android/tools/r8/internal/Un$$Lambda+0x000002c7222eb3b0
# instanceKlass com/android/tools/r8/internal/Un$$Lambda+0x000002c7222eb190
# instanceKlass com/android/tools/r8/internal/Un$$Lambda+0x000002c7222eaf70
instanceKlass  @bci com/android/tools/r8/internal/Un k ()Lcom/android/tools/r8/internal/Un; 4 <appendix> argL0 ; # com/android/tools/r8/internal/Un$$Lambda+0x000002c7222ead50
instanceKlass  @bci com/android/tools/r8/internal/Un <clinit> ()V 3 <appendix> argL0 ; # com/android/tools/r8/internal/Un$$Lambda+0x000002c7222eab30
instanceKlass  @bci com/android/tools/r8/internal/oU a (Ljava/util/Collection;Ljava/util/function/Predicate;)Ljava/util/List; 18 <appendix> member <vmtarget> ; # com/android/tools/r8/internal/oU$$Lambda+0x000002c7222ea8f8
instanceKlass  @bci com/android/tools/r8/internal/qo0 c (Lcom/android/tools/r8/internal/sB;)Ljava/util/ArrayList; 12 <appendix> argL0 ; # com/android/tools/r8/internal/qo0$$Lambda+0x000002c7222ea6a8
instanceKlass com/android/tools/r8/ir/optimize/y
instanceKlass  @bci com/android/tools/r8/internal/Z5 a (Lcom/android/tools/r8/internal/zx0;Lcom/android/tools/r8/internal/q70;Lcom/android/tools/r8/internal/NE;Lcom/android/tools/r8/internal/NE;Ljava/util/Set;)Z 547 <appendix> member <vmtarget> ; # com/android/tools/r8/internal/Z5$$Lambda+0x000002c7222ea228
instanceKlass  @bci com/android/tools/r8/internal/L7 a (Lcom/android/tools/r8/internal/sB;Lcom/android/tools/r8/internal/Y5;Lcom/android/tools/r8/internal/RB;)Z 74 <appendix> argL0 ; # com/android/tools/r8/internal/L7$$Lambda+0x000002c7222e9fd8
instanceKlass com/android/tools/r8/internal/a1
instanceKlass  @bci com/android/tools/r8/internal/Z5 a (Lcom/android/tools/r8/internal/zx0;Lcom/android/tools/r8/internal/q70;Lcom/android/tools/r8/internal/NE;Lcom/android/tools/r8/internal/NE;Ljava/util/Set;)Z 95 <appendix> member <vmtarget> ; # com/android/tools/r8/internal/Z5$$Lambda+0x000002c7222e91a8
instanceKlass  @bci java/util/function/Predicate or (Ljava/util/function/Predicate;)Ljava/util/function/Predicate; 7 <appendix> member <vmtarget> ; # java/util/function/Predicate$$Lambda+0x000002c7220cea50
instanceKlass com/android/tools/r8/internal/lx
instanceKlass  @cpi java/util/function/Predicate 78 form vmentry <vmtarget> ; # java/lang/invoke/LambdaForm$DMH+0x000002c7222e4800
instanceKlass com/android/tools/r8/ir/optimize/z
instanceKlass  @bci com/android/tools/r8/internal/Z5 a (Lcom/android/tools/r8/internal/NE;Lcom/android/tools/r8/internal/zx0;Lcom/android/tools/r8/internal/q70;Ljava/util/function/Predicate;)Lcom/android/tools/r8/internal/ME; 6 <appendix> member <vmtarget> ; # com/android/tools/r8/internal/Z5$$Lambda+0x000002c7222e7820
instanceKlass  @cpi com/android/tools/r8/internal/Hf0 377 form vmentry <vmtarget> ; # java/lang/invoke/LambdaForm$DMH+0x000002c7222e4400
instanceKlass com/android/tools/r8/internal/qr0
instanceKlass com/android/tools/r8/internal/Fx0
instanceKlass  @bci com/android/tools/r8/internal/Z5 a (Lcom/android/tools/r8/internal/zx0;Lcom/android/tools/r8/internal/q70;Lcom/android/tools/r8/internal/NE;Lcom/android/tools/r8/internal/NE;Ljava/util/Set;)Z 3 <appendix> member <vmtarget> ; # com/android/tools/r8/internal/Z5$$Lambda+0x000002c7222e6520
instanceKlass  @bci com/android/tools/r8/internal/L1 <clinit> ()V 8 <appendix> argL0 ; # com/android/tools/r8/internal/L1$$Lambda+0x000002c7222e6000
instanceKlass  @bci com/android/tools/r8/internal/zx0 O ()Z 28 <appendix> argL0 ; # com/android/tools/r8/internal/zx0$$Lambda+0x000002c7222e3cb8
instanceKlass  @bci com/android/tools/r8/internal/L1 <clinit> ()V 0 <appendix> argL0 ; # com/android/tools/r8/internal/L1$$Lambda+0x000002c7222e3a98
# instanceKlass com/android/tools/r8/internal/EE$$Lambda+0x000002c7222e3848
# instanceKlass com/android/tools/r8/internal/EE$$Lambda+0x000002c7222e35f8
# instanceKlass com/android/tools/r8/internal/EE$$Lambda+0x000002c7222e33a8
instanceKlass  @cpi com/android/tools/r8/internal/L1 35 form vmentry <vmtarget> ; # java/lang/invoke/LambdaForm$DMH+0x000002c7222e4000
instanceKlass  @bci com/android/tools/r8/internal/EE a (Lcom/android/tools/r8/graph/y;Lcom/android/tools/r8/internal/sB;)Lcom/android/tools/r8/ir/optimize/E; 4 <appendix> argL0 ; # com/android/tools/r8/internal/EE$$Lambda+0x000002c7222e3158
instanceKlass com/android/tools/r8/internal/vj
instanceKlass  @bci com/android/tools/r8/internal/L7 b (Lcom/android/tools/r8/internal/Y5;)Z 52 <appendix> argL0 ; # com/android/tools/r8/internal/L7$$Lambda+0x000002c7222e2ce0
instanceKlass com/android/tools/r8/internal/Hx0
# instanceKlass com/android/tools/r8/internal/Ae$$Lambda+0x000002c7222e28a8
# instanceKlass com/android/tools/r8/internal/Ae$$Lambda+0x000002c7222e2680
# instanceKlass com/android/tools/r8/internal/Ae$$Lambda+0x000002c7222e2458
# instanceKlass com/android/tools/r8/internal/Ae$$Lambda+0x000002c7222e2230
# instanceKlass com/android/tools/r8/internal/Ae$$Lambda+0x000002c7222e2008
# instanceKlass com/android/tools/r8/internal/Ae$$Lambda+0x000002c7222e1bb8
# instanceKlass com/android/tools/r8/internal/Ae$$Lambda+0x000002c7222e1de0
# instanceKlass com/android/tools/r8/internal/Ae$$Lambda+0x000002c7222e1990
# instanceKlass com/android/tools/r8/internal/Ae$$Lambda+0x000002c7222e1540
# instanceKlass com/android/tools/r8/internal/Ae$$Lambda+0x000002c7222e1768
# instanceKlass com/android/tools/r8/internal/Ae$$Lambda+0x000002c7222e1318
# instanceKlass com/android/tools/r8/internal/Ae$$Lambda+0x000002c7222e10f0
# instanceKlass com/android/tools/r8/internal/Ae$$Lambda+0x000002c7222e0ec8
# instanceKlass com/android/tools/r8/internal/Ae$$Lambda+0x000002c7222e0a78
# instanceKlass com/android/tools/r8/internal/Ae$$Lambda+0x000002c7222e0ca0
# instanceKlass com/android/tools/r8/internal/Ae$$Lambda+0x000002c7222e0850
instanceKlass  @bci com/android/tools/r8/internal/Ae a (Lcom/android/tools/r8/internal/sB;Lcom/android/tools/r8/internal/at0;)Lcom/android/tools/r8/internal/De; 8 <appendix> member <vmtarget> ; # com/android/tools/r8/internal/Ae$$Lambda+0x000002c7222e0628
instanceKlass com/android/tools/r8/internal/ZB
instanceKlass com/android/tools/r8/internal/Z5
instanceKlass com/android/tools/r8/ir/optimize/u
instanceKlass com/android/tools/r8/internal/G7
# instanceKlass com/android/tools/r8/internal/lo0$$Lambda+0x000002c7222d9d30
instanceKlass com/android/tools/r8/internal/Lt
instanceKlass  @bci com/android/tools/r8/internal/lo0 a (Ljava/util/List;Lcom/android/tools/r8/ir/optimize/a;Lcom/android/tools/r8/internal/V6;Ljava/util/Map$Entry;)V 42 <appendix> argL0 ; # com/android/tools/r8/internal/lo0$$Lambda+0x000002c7222d98d0
# instanceKlass java/util/stream/SortedOps$RefSortingSink$$Lambda+0x000002c7220ce818
# instanceKlass java/util/stream/SortedOps$RefSortingSink$$Lambda+0x000002c7220ce5e0
# instanceKlass java/util/stream/SortedOps$RefSortingSink$$Lambda+0x000002c7220ce3a8
# instanceKlass java/util/stream/SortedOps$RefSortingSink$$Lambda+0x000002c7220ce170
# instanceKlass java/util/stream/SortedOps$RefSortingSink$$Lambda+0x000002c7220cdf38
# instanceKlass java/util/stream/SortedOps$RefSortingSink$$Lambda+0x000002c7220cdac8
# instanceKlass java/util/stream/SortedOps$RefSortingSink$$Lambda+0x000002c7220cdd00
# instanceKlass java/util/stream/SortedOps$RefSortingSink$$Lambda+0x000002c7220cd890
# instanceKlass java/util/stream/SortedOps$RefSortingSink$$Lambda+0x000002c7220cd658
# instanceKlass java/util/stream/SortedOps$RefSortingSink$$Lambda+0x000002c7220cd420
# instanceKlass java/util/stream/SortedOps$RefSortingSink$$Lambda+0x000002c7220cd1e8
# instanceKlass java/util/stream/SortedOps$RefSortingSink$$Lambda+0x000002c7220ccfb0
# instanceKlass java/util/stream/SortedOps$RefSortingSink$$Lambda+0x000002c7220ccd78
# instanceKlass java/util/stream/SortedOps$RefSortingSink$$Lambda+0x000002c7220ccb40
# instanceKlass java/util/stream/SortedOps$RefSortingSink$$Lambda+0x000002c7220cc908
instanceKlass  @bci java/util/stream/SortedOps$RefSortingSink end ()V 48 <appendix> member <vmtarget> ; # java/util/stream/SortedOps$RefSortingSink$$Lambda+0x000002c7220cc6d0
# instanceKlass java/util/stream/SortedOps$RefSortingSink$$Lambda+0x000002c7220cc498
instanceKlass  @bci com/android/tools/r8/internal/G1 a (I)Lcom/android/tools/r8/internal/sR; 8 <appendix> argL0 ; # com/android/tools/r8/internal/G1$$Lambda+0x000002c7222d9690
instanceKlass java/util/AbstractMap$SimpleImmutableEntry
instanceKlass java/util/stream/ForEachOps$ForEachOp
instanceKlass java/util/stream/ForEachOps
# instanceKlass com/android/tools/r8/internal/lo0$$Lambda+0x000002c7222d9458
# instanceKlass com/android/tools/r8/internal/lo0$$Lambda+0x000002c7222d9000
# instanceKlass com/android/tools/r8/internal/lo0$$Lambda+0x000002c7222dbcd8
# instanceKlass com/android/tools/r8/internal/lo0$$Lambda+0x000002c7222dbaa0
# instanceKlass com/android/tools/r8/internal/lo0$$Lambda+0x000002c7222db868
# instanceKlass com/android/tools/r8/internal/lo0$$Lambda+0x000002c7222db630
# instanceKlass com/android/tools/r8/internal/lo0$$Lambda+0x000002c7222db1c0
# instanceKlass com/android/tools/r8/internal/lo0$$Lambda+0x000002c7222db3f8
# instanceKlass com/android/tools/r8/internal/lo0$$Lambda+0x000002c7222daf88
# instanceKlass com/android/tools/r8/internal/lo0$$Lambda+0x000002c7222dad50
# instanceKlass com/android/tools/r8/internal/lo0$$Lambda+0x000002c7222dab18
# instanceKlass com/android/tools/r8/internal/lo0$$Lambda+0x000002c7222da8e0
# instanceKlass com/android/tools/r8/internal/lo0$$Lambda+0x000002c7222da6a8
# instanceKlass com/android/tools/r8/internal/lo0$$Lambda+0x000002c7222da470
instanceKlass  @bci com/android/tools/r8/internal/lo0 a ()Z 66 <appendix> member <vmtarget> ; # com/android/tools/r8/internal/lo0$$Lambda+0x000002c7222da238
# instanceKlass com/android/tools/r8/internal/lo0$$Lambda+0x000002c7222da000
# instanceKlass com/android/tools/r8/internal/lo0$$Lambda+0x000002c7222dfbe8
instanceKlass java/util/stream/SortedOps
# instanceKlass java/util/Comparator$$Lambda+0x000002c7220cb080
# instanceKlass java/util/Comparator$$Lambda+0x000002c7220cade0
# instanceKlass java/util/Comparator$$Lambda+0x000002c7220cab40
# instanceKlass java/util/Comparator$$Lambda+0x000002c7220ca8a0
# instanceKlass java/util/Comparator$$Lambda+0x000002c7220ca600
# instanceKlass java/util/Comparator$$Lambda+0x000002c7220ca0c0
# instanceKlass java/util/Comparator$$Lambda+0x000002c7220ca360
# instanceKlass java/util/Comparator$$Lambda+0x000002c7220c9e20
# instanceKlass java/util/Comparator$$Lambda+0x000002c7220c9b80
# instanceKlass java/util/Comparator$$Lambda+0x000002c7220c98e0
# instanceKlass java/util/Comparator$$Lambda+0x000002c7220c9100
# instanceKlass java/util/Comparator$$Lambda+0x000002c7220c9640
# instanceKlass java/util/Comparator$$Lambda+0x000002c7220c93a0
# instanceKlass java/util/Comparator$$Lambda+0x000002c7220c8e60
# instanceKlass java/util/Comparator$$Lambda+0x000002c7220c8bc0
instanceKlass  @bci java/util/Comparator comparingInt (Ljava/util/function/ToIntFunction;)Ljava/util/Comparator; 6 <appendix> member <vmtarget> ; # java/util/Comparator$$Lambda+0x000002c7220c8920
# instanceKlass com/android/tools/r8/internal/lo0$$Lambda+0x000002c7222defe8
# instanceKlass com/android/tools/r8/internal/lo0$$Lambda+0x000002c7222dedc8
# instanceKlass com/android/tools/r8/internal/lo0$$Lambda+0x000002c7222deba8
# instanceKlass com/android/tools/r8/internal/lo0$$Lambda+0x000002c7222de988
# instanceKlass com/android/tools/r8/internal/lo0$$Lambda+0x000002c7222de768
# instanceKlass com/android/tools/r8/internal/lo0$$Lambda+0x000002c7222de548
# instanceKlass com/android/tools/r8/internal/lo0$$Lambda+0x000002c7222de328
# instanceKlass com/android/tools/r8/internal/lo0$$Lambda+0x000002c7222de108
# instanceKlass com/android/tools/r8/internal/lo0$$Lambda+0x000002c7222ddee8
# instanceKlass com/android/tools/r8/internal/lo0$$Lambda+0x000002c7222ddcc8
# instanceKlass com/android/tools/r8/internal/lo0$$Lambda+0x000002c7222ddaa8
# instanceKlass com/android/tools/r8/internal/lo0$$Lambda+0x000002c7222dd888
# instanceKlass com/android/tools/r8/internal/lo0$$Lambda+0x000002c7222dd668
# instanceKlass com/android/tools/r8/internal/lo0$$Lambda+0x000002c7222dd448
# instanceKlass com/android/tools/r8/internal/lo0$$Lambda+0x000002c7222dd228
instanceKlass  @bci com/android/tools/r8/internal/lo0 a ()Z 49 <appendix> argL0 ; # com/android/tools/r8/internal/lo0$$Lambda+0x000002c7222dd008
# instanceKlass com/android/tools/r8/internal/G1$$Lambda+0x000002c7222dcdc8
instanceKlass  @bci com/android/tools/r8/internal/G1 a (J)Lcom/android/tools/r8/internal/Cn0; 8 <appendix> argL0 ; # com/android/tools/r8/internal/G1$$Lambda+0x000002c7222dcb88
# instanceKlass com/android/tools/r8/internal/lo0$$Lambda+0x000002c7222dc930
# instanceKlass com/android/tools/r8/internal/G1$$Lambda+0x000002c7222dc6f0
# instanceKlass com/android/tools/r8/internal/lo0$$Lambda+0x000002c7222dc498
# instanceKlass com/android/tools/r8/internal/G1$$Lambda+0x000002c7222dc258
# instanceKlass com/android/tools/r8/internal/lo0$$Lambda+0x000002c7222dc000
instanceKlass  @bci com/android/tools/r8/internal/G1 c (Lcom/android/tools/r8/graph/M2;)Lcom/android/tools/r8/internal/un0; 5 <appendix> argL0 ; # com/android/tools/r8/internal/G1$$Lambda+0x000002c7222d7be8
# instanceKlass com/android/tools/r8/internal/lo0$$Lambda+0x000002c7222d7990
# instanceKlass com/android/tools/r8/internal/lo0$$Lambda+0x000002c7222d7738
# instanceKlass com/android/tools/r8/internal/lo0$$Lambda+0x000002c7222d74e0
# instanceKlass com/android/tools/r8/internal/lo0$$Lambda+0x000002c7222d7288
# instanceKlass com/android/tools/r8/internal/lo0$$Lambda+0x000002c7222d7030
# instanceKlass com/android/tools/r8/internal/lo0$$Lambda+0x000002c7222d6dd8
# instanceKlass com/android/tools/r8/internal/lo0$$Lambda+0x000002c7222d6b80
# instanceKlass com/android/tools/r8/internal/lo0$$Lambda+0x000002c7222d6928
instanceKlass  @bci com/android/tools/r8/internal/lo0 a ()Z 39 <appendix> member <vmtarget> ; # com/android/tools/r8/internal/lo0$$Lambda+0x000002c7222d66d0
instanceKlass com/android/tools/r8/graph/P2
# instanceKlass java/lang/invoke/LambdaForm$DMH+0x000002c7222d8800
instanceKlass  @cpi com/android/tools/r8/internal/G1 152 form vmentry <vmtarget> ; # java/lang/invoke/LambdaForm$DMH+0x000002c7222d8400
# instanceKlass com/android/tools/r8/internal/G1$$Lambda+0x000002c7222d6288
# instanceKlass com/android/tools/r8/internal/G1$$Lambda+0x000002c7222d6048
instanceKlass  @bci com/android/tools/r8/internal/G1 a (Lcom/android/tools/r8/graph/L2;)Lcom/android/tools/r8/internal/In0; 5 <appendix> argL0 ; # com/android/tools/r8/internal/G1$$Lambda+0x000002c7222d5e08
instanceKlass com/android/tools/r8/internal/Px0
instanceKlass java/util/IdentityHashMap$IdentityHashMapSpliterator
instanceKlass com/android/tools/r8/internal/ht
instanceKlass java/util/BitSet
instanceKlass  @bci com/android/tools/r8/internal/kt <clinit> ()V 0 <appendix> argL0 ; # com/android/tools/r8/internal/kt$$Lambda+0x000002c7222d5588
instanceKlass  @cpi com/android/tools/r8/internal/kt 22 form vmentry <vmtarget> ; # java/lang/invoke/LambdaForm$DMH+0x000002c7222d8000
instanceKlass com/android/tools/r8/internal/lo0
instanceKlass com/android/tools/r8/internal/L1
instanceKlass com/android/tools/r8/internal/kt
instanceKlass com/android/tools/r8/internal/Qx0
# instanceKlass com/android/tools/r8/internal/iv0$$Lambda+0x000002c7222d3b20
# instanceKlass com/android/tools/r8/internal/iv0$$Lambda+0x000002c7222d3d58
# instanceKlass com/android/tools/r8/internal/iv0$$Lambda+0x000002c7222d38e8
# instanceKlass com/android/tools/r8/internal/iv0$$Lambda+0x000002c7222d36b0
# instanceKlass com/android/tools/r8/internal/iv0$$Lambda+0x000002c7222d3478
# instanceKlass com/android/tools/r8/internal/iv0$$Lambda+0x000002c7222d3240
# instanceKlass com/android/tools/r8/internal/iv0$$Lambda+0x000002c7222d2dd0
# instanceKlass com/android/tools/r8/internal/iv0$$Lambda+0x000002c7222d3008
# instanceKlass com/android/tools/r8/internal/iv0$$Lambda+0x000002c7222d2b98
# instanceKlass com/android/tools/r8/internal/iv0$$Lambda+0x000002c7222d2960
# instanceKlass com/android/tools/r8/internal/iv0$$Lambda+0x000002c7222d2728
# instanceKlass com/android/tools/r8/internal/iv0$$Lambda+0x000002c7222d24f0
# instanceKlass com/android/tools/r8/internal/iv0$$Lambda+0x000002c7222d22b8
# instanceKlass com/android/tools/r8/internal/iv0$$Lambda+0x000002c7222d1e48
# instanceKlass com/android/tools/r8/internal/iv0$$Lambda+0x000002c7222d2080
instanceKlass  @bci com/android/tools/r8/internal/iv0 a (Ljava/lang/Iterable;I)V 35 <appendix> member <vmtarget> ; # com/android/tools/r8/internal/iv0$$Lambda+0x000002c7222d1c10
instanceKlass  @bci com/android/tools/r8/internal/sB r ()Ljava/lang/Iterable; 1 <appendix> member <vmtarget> ; # com/android/tools/r8/internal/sB$$Lambda+0x000002c7222d19c8
# instanceKlass com/android/tools/r8/graph/u0$$Lambda+0x000002c7222d1770
# instanceKlass com/android/tools/r8/graph/u0$$Lambda+0x000002c7222d1518
# instanceKlass com/android/tools/r8/graph/u0$$Lambda+0x000002c7222d12c0
# instanceKlass com/android/tools/r8/graph/u0$$Lambda+0x000002c7222d1068
# instanceKlass com/android/tools/r8/graph/u0$$Lambda+0x000002c7222d0e10
# instanceKlass com/android/tools/r8/graph/u0$$Lambda+0x000002c7222d0bb8
# instanceKlass com/android/tools/r8/graph/u0$$Lambda+0x000002c7222d0960
# instanceKlass com/android/tools/r8/graph/u0$$Lambda+0x000002c7222d04b0
# instanceKlass com/android/tools/r8/graph/u0$$Lambda+0x000002c7222d0708
# instanceKlass com/android/tools/r8/graph/u0$$Lambda+0x000002c7222d0000
# instanceKlass com/android/tools/r8/graph/u0$$Lambda+0x000002c7222d0258
# instanceKlass com/android/tools/r8/graph/u0$$Lambda+0x000002c7222cfca8
# instanceKlass com/android/tools/r8/graph/u0$$Lambda+0x000002c7222cf7f8
# instanceKlass com/android/tools/r8/graph/u0$$Lambda+0x000002c7222cf5a0
# instanceKlass com/android/tools/r8/graph/u0$$Lambda+0x000002c7222cfa50
# instanceKlass com/android/tools/r8/graph/u0$$Lambda+0x000002c7222cf348
# instanceKlass com/android/tools/r8/graph/u0$$Lambda+0x000002c7222cf0f0
instanceKlass  @bci com/android/tools/r8/graph/u0 a (Lcom/android/tools/r8/graph/M2;)Lcom/android/tools/r8/graph/r0; 2 <appendix> member <vmtarget> ; # com/android/tools/r8/graph/u0$$Lambda+0x000002c7222cee98
instanceKlass com/android/tools/r8/ir/optimize/b
# instanceKlass com/android/tools/r8/internal/xB$$Lambda+0x000002c7222cea50
# instanceKlass com/android/tools/r8/internal/xB$$Lambda+0x000002c7222ce818
# instanceKlass com/android/tools/r8/internal/xB$$Lambda+0x000002c7222ce5e0
# instanceKlass com/android/tools/r8/internal/xB$$Lambda+0x000002c7222ce3a8
# instanceKlass com/android/tools/r8/internal/xB$$Lambda+0x000002c7222cdf38
# instanceKlass com/android/tools/r8/internal/xB$$Lambda+0x000002c7222ce170
# instanceKlass com/android/tools/r8/internal/xB$$Lambda+0x000002c7222cdd00
# instanceKlass com/android/tools/r8/internal/xB$$Lambda+0x000002c7222cdac8
# instanceKlass com/android/tools/r8/internal/xB$$Lambda+0x000002c7222cd890
# instanceKlass com/android/tools/r8/internal/xB$$Lambda+0x000002c7222cd658
# instanceKlass com/android/tools/r8/internal/xB$$Lambda+0x000002c7222cd420
# instanceKlass com/android/tools/r8/internal/xB$$Lambda+0x000002c7222cd1e8
# instanceKlass com/android/tools/r8/internal/xB$$Lambda+0x000002c7222ccfb0
# instanceKlass com/android/tools/r8/internal/xB$$Lambda+0x000002c7222ccd78
# instanceKlass com/android/tools/r8/internal/xB$$Lambda+0x000002c7222ccb40
# instanceKlass com/android/tools/r8/internal/xB$$Lambda+0x000002c7222cc908
# instanceKlass com/android/tools/r8/internal/xB$$Lambda+0x000002c7222cc6d0
instanceKlass  @bci com/android/tools/r8/internal/xB a (Lcom/android/tools/r8/internal/sB;Lcom/android/tools/r8/internal/Z40;Lcom/android/tools/r8/internal/sX$a;Lcom/android/tools/r8/internal/RX;Lcom/android/tools/r8/internal/Lf;Lcom/android/tools/r8/internal/at0;)Lcom/android/tools/r8/internal/at0; 1944 <appendix> member <vmtarget> ; # com/android/tools/r8/internal/xB$$Lambda+0x000002c7222cc498
instanceKlass com/android/tools/r8/internal/pz
# instanceKlass com/android/tools/r8/internal/xB$$Lambda+0x000002c7222cc050
# instanceKlass com/android/tools/r8/internal/xB$$Lambda+0x000002c7222cbe18
# instanceKlass com/android/tools/r8/internal/xB$$Lambda+0x000002c7222cbbe0
# instanceKlass com/android/tools/r8/internal/xB$$Lambda+0x000002c7222cb9a8
# instanceKlass com/android/tools/r8/internal/xB$$Lambda+0x000002c7222cb770
# instanceKlass com/android/tools/r8/internal/xB$$Lambda+0x000002c7222cb538
# instanceKlass com/android/tools/r8/internal/xB$$Lambda+0x000002c7222cb300
# instanceKlass com/android/tools/r8/internal/xB$$Lambda+0x000002c7222cb0c8
# instanceKlass com/android/tools/r8/internal/xB$$Lambda+0x000002c7222cae90
# instanceKlass com/android/tools/r8/internal/xB$$Lambda+0x000002c7222cac58
# instanceKlass com/android/tools/r8/internal/xB$$Lambda+0x000002c7222caa20
# instanceKlass com/android/tools/r8/internal/xB$$Lambda+0x000002c7222ca7e8
# instanceKlass com/android/tools/r8/internal/xB$$Lambda+0x000002c7222ca5b0
# instanceKlass com/android/tools/r8/internal/xB$$Lambda+0x000002c7222ca378
# instanceKlass com/android/tools/r8/internal/xB$$Lambda+0x000002c7222ca140
# instanceKlass com/android/tools/r8/internal/xB$$Lambda+0x000002c7222c9f08
# instanceKlass com/android/tools/r8/internal/xB$$Lambda+0x000002c7222c9cd0
instanceKlass  @bci com/android/tools/r8/internal/xB a (Lcom/android/tools/r8/internal/sB;Lcom/android/tools/r8/internal/Z40;Lcom/android/tools/r8/internal/sX$a;Lcom/android/tools/r8/internal/RX;Lcom/android/tools/r8/internal/Lf;Lcom/android/tools/r8/internal/at0;)Lcom/android/tools/r8/internal/at0; 1884 <appendix> member <vmtarget> ; # com/android/tools/r8/internal/xB$$Lambda+0x000002c7222c9a98
instanceKlass com/android/tools/r8/internal/bz
instanceKlass com/android/tools/r8/internal/uB
instanceKlass com/android/tools/r8/internal/tB
# instanceKlass com/android/tools/r8/internal/sB$$Lambda+0x000002c7222c8db0
# instanceKlass com/android/tools/r8/internal/sB$$Lambda+0x000002c7222c8b68
# instanceKlass com/android/tools/r8/internal/sB$$Lambda+0x000002c7222c8920
# instanceKlass com/android/tools/r8/internal/sB$$Lambda+0x000002c7222c8490
# instanceKlass com/android/tools/r8/internal/sB$$Lambda+0x000002c7222c86d8
# instanceKlass com/android/tools/r8/internal/sB$$Lambda+0x000002c7222c8248
# instanceKlass com/android/tools/r8/internal/sB$$Lambda+0x000002c7222c8000
# instanceKlass com/android/tools/r8/internal/sB$$Lambda+0x000002c7222c7c10
# instanceKlass com/android/tools/r8/internal/sB$$Lambda+0x000002c7222c79c8
# instanceKlass com/android/tools/r8/internal/sB$$Lambda+0x000002c7222c7780
# instanceKlass com/android/tools/r8/internal/sB$$Lambda+0x000002c7222c7538
# instanceKlass com/android/tools/r8/internal/sB$$Lambda+0x000002c7222c72f0
# instanceKlass com/android/tools/r8/internal/sB$$Lambda+0x000002c7222c70a8
# instanceKlass com/android/tools/r8/internal/sB$$Lambda+0x000002c7222c6e60
# instanceKlass com/android/tools/r8/internal/sB$$Lambda+0x000002c7222c6c18
# instanceKlass com/android/tools/r8/internal/sB$$Lambda+0x000002c7222c69d0
# instanceKlass com/android/tools/r8/internal/sB$$Lambda+0x000002c7222c6788
instanceKlass  @bci com/android/tools/r8/internal/sB b (Ljava/util/function/Predicate;)Ljava/lang/Iterable; 2 <appendix> member <vmtarget> ; # com/android/tools/r8/internal/sB$$Lambda+0x000002c7222c6540
# instanceKlass com/android/tools/r8/internal/ju0$$Lambda+0x000002c7222c62f0
# instanceKlass com/android/tools/r8/internal/ju0$$Lambda+0x000002c7222c60a0
# instanceKlass com/android/tools/r8/internal/ju0$$Lambda+0x000002c7222c5e50
# instanceKlass com/android/tools/r8/internal/ju0$$Lambda+0x000002c7222c5c00
# instanceKlass com/android/tools/r8/internal/ju0$$Lambda+0x000002c7222c59b0
# instanceKlass com/android/tools/r8/internal/ju0$$Lambda+0x000002c7222c5760
# instanceKlass com/android/tools/r8/internal/ju0$$Lambda+0x000002c7222c5510
# instanceKlass com/android/tools/r8/internal/ju0$$Lambda+0x000002c7222c52c0
# instanceKlass com/android/tools/r8/internal/ju0$$Lambda+0x000002c7222c5070
# instanceKlass com/android/tools/r8/internal/ju0$$Lambda+0x000002c7222c4bd0
# instanceKlass com/android/tools/r8/internal/ju0$$Lambda+0x000002c7222c4e20
# instanceKlass com/android/tools/r8/internal/ju0$$Lambda+0x000002c7222c4980
# instanceKlass com/android/tools/r8/internal/ju0$$Lambda+0x000002c7222c4730
# instanceKlass com/android/tools/r8/internal/ju0$$Lambda+0x000002c7222c44e0
# instanceKlass com/android/tools/r8/internal/ju0$$Lambda+0x000002c7222c4290
# instanceKlass com/android/tools/r8/internal/ju0$$Lambda+0x000002c7222c4040
# instanceKlass com/android/tools/r8/internal/ju0$$Lambda+0x000002c7222c3df0
instanceKlass  @bci com/android/tools/r8/internal/ju0 a (Lcom/android/tools/r8/graph/y;Lcom/android/tools/r8/internal/sB;)V 8 <appendix> argL0 ; # com/android/tools/r8/internal/ju0$$Lambda+0x000002c7222c3ba0
instanceKlass com/android/tools/r8/internal/ju0
instanceKlass  @bci com/android/tools/r8/internal/De <clinit> ()V 22 <appendix> argL0 ; # com/android/tools/r8/internal/De$$Lambda+0x000002c7222c3778
instanceKlass com/android/tools/r8/internal/Ce
# instanceKlass com/android/tools/r8/internal/Ae$$Lambda+0x000002c7222c3330
# instanceKlass com/android/tools/r8/internal/Ae$$Lambda+0x000002c7222c3108
# instanceKlass com/android/tools/r8/internal/Ae$$Lambda+0x000002c7222c2ee0
# instanceKlass com/android/tools/r8/internal/Ae$$Lambda+0x000002c7222c2cb8
# instanceKlass com/android/tools/r8/internal/Ae$$Lambda+0x000002c7222c2a90
# instanceKlass com/android/tools/r8/internal/Ae$$Lambda+0x000002c7222c2640
# instanceKlass com/android/tools/r8/internal/Ae$$Lambda+0x000002c7222c2868
# instanceKlass com/android/tools/r8/internal/Ae$$Lambda+0x000002c7222c1fc8
# instanceKlass com/android/tools/r8/internal/Ae$$Lambda+0x000002c7222c2418
# instanceKlass com/android/tools/r8/internal/Ae$$Lambda+0x000002c7222c21f0
# instanceKlass com/android/tools/r8/internal/Ae$$Lambda+0x000002c7222c1b78
# instanceKlass com/android/tools/r8/internal/Ae$$Lambda+0x000002c7222c1950
# instanceKlass com/android/tools/r8/internal/Ae$$Lambda+0x000002c7222c1da0
# instanceKlass com/android/tools/r8/internal/Ae$$Lambda+0x000002c7222c1728
# instanceKlass com/android/tools/r8/internal/Ae$$Lambda+0x000002c7222c1500
# instanceKlass com/android/tools/r8/internal/Ae$$Lambda+0x000002c7222c12d8
# instanceKlass com/android/tools/r8/internal/Ae$$Lambda+0x000002c7222c10b0
instanceKlass  @bci com/android/tools/r8/internal/Ae a (Lcom/android/tools/r8/internal/sB;Lcom/android/tools/r8/internal/RX;Lcom/android/tools/r8/internal/Lf;Lcom/android/tools/r8/internal/at0;)Lcom/android/tools/r8/internal/De; 11 <appendix> member <vmtarget> ; # com/android/tools/r8/internal/Ae$$Lambda+0x000002c7222c0e88
instanceKlass com/android/tools/r8/internal/Wd0
# instanceKlass com/android/tools/r8/internal/iv0$$Lambda+0x000002c7222c0000
# instanceKlass com/android/tools/r8/internal/iv0$$Lambda+0x000002c7222b4400
# instanceKlass com/android/tools/r8/internal/iv0$$Lambda+0x000002c7222bf2e0
# instanceKlass com/android/tools/r8/internal/iv0$$Lambda+0x000002c7222bf530
# instanceKlass com/android/tools/r8/internal/iv0$$Lambda+0x000002c7222bf780
# instanceKlass com/android/tools/r8/internal/iv0$$Lambda+0x000002c7222bf090
# instanceKlass com/android/tools/r8/internal/iv0$$Lambda+0x000002c7222bee40
# instanceKlass com/android/tools/r8/internal/iv0$$Lambda+0x000002c7222bebf0
# instanceKlass com/android/tools/r8/internal/iv0$$Lambda+0x000002c7222be9a0
# instanceKlass com/android/tools/r8/internal/iv0$$Lambda+0x000002c7222be750
# instanceKlass com/android/tools/r8/internal/iv0$$Lambda+0x000002c7222be500
instanceKlass  @bci com/android/tools/r8/internal/iv0 a (Lcom/android/tools/r8/internal/zx0;Lcom/android/tools/r8/internal/mv0;)V 28 <appendix> argL0 ; # com/android/tools/r8/internal/iv0$$Lambda+0x000002c7222be2b0
# instanceKlass com/android/tools/r8/internal/iv0$$Lambda+0x000002c7222be078
# instanceKlass com/android/tools/r8/internal/iv0$$Lambda+0x000002c7222bde40
# instanceKlass com/android/tools/r8/internal/iv0$$Lambda+0x000002c7222bdc08
# instanceKlass com/android/tools/r8/internal/iv0$$Lambda+0x000002c7222bd560
# instanceKlass com/android/tools/r8/internal/iv0$$Lambda+0x000002c7222bd9d0
# instanceKlass com/android/tools/r8/internal/iv0$$Lambda+0x000002c7222bd798
# instanceKlass com/android/tools/r8/internal/iv0$$Lambda+0x000002c7222bd0f0
# instanceKlass com/android/tools/r8/internal/iv0$$Lambda+0x000002c7222bd328
# instanceKlass com/android/tools/r8/internal/iv0$$Lambda+0x000002c7222bca48
# instanceKlass com/android/tools/r8/internal/iv0$$Lambda+0x000002c7222bceb8
# instanceKlass com/android/tools/r8/internal/iv0$$Lambda+0x000002c7222bcc80
# instanceKlass com/android/tools/r8/internal/iv0$$Lambda+0x000002c7222bc168
# instanceKlass com/android/tools/r8/internal/iv0$$Lambda+0x000002c7222bc5d8
# instanceKlass com/android/tools/r8/internal/iv0$$Lambda+0x000002c7222bc810
instanceKlass  @bci com/android/tools/r8/internal/iv0 b ()V 77 <appendix> member <vmtarget> ; # com/android/tools/r8/internal/iv0$$Lambda+0x000002c7222bc3a0
# instanceKlass com/android/tools/r8/internal/iv0$$Lambda+0x000002c7222bbf30
# instanceKlass com/android/tools/r8/internal/iv0$$Lambda+0x000002c7222bbcf8
# instanceKlass com/android/tools/r8/internal/iv0$$Lambda+0x000002c7222bbac0
instanceKlass com/android/tools/r8/internal/qB
instanceKlass com/android/tools/r8/ir/optimize/r
instanceKlass com/android/tools/r8/internal/bz0
instanceKlass com/android/tools/r8/internal/iv0
instanceKlass com/android/tools/r8/internal/b6
instanceKlass com/android/tools/r8/internal/ck
instanceKlass com/android/tools/r8/ir/optimize/a
instanceKlass com/android/tools/r8/internal/d60
instanceKlass com/android/tools/r8/internal/sB
instanceKlass com/android/tools/r8/internal/wB
instanceKlass com/android/tools/r8/internal/ni
instanceKlass com/android/tools/r8/internal/lv0
instanceKlass com/android/tools/r8/internal/QE
instanceKlass com/android/tools/r8/internal/c1
instanceKlass com/android/tools/r8/internal/a6
instanceKlass  @bci com/android/tools/r8/internal/kb a (Lcom/android/tools/r8/internal/H9;)V 49 <appendix> member <vmtarget> ; # com/android/tools/r8/internal/kb$$Lambda+0x000002c7222b6000
instanceKlass com/android/tools/r8/internal/t40
instanceKlass com/android/tools/r8/internal/Df0
instanceKlass  @cpi com/android/tools/r8/internal/kb 846 form vmentry <vmtarget> ; # java/lang/invoke/LambdaForm$DMH+0x000002c7222b4000
# instanceKlass com/android/tools/r8/internal/Z3$$Lambda+0x000002c7222b1670
instanceKlass java/util/LinkedList$ListItr
instanceKlass  @bci com/android/tools/r8/internal/Z3 a (Lcom/android/tools/r8/internal/mv0;Lcom/android/tools/r8/internal/e20;)Lcom/android/tools/r8/internal/Z3; 3 <appendix> member <vmtarget> ; # com/android/tools/r8/internal/Z3$$Lambda+0x000002c7222b0b18
# instanceKlass com/android/tools/r8/internal/kb$$Lambda+0x000002c7222b08e0
# instanceKlass com/android/tools/r8/internal/kb$$Lambda+0x000002c7222b06a8
# instanceKlass com/android/tools/r8/internal/kb$$Lambda+0x000002c7222b0470
# instanceKlass com/android/tools/r8/internal/kb$$Lambda+0x000002c7222b0238
# instanceKlass com/android/tools/r8/internal/kb$$Lambda+0x000002c7222b0000
# instanceKlass com/android/tools/r8/internal/kb$$Lambda+0x000002c7222aed38
# instanceKlass com/android/tools/r8/internal/kb$$Lambda+0x000002c7222afbe0
# instanceKlass com/android/tools/r8/internal/kb$$Lambda+0x000002c7222af9a8
# instanceKlass com/android/tools/r8/internal/kb$$Lambda+0x000002c7222af770
# instanceKlass com/android/tools/r8/internal/kb$$Lambda+0x000002c7222af538
instanceKlass  @bci com/android/tools/r8/internal/kb a (Lcom/android/tools/r8/internal/nB;IZ)V 930 <appendix> member <vmtarget> ; # com/android/tools/r8/internal/kb$$Lambda+0x000002c7222abcf0
# instanceKlass java/lang/invoke/LambdaForm$DMH+0x000002c7222ae400
# instanceKlass java/lang/invoke/LambdaForm$DMH+0x000002c7222ae000
# instanceKlass java/lang/invoke/LambdaForm$DMH+0x000002c7222adc00
# instanceKlass java/lang/invoke/LambdaForm$DMH+0x000002c7222ad800
# instanceKlass java/lang/invoke/LambdaForm$DMH+0x000002c7222ad400
# instanceKlass java/lang/invoke/LambdaForm$DMH+0x000002c7222ad000
# instanceKlass java/lang/invoke/LambdaForm$DMH+0x000002c7222acc00
# instanceKlass java/lang/invoke/LambdaForm$DMH+0x000002c7222ac800
# instanceKlass java/lang/invoke/LambdaForm$DMH+0x000002c7222ac400
instanceKlass  @cpi com/android/tools/r8/internal/kb 806 form vmentry <vmtarget> ; # java/lang/invoke/LambdaForm$DMH+0x000002c7222ac000
instanceKlass com/android/tools/r8/internal/D40
instanceKlass com/android/tools/r8/internal/wn0
instanceKlass java/util/Collections$1
instanceKlass com/android/tools/r8/internal/kq
instanceKlass com/android/tools/r8/internal/Qp
instanceKlass com/android/tools/r8/internal/Hy0
instanceKlass  @bci com/android/tools/r8/internal/le c (Lcom/android/tools/r8/internal/e20;)Lcom/android/tools/r8/internal/le; 19 <appendix> member <vmtarget> ; # com/android/tools/r8/internal/le$$Lambda+0x000002c72229a280
instanceKlass com/android/tools/r8/graph/m3
instanceKlass com/android/tools/r8/internal/og
instanceKlass com/android/tools/r8/internal/J40
instanceKlass com/android/tools/r8/internal/Nx0
instanceKlass com/android/tools/r8/graph/proto/b
instanceKlass com/android/tools/r8/internal/xx0
instanceKlass com/android/tools/r8/internal/Mn
instanceKlass com/android/tools/r8/internal/Dd0
instanceKlass com/android/tools/r8/internal/Up
instanceKlass com/android/tools/r8/internal/JI
# instanceKlass com/android/tools/r8/internal/le$$Lambda+0x000002c722291f98
# instanceKlass com/android/tools/r8/internal/le$$Lambda+0x000002c722291b40
# instanceKlass com/android/tools/r8/internal/le$$Lambda+0x000002c7222918f8
# instanceKlass com/android/tools/r8/internal/le$$Lambda+0x000002c7222914a0
# instanceKlass com/android/tools/r8/internal/le$$Lambda+0x000002c722291258
# instanceKlass com/android/tools/r8/internal/le$$Lambda+0x000002c722291010
instanceKlass com/android/tools/r8/ir/optimize/E
instanceKlass  @bci com/android/tools/r8/internal/le a (Lcom/android/tools/r8/graph/M2;Lcom/android/tools/r8/internal/e20;)Lcom/android/tools/r8/internal/le; 3 <appendix> member <vmtarget> ; # com/android/tools/r8/internal/le$$Lambda+0x000002c722290dc8
instanceKlass com/android/tools/r8/internal/F40
# instanceKlass com/android/tools/r8/internal/q70$b$$Lambda+0x000002c722290480
# instanceKlass com/android/tools/r8/internal/q70$b$$Lambda+0x000002c722290240
# instanceKlass com/android/tools/r8/internal/q70$b$$Lambda+0x000002c722290000
# instanceKlass com/android/tools/r8/internal/q70$b$$Lambda+0x000002c72228fbe8
instanceKlass  @bci com/android/tools/r8/internal/q70$b c (Lcom/android/tools/r8/internal/Jr0;)V 20 <appendix> argL0 ; # com/android/tools/r8/internal/q70$b$$Lambda+0x000002c72228f9a8
# instanceKlass com/android/tools/r8/internal/q70$b$$Lambda+0x000002c72228f768
instanceKlass com/android/tools/r8/internal/f20
# instanceKlass com/android/tools/r8/internal/q70$b$$Lambda+0x000002c72228ef08
# instanceKlass com/android/tools/r8/internal/q70$b$$Lambda+0x000002c72228ece8
# instanceKlass com/android/tools/r8/internal/q70$b$$Lambda+0x000002c72228eac8
# instanceKlass com/android/tools/r8/internal/q70$b$$Lambda+0x000002c72228e688
# instanceKlass com/android/tools/r8/internal/q70$b$$Lambda+0x000002c72228e8a8
instanceKlass  @bci com/android/tools/r8/internal/q70$b c (Lcom/android/tools/r8/internal/Jr0;)V 1 <appendix> argL0 ; # com/android/tools/r8/internal/q70$b$$Lambda+0x000002c72228e468
# instanceKlass com/android/tools/r8/internal/q70$b$$Lambda+0x000002c72228e028
# instanceKlass com/android/tools/r8/internal/q70$b$$Lambda+0x000002c72228e248
instanceKlass com/android/tools/r8/internal/mB
# instanceKlass com/android/tools/r8/internal/q70$b$$Lambda+0x000002c72228dbf8
# instanceKlass com/android/tools/r8/internal/q70$b$$Lambda+0x000002c72228d9d8
# instanceKlass com/android/tools/r8/internal/q70$b$$Lambda+0x000002c72228d7b8
instanceKlass  @bci com/android/tools/r8/internal/q70$b m ()Lcom/android/tools/r8/internal/Hr0; 0 <appendix> argL0 ; # com/android/tools/r8/internal/q70$b$$Lambda+0x000002c72228d598
# instanceKlass com/android/tools/r8/graph/u1$$Lambda+0x000002c72228cff0
# instanceKlass com/android/tools/r8/graph/u1$$Lambda+0x000002c72228c8c0
instanceKlass com/android/tools/r8/internal/eG
# instanceKlass com/android/tools/r8/graph/u1$$Lambda+0x000002c72228cda8
# instanceKlass com/android/tools/r8/graph/u1$$Lambda+0x000002c72228c678
# instanceKlass com/android/tools/r8/graph/u1$$Lambda+0x000002c72228c1e8
# instanceKlass com/android/tools/r8/graph/u1$$Lambda+0x000002c72228c430
# instanceKlass com/android/tools/r8/graph/u1$$Lambda+0x000002c72228bfa0
# instanceKlass com/android/tools/r8/graph/u1$$Lambda+0x000002c72228bd58
# instanceKlass com/android/tools/r8/graph/u1$$Lambda+0x000002c72228bb10
instanceKlass  @bci com/android/tools/r8/graph/u1 a (Lcom/android/tools/r8/graph/M2;Lcom/android/tools/r8/internal/e20;Lcom/android/tools/r8/graph/y;)Lcom/android/tools/r8/internal/Se0; 173 <appendix> member <vmtarget> ; # com/android/tools/r8/graph/u1$$Lambda+0x000002c72228b8c8
# instanceKlass com/android/tools/r8/internal/kb$$Lambda+0x000002c72228ae10
# instanceKlass com/android/tools/r8/internal/kb$$Lambda+0x000002c72228abd8
# instanceKlass com/android/tools/r8/internal/kb$$Lambda+0x000002c72228a9a0
# instanceKlass com/android/tools/r8/internal/kb$$Lambda+0x000002c72228a768
# instanceKlass com/android/tools/r8/internal/kb$$Lambda+0x000002c72228a530
# instanceKlass com/android/tools/r8/internal/kb$$Lambda+0x000002c72228a2f8
# instanceKlass com/android/tools/r8/internal/kb$$Lambda+0x000002c72228a0c0
# instanceKlass com/android/tools/r8/internal/kb$$Lambda+0x000002c722289e88
# instanceKlass com/android/tools/r8/internal/kb$$Lambda+0x000002c722289c50
# instanceKlass com/android/tools/r8/internal/kb$$Lambda+0x000002c722289a18
# instanceKlass com/android/tools/r8/internal/kb$$Lambda+0x000002c7222895a8
# instanceKlass com/android/tools/r8/internal/kb$$Lambda+0x000002c7222897e0
# instanceKlass com/android/tools/r8/internal/kb$$Lambda+0x000002c722289370
# instanceKlass com/android/tools/r8/internal/kb$$Lambda+0x000002c722289138
# instanceKlass com/android/tools/r8/internal/kb$$Lambda+0x000002c722288f00
# instanceKlass com/android/tools/r8/internal/kb$$Lambda+0x000002c722288cc8
# instanceKlass com/android/tools/r8/internal/kb$$Lambda+0x000002c722288a90
instanceKlass  @bci com/android/tools/r8/internal/kb b (Lcom/android/tools/r8/internal/nB;)V 168 <appendix> member <vmtarget> ; # com/android/tools/r8/internal/kb$$Lambda+0x000002c722288858
instanceKlass com/android/tools/r8/internal/rb
instanceKlass com/android/tools/r8/internal/LH
instanceKlass com/android/tools/r8/internal/ib
instanceKlass com/android/tools/r8/internal/jb
instanceKlass com/android/tools/r8/internal/Me0
instanceKlass java/util/LinkedList$Node
instanceKlass com/android/tools/r8/internal/TH
instanceKlass com/android/tools/r8/internal/PE
instanceKlass com/android/tools/r8/internal/O8
instanceKlass com/android/tools/r8/internal/Y5
instanceKlass com/android/tools/r8/internal/iB
instanceKlass com/android/tools/r8/internal/zB
instanceKlass com/android/tools/r8/internal/o20
instanceKlass com/android/tools/r8/internal/tG
instanceKlass com/android/tools/r8/internal/K
instanceKlass com/android/tools/r8/internal/lF
instanceKlass com/android/tools/r8/internal/aF
instanceKlass com/android/tools/r8/graph/proto/d
instanceKlass com/android/tools/r8/graph/proto/c
instanceKlass com/android/tools/r8/graph/proto/j
instanceKlass com/android/tools/r8/internal/S
instanceKlass com/android/tools/r8/internal/OG
instanceKlass com/android/tools/r8/internal/nB
# instanceKlass com/android/tools/r8/internal/q70$$Lambda+0x000002c722278248
# instanceKlass com/android/tools/r8/internal/q70$$Lambda+0x000002c722277d80
# instanceKlass com/android/tools/r8/internal/q70$$Lambda+0x000002c722277b30
# instanceKlass com/android/tools/r8/internal/q70$$Lambda+0x000002c7222778e0
# instanceKlass com/android/tools/r8/internal/q70$$Lambda+0x000002c722277690
# instanceKlass com/android/tools/r8/internal/q70$$Lambda+0x000002c7222771f0
# instanceKlass com/android/tools/r8/internal/q70$$Lambda+0x000002c722277440
# instanceKlass com/android/tools/r8/internal/q70$$Lambda+0x000002c722276fa0
# instanceKlass com/android/tools/r8/internal/q70$$Lambda+0x000002c722276d50
# instanceKlass com/android/tools/r8/internal/q70$$Lambda+0x000002c722276b00
# instanceKlass com/android/tools/r8/internal/q70$$Lambda+0x000002c7222768b0
# instanceKlass com/android/tools/r8/internal/q70$$Lambda+0x000002c722276660
# instanceKlass com/android/tools/r8/internal/q70$$Lambda+0x000002c722276410
# instanceKlass com/android/tools/r8/internal/q70$$Lambda+0x000002c7222761c0
# instanceKlass com/android/tools/r8/internal/q70$$Lambda+0x000002c722275f70
# instanceKlass com/android/tools/r8/internal/q70$$Lambda+0x000002c722275d20
# instanceKlass com/android/tools/r8/internal/q70$$Lambda+0x000002c722275ad0
instanceKlass  @bci com/android/tools/r8/internal/q70 a (Lcom/android/tools/r8/internal/Jr0;)V 41 <appendix> argL0 ; # com/android/tools/r8/internal/q70$$Lambda+0x000002c722275880
# instanceKlass com/android/tools/r8/internal/q70$$Lambda+0x000002c722275630
# instanceKlass com/android/tools/r8/internal/q70$$Lambda+0x000002c7222753e0
# instanceKlass com/android/tools/r8/internal/q70$$Lambda+0x000002c722275190
# instanceKlass com/android/tools/r8/internal/q70$$Lambda+0x000002c722274cf0
# instanceKlass com/android/tools/r8/internal/q70$$Lambda+0x000002c722274f40
# instanceKlass com/android/tools/r8/internal/q70$$Lambda+0x000002c722274aa0
# instanceKlass com/android/tools/r8/internal/q70$$Lambda+0x000002c722274850
# instanceKlass com/android/tools/r8/internal/q70$$Lambda+0x000002c7222743b0
# instanceKlass com/android/tools/r8/internal/q70$$Lambda+0x000002c722274600
# instanceKlass com/android/tools/r8/internal/q70$$Lambda+0x000002c722274160
# instanceKlass com/android/tools/r8/internal/q70$$Lambda+0x000002c722273f10
# instanceKlass com/android/tools/r8/internal/q70$$Lambda+0x000002c722273cc0
# instanceKlass com/android/tools/r8/internal/q70$$Lambda+0x000002c722273a70
# instanceKlass com/android/tools/r8/internal/q70$$Lambda+0x000002c722273820
# instanceKlass com/android/tools/r8/internal/q70$$Lambda+0x000002c7222735d0
# instanceKlass com/android/tools/r8/internal/q70$$Lambda+0x000002c722273130
# instanceKlass com/android/tools/r8/internal/q70$$Lambda+0x000002c722273380
instanceKlass  @bci com/android/tools/r8/internal/q70 a (Lcom/android/tools/r8/internal/Jr0;)V 33 <appendix> argL0 ; # com/android/tools/r8/internal/q70$$Lambda+0x000002c722272ee0
# instanceKlass com/android/tools/r8/internal/q70$$Lambda+0x000002c722272ca0
# instanceKlass com/android/tools/r8/internal/q70$$Lambda+0x000002c722272820
# instanceKlass com/android/tools/r8/internal/q70$$Lambda+0x000002c722272a60
# instanceKlass com/android/tools/r8/internal/q70$$Lambda+0x000002c7222725e0
# instanceKlass com/android/tools/r8/internal/q70$$Lambda+0x000002c7222723a0
# instanceKlass com/android/tools/r8/internal/q70$$Lambda+0x000002c722271f20
# instanceKlass com/android/tools/r8/internal/q70$$Lambda+0x000002c722272160
# instanceKlass com/android/tools/r8/internal/q70$$Lambda+0x000002c722271ce0
# instanceKlass com/android/tools/r8/internal/q70$$Lambda+0x000002c722271aa0
# instanceKlass com/android/tools/r8/internal/q70$$Lambda+0x000002c722271860
# instanceKlass com/android/tools/r8/internal/q70$$Lambda+0x000002c722271620
# instanceKlass com/android/tools/r8/internal/q70$$Lambda+0x000002c7222713e0
instanceKlass  @bci com/android/tools/r8/internal/q70 a (Lcom/android/tools/r8/internal/Jr0;)V 25 <appendix> argL0 ; # com/android/tools/r8/internal/q70$$Lambda+0x000002c7222711a0
# instanceKlass com/android/tools/r8/internal/q70$$Lambda+0x000002c722270d20
# instanceKlass com/android/tools/r8/internal/q70$$Lambda+0x000002c722270f60
# instanceKlass com/android/tools/r8/internal/q70$$Lambda+0x000002c722270ae0
# instanceKlass com/android/tools/r8/internal/q70$$Lambda+0x000002c7222708a0
# instanceKlass com/android/tools/r8/internal/q70$$Lambda+0x000002c722270660
# instanceKlass com/android/tools/r8/internal/Jr0$$Lambda+0x000002c722270440
# instanceKlass com/android/tools/r8/internal/Jr0$$Lambda+0x000002c722270220
# instanceKlass com/android/tools/r8/internal/Jr0$$Lambda+0x000002c722270000
# instanceKlass com/android/tools/r8/internal/Jr0$$Lambda+0x000002c72226fd90
# instanceKlass com/android/tools/r8/internal/Jr0$$Lambda+0x000002c72226f730
# instanceKlass com/android/tools/r8/internal/Jr0$$Lambda+0x000002c72226fb70
# instanceKlass com/android/tools/r8/internal/Jr0$$Lambda+0x000002c72226f950
# instanceKlass com/android/tools/r8/internal/Jr0$$Lambda+0x000002c72226f510
# instanceKlass com/android/tools/r8/internal/Jr0$$Lambda+0x000002c72226f2f0
# instanceKlass com/android/tools/r8/internal/Jr0$$Lambda+0x000002c72226f0d0
# instanceKlass com/android/tools/r8/internal/Jr0$$Lambda+0x000002c72226eeb0
# instanceKlass com/android/tools/r8/internal/Jr0$$Lambda+0x000002c72226ec90
# instanceKlass com/android/tools/r8/internal/Jr0$$Lambda+0x000002c72226ea70
# instanceKlass com/android/tools/r8/internal/Jr0$$Lambda+0x000002c72226e850
# instanceKlass com/android/tools/r8/internal/Jr0$$Lambda+0x000002c72226e630
# instanceKlass com/android/tools/r8/internal/Jr0$$Lambda+0x000002c72226e410
instanceKlass  @bci com/android/tools/r8/internal/Jr0 a (Ljava/util/function/Function;Ljava/util/function/Predicate;)Lcom/android/tools/r8/internal/Jr0; 7 <appendix> argL0 ; # com/android/tools/r8/internal/Jr0$$Lambda+0x000002c72226e1f0
# instanceKlass com/android/tools/r8/internal/Jr0$$Lambda+0x000002c72226dfd0
# instanceKlass com/android/tools/r8/internal/Jr0$$Lambda+0x000002c72226ddb0
# instanceKlass com/android/tools/r8/internal/Jr0$$Lambda+0x000002c72226db90
# instanceKlass com/android/tools/r8/internal/Jr0$$Lambda+0x000002c72226d970
# instanceKlass com/android/tools/r8/internal/Jr0$$Lambda+0x000002c72226d530
# instanceKlass com/android/tools/r8/internal/Jr0$$Lambda+0x000002c72226d750
# instanceKlass com/android/tools/r8/internal/Jr0$$Lambda+0x000002c72226d310
# instanceKlass com/android/tools/r8/internal/Jr0$$Lambda+0x000002c72226d0f0
# instanceKlass com/android/tools/r8/internal/Jr0$$Lambda+0x000002c72226ced0
# instanceKlass com/android/tools/r8/internal/Jr0$$Lambda+0x000002c72226ccb0
# instanceKlass com/android/tools/r8/internal/Jr0$$Lambda+0x000002c72226ca90
# instanceKlass com/android/tools/r8/internal/Jr0$$Lambda+0x000002c72226c870
# instanceKlass com/android/tools/r8/internal/Jr0$$Lambda+0x000002c72226c650
# instanceKlass com/android/tools/r8/internal/Jr0$$Lambda+0x000002c72226c210
# instanceKlass com/android/tools/r8/internal/Jr0$$Lambda+0x000002c72226c430
# instanceKlass com/android/tools/r8/internal/Jr0$$Lambda+0x000002c72226bff0
# instanceKlass com/android/tools/r8/internal/Jr0$$Lambda+0x000002c72226bdd0
# instanceKlass com/android/tools/r8/internal/Jr0$$Lambda+0x000002c72226bbb0
instanceKlass  @bci com/android/tools/r8/internal/Jr0 a (Ljava/util/function/Function;Ljava/util/function/Predicate;)Lcom/android/tools/r8/internal/Jr0; 2 <appendix> argL0 ; # com/android/tools/r8/internal/Jr0$$Lambda+0x000002c72226b990
# instanceKlass com/android/tools/r8/internal/Jr0$$Lambda+0x000002c72226b738
# instanceKlass com/android/tools/r8/internal/Jr0$$Lambda+0x000002c72226b4e0
# instanceKlass com/android/tools/r8/internal/Jr0$$Lambda+0x000002c72226b288
# instanceKlass com/android/tools/r8/internal/Jr0$$Lambda+0x000002c72226b030
# instanceKlass com/android/tools/r8/internal/Jr0$$Lambda+0x000002c72226add8
# instanceKlass com/android/tools/r8/internal/Jr0$$Lambda+0x000002c72226ab80
# instanceKlass com/android/tools/r8/internal/Jr0$$Lambda+0x000002c72226a6d0
# instanceKlass com/android/tools/r8/internal/Jr0$$Lambda+0x000002c72226a928
# instanceKlass com/android/tools/r8/internal/Jr0$$Lambda+0x000002c72226a478
# instanceKlass com/android/tools/r8/internal/Jr0$$Lambda+0x000002c72226a220
# instanceKlass com/android/tools/r8/internal/Jr0$$Lambda+0x000002c722269fc8
# instanceKlass com/android/tools/r8/internal/Jr0$$Lambda+0x000002c722269d70
# instanceKlass com/android/tools/r8/internal/Jr0$$Lambda+0x000002c722269b18
# instanceKlass com/android/tools/r8/internal/Jr0$$Lambda+0x000002c7222698c0
# instanceKlass com/android/tools/r8/internal/Jr0$$Lambda+0x000002c722269668
# instanceKlass com/android/tools/r8/internal/Jr0$$Lambda+0x000002c722269410
# instanceKlass com/android/tools/r8/internal/Jr0$$Lambda+0x000002c7222691b8
instanceKlass  @bci com/android/tools/r8/internal/Jr0 j (Ljava/util/function/Function;)Lcom/android/tools/r8/internal/Jr0; 3 <appendix> member <vmtarget> ; # com/android/tools/r8/internal/Jr0$$Lambda+0x000002c722268f60
# instanceKlass com/android/tools/r8/internal/q70$$Lambda+0x000002c722268d40
# instanceKlass com/android/tools/r8/internal/q70$$Lambda+0x000002c722268b00
# instanceKlass com/android/tools/r8/internal/q70$$Lambda+0x000002c7222688c0
# instanceKlass com/android/tools/r8/internal/q70$$Lambda+0x000002c722268680
# instanceKlass com/android/tools/r8/internal/q70$$Lambda+0x000002c722268440
# instanceKlass com/android/tools/r8/internal/q70$$Lambda+0x000002c722268220
# instanceKlass com/android/tools/r8/internal/q70$$Lambda+0x000002c722268000
# instanceKlass com/android/tools/r8/internal/q70$$Lambda+0x000002c722260c00
# instanceKlass com/android/tools/r8/internal/q70$$Lambda+0x000002c722261d40
# instanceKlass com/android/tools/r8/internal/q70$$Lambda+0x000002c722261b00
# instanceKlass com/android/tools/r8/internal/q70$$Lambda+0x000002c7222618e0
# instanceKlass com/android/tools/r8/internal/q70$$Lambda+0x000002c722261000
# instanceKlass com/android/tools/r8/internal/q70$$Lambda+0x000002c7222616c0
# instanceKlass com/android/tools/r8/internal/q70$$Lambda+0x000002c722261480
# instanceKlass com/android/tools/r8/internal/q70$$Lambda+0x000002c722261240
# instanceKlass com/android/tools/r8/internal/q70$$Lambda+0x000002c722263be0
# instanceKlass com/android/tools/r8/internal/q70$$Lambda+0x000002c7222639a0
instanceKlass  @bci com/android/tools/r8/internal/q70 a (Lcom/android/tools/r8/internal/Jr0;)V 17 <appendix> argL0 ; # com/android/tools/r8/internal/q70$$Lambda+0x000002c722263760
# instanceKlass com/android/tools/r8/internal/q70$$Lambda+0x000002c722263540
# instanceKlass com/android/tools/r8/internal/q70$$Lambda+0x000002c722263320
# instanceKlass com/android/tools/r8/internal/q70$$Lambda+0x000002c722263100
# instanceKlass com/android/tools/r8/internal/q70$$Lambda+0x000002c722262ee0
# instanceKlass com/android/tools/r8/internal/q70$$Lambda+0x000002c722262cc0
# instanceKlass com/android/tools/r8/internal/q70$$Lambda+0x000002c722262aa0
# instanceKlass com/android/tools/r8/internal/q70$$Lambda+0x000002c722262880
# instanceKlass com/android/tools/r8/internal/q70$$Lambda+0x000002c722262660
# instanceKlass com/android/tools/r8/internal/q70$$Lambda+0x000002c722262440
# instanceKlass com/android/tools/r8/internal/q70$$Lambda+0x000002c722262220
# instanceKlass com/android/tools/r8/internal/q70$$Lambda+0x000002c722262000
instanceKlass  @bci com/android/tools/r8/internal/q70 a (Lcom/android/tools/r8/internal/Jr0;)V 9 <appendix> argL0 ; # com/android/tools/r8/internal/q70$$Lambda+0x000002c722267da0
# instanceKlass com/android/tools/r8/internal/q70$$Lambda+0x000002c722267b80
# instanceKlass com/android/tools/r8/internal/q70$$Lambda+0x000002c722267960
# instanceKlass com/android/tools/r8/internal/q70$$Lambda+0x000002c722267740
# instanceKlass com/android/tools/r8/internal/q70$$Lambda+0x000002c722267520
# instanceKlass com/android/tools/r8/internal/q70$$Lambda+0x000002c722267300
# instanceKlass com/android/tools/r8/internal/q70$$Lambda+0x000002c7222670e0
# instanceKlass com/android/tools/r8/internal/q70$$Lambda+0x000002c722266ec0
# instanceKlass com/android/tools/r8/internal/q70$$Lambda+0x000002c722266ca0
# instanceKlass com/android/tools/r8/internal/q70$$Lambda+0x000002c722266a80
# instanceKlass com/android/tools/r8/internal/q70$$Lambda+0x000002c722266860
# instanceKlass com/android/tools/r8/internal/q70$$Lambda+0x000002c722266640
# instanceKlass com/android/tools/r8/internal/q70$$Lambda+0x000002c722266420
# instanceKlass com/android/tools/r8/internal/q70$$Lambda+0x000002c722266200
# instanceKlass com/android/tools/r8/internal/q70$$Lambda+0x000002c722265fe0
# instanceKlass com/android/tools/r8/internal/q70$$Lambda+0x000002c722265dc0
# instanceKlass com/android/tools/r8/internal/q70$$Lambda+0x000002c722265ba0
# instanceKlass com/android/tools/r8/internal/q70$$Lambda+0x000002c722265980
instanceKlass  @bci com/android/tools/r8/internal/q70 a (Lcom/android/tools/r8/internal/Jr0;)V 1 <appendix> argL0 ; # com/android/tools/r8/internal/q70$$Lambda+0x000002c722265760
# instanceKlass com/android/tools/r8/internal/q70$c$$Lambda+0x000002c722265540
# instanceKlass com/android/tools/r8/internal/q70$c$$Lambda+0x000002c722265320
# instanceKlass com/android/tools/r8/internal/q70$c$$Lambda+0x000002c722264ee0
# instanceKlass com/android/tools/r8/internal/q70$c$$Lambda+0x000002c722265100
# instanceKlass com/android/tools/r8/internal/q70$c$$Lambda+0x000002c722264cc0
# instanceKlass com/android/tools/r8/internal/q70$c$$Lambda+0x000002c722264aa0
# instanceKlass com/android/tools/r8/internal/q70$c$$Lambda+0x000002c722264880
# instanceKlass com/android/tools/r8/internal/q70$c$$Lambda+0x000002c722264660
# instanceKlass com/android/tools/r8/internal/q70$c$$Lambda+0x000002c722264440
# instanceKlass com/android/tools/r8/internal/q70$c$$Lambda+0x000002c722264220
# instanceKlass com/android/tools/r8/internal/q70$c$$Lambda+0x000002c722264000
# instanceKlass com/android/tools/r8/internal/q70$c$$Lambda+0x000002c72225fd78
# instanceKlass com/android/tools/r8/internal/q70$c$$Lambda+0x000002c72225fb58
# instanceKlass com/android/tools/r8/internal/q70$c$$Lambda+0x000002c72225f938
# instanceKlass com/android/tools/r8/internal/q70$c$$Lambda+0x000002c72225f718
# instanceKlass com/android/tools/r8/internal/q70$c$$Lambda+0x000002c72225f4f8
# instanceKlass com/android/tools/r8/internal/q70$c$$Lambda+0x000002c72225f2d8
instanceKlass  @bci com/android/tools/r8/internal/q70$c m ()Lcom/android/tools/r8/internal/Hr0; 0 <appendix> argL0 ; # com/android/tools/r8/internal/q70$c$$Lambda+0x000002c72225f0b8
instanceKlass  @bci com/android/tools/r8/internal/R9 a (Ljava/util/function/BiFunction;Lcom/android/tools/r8/internal/X9;Lcom/android/tools/r8/internal/I9;)Lcom/android/tools/r8/internal/Wt0; 16 <appendix> member <vmtarget> ; # com/android/tools/r8/internal/R9$$Lambda+0x000002c72225ec08
instanceKlass com/android/tools/r8/internal/K8
instanceKlass  @bci com/android/tools/r8/internal/P9 a (Ljava/util/function/BiFunction;Lcom/android/tools/r8/internal/X9;Lcom/android/tools/r8/internal/I9;)Lcom/android/tools/r8/internal/Wt0; 16 <appendix> member <vmtarget> ; # com/android/tools/r8/internal/P9$$Lambda+0x000002c72225e7b0
instanceKlass  @bci com/android/tools/r8/internal/I9 b (Ljava/util/function/BiFunction;)Lcom/android/tools/r8/internal/I9; 2 <appendix> member <vmtarget> ; # com/android/tools/r8/internal/I9$$Lambda+0x000002c72225e0e8
instanceKlass com/android/tools/r8/internal/xb
instanceKlass  @bci com/android/tools/r8/internal/K9 a ()I 1283 <appendix> member <vmtarget> ; # com/android/tools/r8/internal/K9$$Lambda+0x000002c72225dca0
instanceKlass  @bci com/android/tools/r8/internal/Bb a (Lcom/android/tools/r8/internal/I9;Lcom/android/tools/r8/graph/y;Lcom/android/tools/r8/internal/P8;)Lcom/android/tools/r8/internal/I9; 13 <appendix> member <vmtarget> ; # com/android/tools/r8/internal/Bb$$Lambda+0x000002c72225da68
instanceKlass  @bci com/android/tools/r8/internal/I9 a (Lcom/android/tools/r8/graph/y;Lcom/android/tools/r8/internal/P8;Lcom/android/tools/r8/internal/Mx0;)Lcom/android/tools/r8/internal/I9; 4 <appendix> argL0 ; # com/android/tools/r8/internal/I9$$Lambda+0x000002c72225d838
instanceKlass com/android/tools/r8/internal/vF
# instanceKlass java/lang/invoke/LambdaForm$DMH+0x000002c722260800
instanceKlass  @bci com/android/tools/r8/internal/VR a (Lcom/android/tools/r8/internal/X9;Lcom/android/tools/r8/internal/q70;Lcom/android/tools/r8/internal/xy;Lcom/android/tools/r8/internal/EU;Lcom/android/tools/r8/internal/E9;Lcom/android/tools/r8/internal/ga;Lcom/android/tools/r8/graph/K5;Lcom/android/tools/r8/internal/Lf;Lcom/android/tools/r8/internal/Z9;Lcom/android/tools/r8/graph/u1;)Ljava/util/Collection; 16 <appendix> form vmentry <vmtarget> ; # java/lang/invoke/LambdaForm$DMH+0x000002c722260000
# instanceKlass java/lang/invoke/LambdaForm$DMH+0x000002c722260400
instanceKlass com/android/tools/r8/internal/JH
# instanceKlass com/android/tools/r8/internal/I9$$Lambda+0x000002c72225be38
# instanceKlass com/android/tools/r8/internal/I9$$Lambda+0x000002c72225c070
instanceKlass  @bci com/android/tools/r8/internal/I9 b (Lcom/android/tools/r8/graph/y;Lcom/android/tools/r8/graph/M2;Lcom/android/tools/r8/internal/P8;Ljava/util/function/BiFunction;)Lcom/android/tools/r8/internal/I9; 15 <appendix> member <vmtarget> ; # com/android/tools/r8/internal/I9$$Lambda+0x000002c72225bc00
instanceKlass com/android/tools/r8/internal/kb
# instanceKlass com/android/tools/r8/internal/V9$$Lambda+0x000002c72225b6e8
# instanceKlass com/android/tools/r8/internal/V9$$Lambda+0x000002c72225b4b0
instanceKlass  @bci com/android/tools/r8/internal/V9 a (Lcom/android/tools/r8/internal/I9;Lcom/android/tools/r8/graph/y;Lcom/android/tools/r8/internal/P8;)Lcom/android/tools/r8/internal/I9; 24 <appendix> member <vmtarget> ; # com/android/tools/r8/internal/V9$$Lambda+0x000002c72225b278
# instanceKlass com/android/tools/r8/internal/sg$$Lambda+0x000002c72225a7c0
# instanceKlass com/android/tools/r8/internal/sg$$Lambda+0x000002c72225a588
# instanceKlass com/android/tools/r8/internal/sg$$Lambda+0x000002c72225a118
# instanceKlass com/android/tools/r8/internal/sg$$Lambda+0x000002c722259ee0
# instanceKlass com/android/tools/r8/internal/sg$$Lambda+0x000002c72225a350
# instanceKlass com/android/tools/r8/internal/sg$$Lambda+0x000002c722259ca8
# instanceKlass com/android/tools/r8/internal/sg$$Lambda+0x000002c722259a70
instanceKlass  @bci com/android/tools/r8/internal/sg a (Lcom/android/tools/r8/graph/y;Lcom/android/tools/r8/graph/M2;Lcom/android/tools/r8/internal/P8;Ljava/util/function/BiFunction;)Lcom/android/tools/r8/internal/I9; 11 <appendix> member <vmtarget> ; # com/android/tools/r8/internal/sg$$Lambda+0x000002c722259838
# instanceKlass com/android/tools/r8/internal/sg$$Lambda+0x000002c722259600
# instanceKlass com/android/tools/r8/internal/sg$$Lambda+0x000002c722259190
# instanceKlass com/android/tools/r8/internal/sg$$Lambda+0x000002c7222593c8
# instanceKlass com/android/tools/r8/internal/sg$$Lambda+0x000002c722258f58
# instanceKlass com/android/tools/r8/internal/sg$$Lambda+0x000002c722258d20
# instanceKlass com/android/tools/r8/internal/sg$$Lambda+0x000002c722258ae8
# instanceKlass com/android/tools/r8/internal/sg$$Lambda+0x000002c7222588b0
# instanceKlass com/android/tools/r8/internal/sg$$Lambda+0x000002c722258678
# instanceKlass com/android/tools/r8/internal/sg$$Lambda+0x000002c722258440
instanceKlass  @bci com/android/tools/r8/internal/sg a (Lcom/android/tools/r8/graph/B2;Lcom/android/tools/r8/internal/P8;)Lcom/android/tools/r8/internal/I9; 4 <appendix> member <vmtarget> ; # com/android/tools/r8/internal/sg$$Lambda+0x000002c722258208
instanceKlass com/android/tools/r8/internal/Lx0
# instanceKlass com/android/tools/r8/internal/I9$$Lambda+0x000002c722250c68
# instanceKlass com/android/tools/r8/internal/I9$$Lambda+0x000002c722250a38
# instanceKlass com/android/tools/r8/internal/I9$$Lambda+0x000002c722251d48
# instanceKlass com/android/tools/r8/internal/I9$$Lambda+0x000002c722250800
# instanceKlass com/android/tools/r8/internal/I9$$Lambda+0x000002c722251b10
# instanceKlass com/android/tools/r8/internal/I9$$Lambda+0x000002c7222518d8
instanceKlass  @bci com/android/tools/r8/internal/I9 c (Ljava/util/function/BiFunction;)Lcom/android/tools/r8/internal/I9; 2 <appendix> member <vmtarget> ; # com/android/tools/r8/internal/I9$$Lambda+0x000002c7222516a0
instanceKlass  @bci com/android/tools/r8/internal/I9 a (Lcom/android/tools/r8/graph/y;Lcom/android/tools/r8/internal/P8;Lcom/android/tools/r8/graph/M2;)Lcom/android/tools/r8/internal/I9; 2 <appendix> argL0 ; # com/android/tools/r8/internal/I9$$Lambda+0x000002c722251470
# instanceKlass com/android/tools/r8/internal/ra$$Lambda+0x000002c722251238
# instanceKlass com/android/tools/r8/internal/ra$$Lambda+0x000002c722251000
# instanceKlass com/android/tools/r8/internal/ra$$Lambda+0x000002c722253ca8
# instanceKlass com/android/tools/r8/internal/ra$$Lambda+0x000002c722253a70
# instanceKlass com/android/tools/r8/internal/ra$$Lambda+0x000002c722253838
# instanceKlass com/android/tools/r8/internal/ra$$Lambda+0x000002c722253600
# instanceKlass com/android/tools/r8/internal/ra$$Lambda+0x000002c7222533c8
# instanceKlass com/android/tools/r8/internal/ra$$Lambda+0x000002c722252f58
# instanceKlass com/android/tools/r8/internal/ra$$Lambda+0x000002c722253190
instanceKlass  @bci com/android/tools/r8/internal/ra a (Lcom/android/tools/r8/internal/I9;Lcom/android/tools/r8/graph/y;Lcom/android/tools/r8/internal/P8;)Lcom/android/tools/r8/internal/I9; 14 <appendix> member <vmtarget> ; # com/android/tools/r8/internal/ra$$Lambda+0x000002c722252d20
# instanceKlass com/android/tools/r8/internal/nb$$Lambda+0x000002c722252ae8
# instanceKlass com/android/tools/r8/internal/nb$$Lambda+0x000002c7222528b0
# instanceKlass com/android/tools/r8/internal/nb$$Lambda+0x000002c722252678
# instanceKlass com/android/tools/r8/internal/nb$$Lambda+0x000002c722252440
instanceKlass  @bci com/android/tools/r8/internal/nb a (Lcom/android/tools/r8/internal/I9;Lcom/android/tools/r8/graph/y;Lcom/android/tools/r8/internal/P8;)Lcom/android/tools/r8/internal/I9; 165 <appendix> member <vmtarget> ; # com/android/tools/r8/internal/nb$$Lambda+0x000002c722252208
instanceKlass com/android/tools/r8/internal/Xy
instanceKlass com/android/tools/r8/internal/mb
instanceKlass com/android/tools/r8/internal/b9
instanceKlass com/android/tools/r8/internal/e9
instanceKlass com/android/tools/r8/internal/L9
instanceKlass com/android/tools/r8/internal/K9
instanceKlass com/android/tools/r8/graph/F
instanceKlass com/android/tools/r8/internal/Q9
instanceKlass com/android/tools/r8/internal/O9
instanceKlass com/android/tools/r8/internal/Ab
# instanceKlass com/android/tools/r8/internal/Uz$$Lambda+0x000002c722254ae0
# instanceKlass com/android/tools/r8/internal/Uz$$Lambda+0x000002c7222548b0
# instanceKlass com/android/tools/r8/internal/Uz$$Lambda+0x000002c722254680
# instanceKlass com/android/tools/r8/internal/Uz$$Lambda+0x000002c722254220
# instanceKlass com/android/tools/r8/internal/Uz$$Lambda+0x000002c722254450
# instanceKlass com/android/tools/r8/internal/l5$$Lambda+0x000002c722254000
# instanceKlass com/android/tools/r8/internal/l5$$Lambda+0x000002c72224b590
# instanceKlass com/android/tools/r8/internal/l5$$Lambda+0x000002c72224bbf0
# instanceKlass com/android/tools/r8/internal/l5$$Lambda+0x000002c72224b9d0
# instanceKlass com/android/tools/r8/internal/l5$$Lambda+0x000002c72224b370
# instanceKlass com/android/tools/r8/internal/l5$$Lambda+0x000002c72224b7b0
# instanceKlass com/android/tools/r8/internal/Uz$$Lambda+0x000002c72224af10
# instanceKlass com/android/tools/r8/internal/Uz$$Lambda+0x000002c72224b140
# instanceKlass com/android/tools/r8/internal/l5$$Lambda+0x000002c72224acf0
# instanceKlass com/android/tools/r8/internal/l5$$Lambda+0x000002c72224aad0
instanceKlass  @bci com/android/tools/r8/internal/Uz a (Lcom/android/tools/r8/internal/Uz;Lcom/android/tools/r8/graph/B2;)Lcom/android/tools/r8/graph/B2; 2 <appendix> argL0 ; # com/android/tools/r8/internal/Uz$$Lambda+0x000002c72224a8a0
# instanceKlass com/android/tools/r8/internal/l5$$Lambda+0x000002c72224a680
# instanceKlass com/android/tools/r8/internal/l5$$Lambda+0x000002c72224a460
# instanceKlass com/android/tools/r8/internal/l5$$Lambda+0x000002c72224a240
# instanceKlass com/android/tools/r8/internal/l5$$Lambda+0x000002c72224a020
# instanceKlass com/android/tools/r8/internal/l5$$Lambda+0x000002c722249e00
# instanceKlass com/android/tools/r8/internal/l5$$Lambda+0x000002c722249be0
instanceKlass  @bci com/android/tools/r8/internal/l5 b (Lcom/android/tools/r8/graph/K5;Lcom/android/tools/r8/internal/X9;)Lcom/android/tools/r8/internal/fm; 14 <appendix> argL0 ; # com/android/tools/r8/internal/l5$$Lambda+0x000002c7222499c0
instanceKlass com/android/tools/r8/internal/qa
# instanceKlass java/lang/invoke/LambdaForm$DMH+0x000002c722250400
# instanceKlass java/lang/invoke/LambdaForm$DMH+0x000002c722250000
# instanceKlass java/lang/invoke/LambdaForm$DMH+0x000002c72224fc00
# instanceKlass java/lang/invoke/LambdaForm$DMH+0x000002c72224f800
# instanceKlass java/lang/invoke/LambdaForm$DMH+0x000002c72224f400
# instanceKlass java/lang/invoke/LambdaForm$DMH+0x000002c72224f000
# instanceKlass java/lang/invoke/LambdaForm$DMH+0x000002c72224ec00
# instanceKlass java/lang/invoke/LambdaForm$DMH+0x000002c72224e800
# instanceKlass java/lang/invoke/LambdaForm$DMH+0x000002c72224e400
# instanceKlass java/lang/invoke/LambdaForm$DMH+0x000002c72224e000
# instanceKlass java/lang/invoke/LambdaForm$DMH+0x000002c72224dc00
# instanceKlass java/lang/invoke/LambdaForm$DMH+0x000002c72224d800
# instanceKlass java/lang/invoke/LambdaForm$DMH+0x000002c72224d400
# instanceKlass java/lang/invoke/LambdaForm$DMH+0x000002c72224d000
# instanceKlass java/lang/invoke/LambdaForm$DMH+0x000002c72224cc00
# instanceKlass java/lang/invoke/LambdaForm$DMH+0x000002c72224c800
# instanceKlass java/lang/invoke/LambdaForm$DMH+0x000002c72224c400
instanceKlass  @bci com/android/tools/r8/internal/o5 a (Lcom/android/tools/r8/graph/u1;Lcom/android/tools/r8/graph/y;Lcom/android/tools/r8/graph/K5;Lcom/android/tools/r8/internal/n5;Lcom/android/tools/r8/internal/Lf;Ljava/util/LinkedHashMap;Lcom/android/tools/r8/synthesis/M;)V 54 <appendix> form vmentry <vmtarget> ; # java/lang/invoke/LambdaForm$DMH+0x000002c72224c000
# instanceKlass com/android/tools/r8/internal/i80$$Lambda+0x000002c722249590
# instanceKlass com/android/tools/r8/internal/i80$$Lambda+0x000002c722249368
# instanceKlass com/android/tools/r8/internal/i80$$Lambda+0x000002c722249140
# instanceKlass com/android/tools/r8/internal/i80$$Lambda+0x000002c722248f18
# instanceKlass com/android/tools/r8/internal/i80$$Lambda+0x000002c722248cf0
# instanceKlass com/android/tools/r8/internal/i80$$Lambda+0x000002c7222488a0
# instanceKlass com/android/tools/r8/internal/i80$$Lambda+0x000002c722248ac8
# instanceKlass com/android/tools/r8/internal/i80$$Lambda+0x000002c722248678
# instanceKlass com/android/tools/r8/internal/i80$$Lambda+0x000002c722248450
# instanceKlass com/android/tools/r8/internal/i80$$Lambda+0x000002c722248228
# instanceKlass com/android/tools/r8/internal/i80$$Lambda+0x000002c722248000
# instanceKlass com/android/tools/r8/internal/i80$$Lambda+0x000002c722242c00
# instanceKlass com/android/tools/r8/internal/i80$$Lambda+0x000002c722243b20
# instanceKlass com/android/tools/r8/internal/i80$$Lambda+0x000002c722243d48
# instanceKlass com/android/tools/r8/internal/i80$$Lambda+0x000002c7222438f8
# instanceKlass com/android/tools/r8/internal/i80$$Lambda+0x000002c7222436d0
# instanceKlass com/android/tools/r8/internal/i80$$Lambda+0x000002c7222434a8
instanceKlass  @bci com/android/tools/r8/internal/i80 a (Lcom/android/tools/r8/graph/K5;Lcom/android/tools/r8/internal/ga;Lcom/android/tools/r8/internal/Z40;Lcom/android/tools/r8/internal/Pi;Lcom/android/tools/r8/internal/Lf;Lcom/android/tools/r8/internal/at0;)V 35 <appendix> member <vmtarget> ; # com/android/tools/r8/internal/i80$$Lambda+0x000002c722243280
instanceKlass com/android/tools/r8/references/ClassReference
instanceKlass com/android/tools/r8/references/PrimitiveReference
instanceKlass com/android/tools/r8/references/Reference
instanceKlass com/android/tools/r8/position/MethodPosition
# instanceKlass com/android/tools/r8/internal/oU$$Lambda+0x000002c722245f10
# instanceKlass com/android/tools/r8/internal/oU$$Lambda+0x000002c722245cd8
# instanceKlass com/android/tools/r8/internal/oU$$Lambda+0x000002c722245aa0
# instanceKlass com/android/tools/r8/internal/oU$$Lambda+0x000002c722245868
# instanceKlass com/android/tools/r8/internal/oU$$Lambda+0x000002c722245630
# instanceKlass com/android/tools/r8/internal/oU$$Lambda+0x000002c7222453f8
# instanceKlass com/android/tools/r8/internal/oU$$Lambda+0x000002c7222451c0
# instanceKlass com/android/tools/r8/internal/oU$$Lambda+0x000002c722244d50
# instanceKlass com/android/tools/r8/internal/oU$$Lambda+0x000002c722244f88
# instanceKlass com/android/tools/r8/internal/oU$$Lambda+0x000002c7222448e0
# instanceKlass com/android/tools/r8/internal/oU$$Lambda+0x000002c722244b18
# instanceKlass com/android/tools/r8/internal/oU$$Lambda+0x000002c7222446a8
# instanceKlass com/android/tools/r8/internal/oU$$Lambda+0x000002c722244238
# instanceKlass com/android/tools/r8/internal/oU$$Lambda+0x000002c722244470
# instanceKlass com/android/tools/r8/internal/oU$$Lambda+0x000002c722244000
# instanceKlass com/android/tools/r8/internal/oU$$Lambda+0x000002c72223fdb0
# instanceKlass com/android/tools/r8/internal/oU$$Lambda+0x000002c72223fb78
instanceKlass  @bci com/android/tools/r8/internal/oU a (Lcom/android/tools/r8/internal/my;)Ljava/util/ArrayList; 10 <appendix> member <vmtarget> ; # com/android/tools/r8/internal/oU$$Lambda+0x000002c72223f940
# instanceKlass java/lang/invoke/LambdaForm$DMH+0x000002c722242400
# instanceKlass java/lang/invoke/LambdaForm$DMH+0x000002c722242800
# instanceKlass java/lang/invoke/LambdaForm$DMH+0x000002c722242000
# instanceKlass java/lang/invoke/LambdaForm$DMH+0x000002c722241c00
# instanceKlass java/lang/invoke/LambdaForm$DMH+0x000002c722241800
# instanceKlass java/lang/invoke/LambdaForm$DMH+0x000002c722241000
# instanceKlass java/lang/invoke/LambdaForm$DMH+0x000002c722241400
# instanceKlass java/lang/invoke/LambdaForm$DMH+0x000002c722240c00
# instanceKlass java/lang/invoke/LambdaForm$DMH+0x000002c722240000
# instanceKlass java/lang/invoke/LambdaForm$DMH+0x000002c722240400
# instanceKlass java/lang/invoke/LambdaForm$DMH+0x000002c722240800
# instanceKlass java/lang/invoke/LambdaForm$DMH+0x000002c72223bc00
# instanceKlass java/lang/invoke/LambdaForm$DMH+0x000002c72223b800
# instanceKlass java/lang/invoke/LambdaForm$DMH+0x000002c72223b400
# instanceKlass java/lang/invoke/LambdaForm$DMH+0x000002c72223b000
# instanceKlass java/lang/invoke/LambdaForm$DMH+0x000002c72223ac00
instanceKlass  @cpi com/android/tools/r8/internal/bz0 55 form vmentry <vmtarget> ; # java/lang/invoke/LambdaForm$DMH+0x000002c72223a800
# instanceKlass java/lang/invoke/LambdaForm$DMH+0x000002c72223a400
# instanceKlass com/android/tools/r8/internal/i80$$Lambda+0x000002c72223f4d0
# instanceKlass com/android/tools/r8/internal/i80$$Lambda+0x000002c72223f708
# instanceKlass com/android/tools/r8/internal/i80$$Lambda+0x000002c72223f298
# instanceKlass com/android/tools/r8/internal/i80$$Lambda+0x000002c72223ee28
# instanceKlass com/android/tools/r8/internal/i80$$Lambda+0x000002c72223f060
# instanceKlass com/android/tools/r8/internal/i80$$Lambda+0x000002c72223ebf0
# instanceKlass com/android/tools/r8/internal/i80$$Lambda+0x000002c72223e9b8
# instanceKlass com/android/tools/r8/internal/i80$$Lambda+0x000002c72223e780
# instanceKlass com/android/tools/r8/internal/i80$$Lambda+0x000002c72223e548
# instanceKlass com/android/tools/r8/internal/i80$$Lambda+0x000002c72223e310
# instanceKlass com/android/tools/r8/internal/i80$$Lambda+0x000002c72223dea0
# instanceKlass com/android/tools/r8/internal/i80$$Lambda+0x000002c72223e0d8
# instanceKlass com/android/tools/r8/internal/i80$$Lambda+0x000002c72223da30
# instanceKlass com/android/tools/r8/internal/i80$$Lambda+0x000002c72223dc68
# instanceKlass com/android/tools/r8/internal/i80$$Lambda+0x000002c72223d7f8
# instanceKlass com/android/tools/r8/internal/i80$$Lambda+0x000002c72223d5c0
# instanceKlass com/android/tools/r8/internal/i80$$Lambda+0x000002c72223d388
instanceKlass  @bci com/android/tools/r8/internal/i80 a (Lcom/android/tools/r8/graph/H2;Lcom/android/tools/r8/internal/ga;Lcom/android/tools/r8/internal/Pi;Lcom/android/tools/r8/internal/mJ;Lcom/android/tools/r8/internal/at0;)V 12 <appendix> member <vmtarget> ; # com/android/tools/r8/internal/i80$$Lambda+0x000002c72223d150
instanceKlass  @bci com/android/tools/r8/internal/Pc a (Lcom/android/tools/r8/internal/Qc;Ljava/util/concurrent/ExecutorService;Lcom/android/tools/r8/internal/at0;)V 561 <appendix> member <vmtarget> ; # com/android/tools/r8/internal/Pc$$Lambda+0x000002c72223cf28
instanceKlass com/android/tools/r8/internal/bt0
instanceKlass  @bci com/android/tools/r8/internal/Pc a (Ljava/util/Collection;)V 11 <appendix> member <vmtarget> ; # com/android/tools/r8/internal/Pc$$Lambda+0x000002c72223cab8
instanceKlass com/android/tools/r8/internal/Um
instanceKlass  @bci com/android/tools/r8/internal/PR a (I)Lcom/android/tools/r8/graph/l1; 32 <appendix> form vmentry <vmtarget> ; # java/lang/invoke/LambdaForm$MH+0x000002c72223a000
instanceKlass  @bci com/android/tools/r8/internal/PR a (I)Lcom/android/tools/r8/graph/l1; 32 <appendix> argL3 form vmentry <vmtarget> ; # java/lang/invoke/LambdaForm$MH+0x000002c722239c00
# instanceKlass java/lang/invoke/LambdaForm$MH+0x000002c722239800
# instanceKlass java/lang/invoke/LambdaForm$MH+0x000002c722239400
instanceKlass  @bci com/android/tools/r8/internal/PR a (I)Lcom/android/tools/r8/graph/l1; 32 <appendix> argL1 form vmentry <vmtarget> ; # java/lang/invoke/LambdaForm$MH+0x000002c722239000
# instanceKlass java/lang/invoke/LambdaForm$MH+0x000002c722238c00
instanceKlass java/util/IdentityHashMap$EntryIterator$Entry
instanceKlass  @bci com/android/tools/r8/internal/Pc b (Ljava/util/Collection;)Ljava/util/ArrayDeque; 190 <appendix> member <vmtarget> ; # com/android/tools/r8/internal/Pc$$Lambda+0x000002c72223c680
instanceKlass  @cpi com/android/tools/r8/internal/Pc 164 form vmentry <vmtarget> ; # java/lang/invoke/LambdaForm$DMH+0x000002c722238800
instanceKlass com/android/tools/r8/internal/Qs0
instanceKlass  @bci com/android/tools/r8/internal/Pc b (Ljava/util/Collection;)Ljava/util/ArrayDeque; 140 <appendix> argL0 ; # com/android/tools/r8/internal/Pc$$Lambda+0x000002c72223c240
instanceKlass  @bci com/android/tools/r8/internal/Pc b (Ljava/util/Collection;)Ljava/util/ArrayDeque; 46 <appendix> argL0 ; # com/android/tools/r8/internal/Pc$$Lambda+0x000002c72223c000
instanceKlass java/util/TimSort
instanceKlass java/util/Arrays$LegacyMergeSort
# instanceKlass java/util/Comparator$$Lambda+0x000002c7220c6cd8
# instanceKlass java/util/Comparator$$Lambda+0x000002c7220c6a38
instanceKlass  @bci java/util/Comparator comparing (Ljava/util/function/Function;)Ljava/util/Comparator; 6 <appendix> member <vmtarget> ; # java/util/Comparator$$Lambda+0x000002c7220c6798
# instanceKlass java/lang/invoke/LambdaForm$MH+0x000002c722238400
# instanceKlass java/lang/invoke/LambdaForm$MH+0x000002c722238000
instanceKlass  @bci java/lang/invoke/BootstrapMethodInvoker invoke (Ljava/lang/Class;Ljava/lang/invoke/MethodHandle;Ljava/lang/String;Ljava/lang/Object;Ljava/lang/Object;Ljava/lang/Class;)Ljava/lang/Object; 462 <adapter> ; # java/lang/invoke/LambdaForm$MH+0x000002c722233400
# instanceKlass com/android/tools/r8/internal/N80$$Lambda+0x000002c722233c80
instanceKlass  @bci com/android/tools/r8/internal/N80 a (Lcom/android/tools/r8/graph/M2;Ljava/util/Map;)V 48 <appendix> argL0 ; # com/android/tools/r8/internal/N80$$Lambda+0x000002c722233a40
# instanceKlass com/android/tools/r8/internal/N80$$Lambda+0x000002c722233800
# instanceKlass com/android/tools/r8/internal/N80$$Lambda+0x000002c722237c08
# instanceKlass com/android/tools/r8/internal/N80$$Lambda+0x000002c7222379d0
instanceKlass  @bci com/android/tools/r8/internal/N80 a (Lcom/android/tools/r8/graph/M2;Ljava/util/Map;)V 38 <appendix> member <vmtarget> ; # com/android/tools/r8/internal/N80$$Lambda+0x000002c722237798
instanceKlass  @bci com/android/tools/r8/internal/Fs0 a (Ljava/lang/Iterable;Lcom/android/tools/r8/internal/Xs0;Lcom/android/tools/r8/threading/ThreadingModule;Ljava/util/concurrent/ExecutorService;)Ljava/util/ArrayList; 6 <appendix> member <vmtarget> ; # com/android/tools/r8/internal/Fs0$$Lambda+0x000002c722237560
instanceKlass  @bci com/android/tools/r8/internal/Fs0 a (Ljava/lang/Iterable;Lcom/android/tools/r8/internal/Ss0;Lcom/android/tools/r8/threading/ThreadingModule;Ljava/util/concurrent/ExecutorService;)Ljava/util/ArrayList; 2 <appendix> member <vmtarget> ; # com/android/tools/r8/internal/Fs0$$Lambda+0x000002c722237338
instanceKlass  @bci com/android/tools/r8/internal/Fs0 a (Ljava/util/Map;Lcom/android/tools/r8/internal/Ps0;Lcom/android/tools/r8/threading/ThreadingModule;Ljava/util/concurrent/ExecutorService;)V 7 <appendix> member <vmtarget> ; # com/android/tools/r8/internal/Fs0$$Lambda+0x000002c722237110
instanceKlass com/android/tools/r8/internal/Ss0
instanceKlass  @bci com/android/tools/r8/internal/Fs0 a (Ljava/util/Map;Lcom/android/tools/r8/internal/Os0;Lcom/android/tools/r8/threading/ThreadingModule;Ljava/util/concurrent/ExecutorService;)V 2 <appendix> member <vmtarget> ; # com/android/tools/r8/internal/Fs0$$Lambda+0x000002c722236ce8
instanceKlass com/android/tools/r8/internal/Ps0
instanceKlass  @bci com/android/tools/r8/internal/N80 a (Lcom/android/tools/r8/threading/ThreadingModule;Ljava/util/concurrent/ExecutorService;)V 4 <appendix> argL0 ; # com/android/tools/r8/internal/N80$$Lambda+0x000002c7222368c8
instanceKlass com/android/tools/r8/internal/Os0
instanceKlass  @bci com/android/tools/r8/internal/N1 b (Lcom/android/tools/r8/graph/B2;Lcom/android/tools/r8/graph/K5;Lcom/android/tools/r8/graph/u1;)Lcom/android/tools/r8/graph/K5; 204 <appendix> member <vmtarget> ; # com/android/tools/r8/internal/N1$$Lambda+0x000002c722236490
instanceKlass  @bci com/android/tools/r8/internal/N1 b (Lcom/android/tools/r8/graph/B2;Lcom/android/tools/r8/graph/K5;Lcom/android/tools/r8/graph/u1;)Lcom/android/tools/r8/graph/K5; 198 <appendix> member <vmtarget> ; # com/android/tools/r8/internal/N1$$Lambda+0x000002c722236258
instanceKlass  @cpi com/android/tools/r8/internal/N1 238 form vmentry <vmtarget> ; # java/lang/invoke/LambdaForm$DMH+0x000002c722233000
instanceKlass com/android/tools/r8/internal/py
instanceKlass  @bci com/android/tools/r8/internal/XZ a (Lcom/android/tools/r8/graph/B2;Lcom/android/tools/r8/graph/K5;Lcom/android/tools/r8/internal/ga;Lcom/android/tools/r8/internal/N80;)V 87 <appendix> member <vmtarget> ; # com/android/tools/r8/internal/XZ$$Lambda+0x000002c722235bd8
instanceKlass  @bci com/android/tools/r8/synthesis/m a ()Lcom/android/tools/r8/graph/E0; 272 <appendix> member <vmtarget> ; # com/android/tools/r8/synthesis/m$$Lambda+0x000002c7222359b0
instanceKlass  @bci com/android/tools/r8/synthesis/Q a (Ljava/lang/String;Lcom/android/tools/r8/synthesis/Q$b;Ljava/lang/String;Ljava/lang/String;)Ljava/lang/String; 7 <appendix> form vmentry <vmtarget> ; # java/lang/invoke/LambdaForm$MH+0x000002c722232c00
# instanceKlass java/lang/invoke/LambdaForm$MH+0x000002c722232800
instanceKlass  @bci com/android/tools/r8/synthesis/Q a (Ljava/lang/String;Lcom/android/tools/r8/synthesis/Q$b;Ljava/lang/String;Ljava/lang/String;)Ljava/lang/String; 7 <appendix> argL3 form vmentry <vmtarget> ; # java/lang/invoke/LambdaForm$MH+0x000002c722232400
# instanceKlass java/lang/invoke/LambdaForm$MH+0x000002c722232000
# instanceKlass java/lang/invoke/LambdaForm$MH+0x000002c722231c00
# instanceKlass java/lang/invoke/LambdaForm$MH+0x000002c722231800
# instanceKlass java/lang/invoke/LambdaForm$MH+0x000002c722231400
instanceKlass  @bci com/android/tools/r8/synthesis/Q a (Ljava/lang/String;Lcom/android/tools/r8/synthesis/Q$b;Ljava/lang/String;Ljava/lang/String;)Ljava/lang/String; 7 <appendix> argL1 form vmentry <vmtarget> ; # java/lang/invoke/LambdaForm$MH+0x000002c722231000
# instanceKlass java/lang/invoke/LambdaForm$MH+0x000002c722230c00
# instanceKlass java/lang/invoke/LambdaForm$MH+0x000002c722230800
# instanceKlass java/lang/invoke/LambdaForm$MH+0x000002c722230400
instanceKlass  @bci com/android/tools/r8/synthesis/E a (Lcom/android/tools/r8/synthesis/I;Lcom/android/tools/r8/graph/H2;Lcom/android/tools/r8/graph/y;Ljava/util/function/Consumer;)Lcom/android/tools/r8/graph/H2; 35 <appendix> member <vmtarget> ; # com/android/tools/r8/synthesis/E$$Lambda+0x000002c722235768
instanceKlass  @bci com/android/tools/r8/internal/N1 a (Lcom/android/tools/r8/graph/B2;Lcom/android/tools/r8/graph/I5;Z)Lcom/android/tools/r8/graph/K5; 150 <appendix> argL0 ; # com/android/tools/r8/internal/N1$$Lambda+0x000002c722235300
instanceKlass com/android/tools/r8/FeatureSplit
instanceKlass  @bci com/android/tools/r8/internal/N1 a (Lcom/android/tools/r8/graph/B2;Lcom/android/tools/r8/graph/I5;Z)Lcom/android/tools/r8/graph/K5; 145 <appendix> argL0 ; # com/android/tools/r8/internal/N1$$Lambda+0x000002c722234e98
instanceKlass com/android/tools/r8/internal/gw
instanceKlass  @bci com/android/tools/r8/internal/XZ a (Lcom/android/tools/r8/graph/E0;Lcom/android/tools/r8/graph/M2;)Lcom/android/tools/r8/graph/E0; 34 <appendix> argL0 ; # com/android/tools/r8/internal/XZ$$Lambda+0x000002c722234a58
instanceKlass  @bci com/android/tools/r8/internal/XZ a (Lcom/android/tools/r8/graph/E0;Lcom/android/tools/r8/graph/M2;)Lcom/android/tools/r8/graph/E0; 19 <appendix> argL0 ; # com/android/tools/r8/internal/XZ$$Lambda+0x000002c722234838
instanceKlass com/android/tools/r8/graph/f
instanceKlass com/android/tools/r8/synthesis/I
instanceKlass com/android/tools/r8/internal/N1
instanceKlass  @bci com/android/tools/r8/internal/XZ a (Lcom/android/tools/r8/graph/H0;)Lcom/android/tools/r8/graph/E0; 170 <appendix> member <vmtarget> ; # com/android/tools/r8/internal/XZ$$Lambda+0x000002c72222fda8
instanceKlass  @bci com/android/tools/r8/internal/N80 a (Ljava/util/function/Supplier;Lcom/android/tools/r8/graph/B2;)Lcom/android/tools/r8/graph/K5; 21 <appendix> member <vmtarget> ; # com/android/tools/r8/internal/N80$$Lambda+0x000002c72222fb60
instanceKlass  @bci com/android/tools/r8/internal/N80 a (Ljava/util/function/Supplier;Lcom/android/tools/r8/graph/B2;)Lcom/android/tools/r8/graph/K5; 8 <appendix> argL0 ; # com/android/tools/r8/internal/N80$$Lambda+0x000002c72222f920
instanceKlass  @bci com/android/tools/r8/internal/XZ a (Lcom/android/tools/r8/graph/B2;Lcom/android/tools/r8/graph/K5;Lcom/android/tools/r8/internal/ga;Lcom/android/tools/r8/internal/N80;)V 2 <appendix> member <vmtarget> ; # com/android/tools/r8/internal/XZ$$Lambda+0x000002c72222f6d8
instanceKlass  @bci com/android/tools/r8/internal/XZ a (Lcom/android/tools/r8/graph/l1;ZLcom/android/tools/r8/graph/K5;Lcom/android/tools/r8/internal/ga;Lcom/android/tools/r8/internal/N80;)V 169 <appendix> member <vmtarget> ; # com/android/tools/r8/internal/XZ$$Lambda+0x000002c72222f4b0
instanceKlass com/android/tools/r8/internal/WZ
# instanceKlass java/lang/invoke/LambdaForm$DMH+0x000002c722230000
instanceKlass  @bci com/android/tools/r8/graph/X4 b (Lcom/android/tools/r8/graph/M2;Lcom/android/tools/r8/graph/I2;Lcom/android/tools/r8/graph/L2;)Lcom/android/tools/r8/graph/c5; 45 <appendix> member <vmtarget> ; # com/android/tools/r8/graph/X4$$Lambda+0x000002c72222f068
instanceKlass  @bci com/android/tools/r8/graph/j c (Lcom/android/tools/r8/graph/M2;Lcom/android/tools/r8/graph/B2;)Lcom/android/tools/r8/graph/c5; 12 <appendix> member <vmtarget> ; # com/android/tools/r8/graph/j$$Lambda+0x000002c72222ee20
instanceKlass com/android/tools/r8/graph/e
instanceKlass com/android/tools/r8/graph/K4
# instanceKlass com/android/tools/r8/graph/X4$$Lambda+0x000002c72222d7c8
# instanceKlass com/android/tools/r8/graph/X4$$Lambda+0x000002c72222d590
# instanceKlass com/android/tools/r8/graph/X4$$Lambda+0x000002c72222d358
# instanceKlass com/android/tools/r8/graph/X4$$Lambda+0x000002c72222d120
# instanceKlass com/android/tools/r8/graph/X4$$Lambda+0x000002c72222cee8
# instanceKlass com/android/tools/r8/graph/X4$$Lambda+0x000002c72222ccb0
# instanceKlass com/android/tools/r8/graph/X4$$Lambda+0x000002c72222ca78
# instanceKlass com/android/tools/r8/graph/X4$$Lambda+0x000002c72222c840
instanceKlass  @bci com/android/tools/r8/graph/X4 a (Lcom/android/tools/r8/graph/M2;Lcom/android/tools/r8/graph/I2;Lcom/android/tools/r8/graph/L2;)Lcom/android/tools/r8/graph/c5; 125 <appendix> member <vmtarget> ; # com/android/tools/r8/graph/X4$$Lambda+0x000002c72222c198
# instanceKlass com/android/tools/r8/graph/X4$$Lambda+0x000002c72222c608
# instanceKlass com/android/tools/r8/graph/X4$$Lambda+0x000002c72222c3d0
# instanceKlass com/android/tools/r8/graph/X4$$Lambda+0x000002c72222bd28
# instanceKlass com/android/tools/r8/graph/X4$$Lambda+0x000002c72222bf60
# instanceKlass com/android/tools/r8/graph/X4$$Lambda+0x000002c72222baf0
# instanceKlass com/android/tools/r8/graph/X4$$Lambda+0x000002c72222b8b8
# instanceKlass com/android/tools/r8/graph/X4$$Lambda+0x000002c72222b680
# instanceKlass com/android/tools/r8/graph/X4$$Lambda+0x000002c72222b448
instanceKlass  @bci com/android/tools/r8/graph/X4 a (Lcom/android/tools/r8/graph/B2;)Lcom/android/tools/r8/graph/c5; 136 <appendix> member <vmtarget> ; # com/android/tools/r8/graph/X4$$Lambda+0x000002c72222b210
instanceKlass com/android/tools/r8/graph/Z4
# instanceKlass com/android/tools/r8/graph/X4$$Lambda+0x000002c722228db0
# instanceKlass com/android/tools/r8/graph/X4$$Lambda+0x000002c722228b68
# instanceKlass com/android/tools/r8/graph/X4$$Lambda+0x000002c722228920
# instanceKlass com/android/tools/r8/graph/X4$$Lambda+0x000002c7222286d8
# instanceKlass com/android/tools/r8/graph/X4$$Lambda+0x000002c722228490
# instanceKlass com/android/tools/r8/graph/X4$$Lambda+0x000002c722228248
# instanceKlass com/android/tools/r8/graph/X4$$Lambda+0x000002c722228000
# instanceKlass com/android/tools/r8/graph/X4$$Lambda+0x000002c722220c00
# instanceKlass com/android/tools/r8/graph/X4$$Lambda+0x000002c722221db0
# instanceKlass com/android/tools/r8/graph/X4$$Lambda+0x000002c722221b68
# instanceKlass com/android/tools/r8/graph/X4$$Lambda+0x000002c722221920
# instanceKlass com/android/tools/r8/graph/X4$$Lambda+0x000002c7222216d8
# instanceKlass com/android/tools/r8/graph/X4$$Lambda+0x000002c722221490
# instanceKlass com/android/tools/r8/graph/X4$$Lambda+0x000002c722221248
# instanceKlass com/android/tools/r8/graph/X4$$Lambda+0x000002c722221000
# instanceKlass com/android/tools/r8/graph/X4$$Lambda+0x000002c722223bd8
instanceKlass  @bci com/android/tools/r8/graph/X4 a (Lcom/android/tools/r8/graph/u1;Ljava/util/function/Function;)Lcom/android/tools/r8/graph/X4; 5 <appendix> member <vmtarget> ; # com/android/tools/r8/graph/X4$$Lambda+0x000002c722223990
# instanceKlass com/android/tools/r8/graph/X4$$Lambda+0x000002c722223748
instanceKlass com/android/tools/r8/graph/W4
instanceKlass com/android/tools/r8/graph/X4
# instanceKlass com/android/tools/r8/graph/j$$Lambda+0x000002c7222276f8
# instanceKlass com/android/tools/r8/graph/j$$Lambda+0x000002c7222274b0
# instanceKlass com/android/tools/r8/graph/j$$Lambda+0x000002c722227268
# instanceKlass com/android/tools/r8/graph/j$$Lambda+0x000002c722227020
instanceKlass  @bci com/android/tools/r8/graph/j b (Lcom/android/tools/r8/graph/M2;Lcom/android/tools/r8/graph/I2;Lcom/android/tools/r8/graph/L2;)Lcom/android/tools/r8/graph/c5; 12 <appendix> member <vmtarget> ; # com/android/tools/r8/graph/j$$Lambda+0x000002c722226dd8
# instanceKlass com/android/tools/r8/graph/j$$Lambda+0x000002c722226b90
# instanceKlass com/android/tools/r8/graph/j$$Lambda+0x000002c722226948
# instanceKlass com/android/tools/r8/graph/j$$Lambda+0x000002c722226700
# instanceKlass com/android/tools/r8/graph/j$$Lambda+0x000002c7222264b8
# instanceKlass com/android/tools/r8/graph/j$$Lambda+0x000002c722226270
# instanceKlass com/android/tools/r8/graph/j$$Lambda+0x000002c722225de0
# instanceKlass com/android/tools/r8/graph/j$$Lambda+0x000002c722226028
# instanceKlass com/android/tools/r8/graph/j$$Lambda+0x000002c722225b98
# instanceKlass com/android/tools/r8/graph/j$$Lambda+0x000002c722225950
# instanceKlass com/android/tools/r8/graph/j$$Lambda+0x000002c722225708
instanceKlass  @bci com/android/tools/r8/graph/j f (Lcom/android/tools/r8/graph/B2;)Lcom/android/tools/r8/graph/c5; 12 <appendix> member <vmtarget> ; # com/android/tools/r8/graph/j$$Lambda+0x000002c7222254c0
instanceKlass com/android/tools/r8/internal/L5
instanceKlass jdk/internal/util/ByteArray
instanceKlass java/io/ObjectOutputStream$ReplaceTable
instanceKlass java/io/ObjectOutputStream$HandleTable
instanceKlass java/io/ObjectStreamConstants
instanceKlass java/io/ObjectOutput
instanceKlass com/android/tools/r8/ProgramResource$ByteResource
instanceKlass com/android/tools/r8/graph/C0
instanceKlass  @bci java/util/logging/LogManager$LoggerContext$1 run ()Ljava/lang/Void; 22 <appendix> form vmentry <vmtarget> ; # java/lang/invoke/LambdaForm$MH+0x000002c722220800
instanceKlass com/android/tools/r8/internal/P5
instanceKlass com/android/tools/r8/internal/RR
instanceKlass com/android/tools/r8/shaking/v2
instanceKlass com/android/tools/r8/internal/pd0
# instanceKlass com/android/tools/r8/internal/x10$$Lambda+0x000002c72221b308
# instanceKlass com/android/tools/r8/internal/x10$$Lambda+0x000002c72221b0d0
# instanceKlass com/android/tools/r8/internal/x10$$Lambda+0x000002c72221ae98
# instanceKlass com/android/tools/r8/internal/x10$$Lambda+0x000002c72221ac60
# instanceKlass com/android/tools/r8/internal/x10$$Lambda+0x000002c72221aa28
# instanceKlass com/android/tools/r8/internal/x10$$Lambda+0x000002c72221a7f0
# instanceKlass com/android/tools/r8/internal/x10$$Lambda+0x000002c72221a148
# instanceKlass com/android/tools/r8/internal/x10$$Lambda+0x000002c72221a5b8
# instanceKlass com/android/tools/r8/internal/x10$$Lambda+0x000002c72221a380
# instanceKlass com/android/tools/r8/internal/x10$$Lambda+0x000002c722219cd8
# instanceKlass com/android/tools/r8/internal/x10$$Lambda+0x000002c722219f10
# instanceKlass com/android/tools/r8/internal/x10$$Lambda+0x000002c722219aa0
# instanceKlass com/android/tools/r8/internal/x10$$Lambda+0x000002c722219868
# instanceKlass com/android/tools/r8/internal/x10$$Lambda+0x000002c722219630
# instanceKlass com/android/tools/r8/internal/x10$$Lambda+0x000002c7222193f8
# instanceKlass com/android/tools/r8/internal/x10$$Lambda+0x000002c722218f88
# instanceKlass com/android/tools/r8/internal/x10$$Lambda+0x000002c7222191c0
instanceKlass  @bci com/android/tools/r8/internal/x10 a (Lcom/android/tools/r8/internal/ga;Lcom/android/tools/r8/internal/N80;Lcom/android/tools/r8/graph/K5;)V 80 <appendix> member <vmtarget> ; # com/android/tools/r8/internal/x10$$Lambda+0x000002c722218d50
# instanceKlass java/lang/invoke/LambdaForm$DMH+0x000002c722220400
# instanceKlass java/lang/invoke/LambdaForm$DMH+0x000002c72221f400
# instanceKlass java/lang/invoke/LambdaForm$DMH+0x000002c722220000
# instanceKlass java/lang/invoke/LambdaForm$DMH+0x000002c72221f000
# instanceKlass java/lang/invoke/LambdaForm$DMH+0x000002c72221f800
# instanceKlass java/lang/invoke/LambdaForm$DMH+0x000002c72221fc00
# instanceKlass java/lang/invoke/LambdaForm$DMH+0x000002c72221ec00
# instanceKlass java/lang/invoke/LambdaForm$DMH+0x000002c72221e800
# instanceKlass java/lang/invoke/LambdaForm$DMH+0x000002c72221e000
# instanceKlass java/lang/invoke/LambdaForm$DMH+0x000002c72221e400
# instanceKlass java/lang/invoke/LambdaForm$DMH+0x000002c72221dc00
# instanceKlass java/lang/invoke/LambdaForm$DMH+0x000002c72221d800
# instanceKlass java/lang/invoke/LambdaForm$DMH+0x000002c72221d400
# instanceKlass java/lang/invoke/LambdaForm$DMH+0x000002c72221d000
# instanceKlass java/lang/invoke/LambdaForm$DMH+0x000002c72221cc00
# instanceKlass java/lang/invoke/LambdaForm$DMH+0x000002c72221c800
# instanceKlass java/lang/invoke/LambdaForm$DMH+0x000002c72221c400
instanceKlass  @bci com/android/tools/r8/internal/po0 a (Ljava/util/Set;Ljava/util/Set;Ljava/util/Set;)V 5 <appendix> form vmentry <vmtarget> ; # java/lang/invoke/LambdaForm$DMH+0x000002c72221c000
# instanceKlass com/android/tools/r8/internal/XZ$$Lambda+0x000002c722218b18
# instanceKlass com/android/tools/r8/internal/XZ$$Lambda+0x000002c7222188e0
# instanceKlass com/android/tools/r8/internal/XZ$$Lambda+0x000002c7222186a8
# instanceKlass com/android/tools/r8/internal/XZ$$Lambda+0x000002c722218470
# instanceKlass com/android/tools/r8/internal/XZ$$Lambda+0x000002c722218238
# instanceKlass com/android/tools/r8/internal/XZ$$Lambda+0x000002c722218000
# instanceKlass com/android/tools/r8/internal/XZ$$Lambda+0x000002c722217be8
# instanceKlass com/android/tools/r8/internal/XZ$$Lambda+0x000002c7222179b0
# instanceKlass com/android/tools/r8/internal/XZ$$Lambda+0x000002c722217778
# instanceKlass com/android/tools/r8/internal/XZ$$Lambda+0x000002c722217540
# instanceKlass com/android/tools/r8/internal/XZ$$Lambda+0x000002c722217308
# instanceKlass com/android/tools/r8/internal/XZ$$Lambda+0x000002c722216e98
# instanceKlass com/android/tools/r8/internal/XZ$$Lambda+0x000002c7222170d0
# instanceKlass com/android/tools/r8/internal/XZ$$Lambda+0x000002c722216a28
instanceKlass  @bci com/android/tools/r8/internal/XZ a (Lcom/android/tools/r8/internal/ga;Lcom/android/tools/r8/internal/N80;Lcom/android/tools/r8/graph/K5;)V 20 <appendix> member <vmtarget> ; # com/android/tools/r8/internal/XZ$$Lambda+0x000002c722216c60
# instanceKlass com/android/tools/r8/internal/XZ$$Lambda+0x000002c7222167f0
# instanceKlass com/android/tools/r8/internal/XZ$$Lambda+0x000002c7222165b8
# instanceKlass com/android/tools/r8/internal/XZ$$Lambda+0x000002c722216380
# instanceKlass com/android/tools/r8/internal/x10$$Lambda+0x000002c722216148
# instanceKlass com/android/tools/r8/internal/x10$$Lambda+0x000002c722215f10
# instanceKlass com/android/tools/r8/internal/x10$$Lambda+0x000002c722215cd8
# instanceKlass com/android/tools/r8/internal/x10$$Lambda+0x000002c722215aa0
# instanceKlass com/android/tools/r8/internal/x10$$Lambda+0x000002c722215868
# instanceKlass com/android/tools/r8/internal/x10$$Lambda+0x000002c722215630
instanceKlass java/util/Collections$UnmodifiableCollection$1
# instanceKlass com/android/tools/r8/internal/x10$$Lambda+0x000002c7222153f8
# instanceKlass com/android/tools/r8/internal/x10$$Lambda+0x000002c7222151c0
# instanceKlass com/android/tools/r8/internal/x10$$Lambda+0x000002c722214f88
# instanceKlass com/android/tools/r8/internal/x10$$Lambda+0x000002c722214d50
# instanceKlass com/android/tools/r8/internal/x10$$Lambda+0x000002c722214b18
# instanceKlass com/android/tools/r8/internal/x10$$Lambda+0x000002c7222148e0
# instanceKlass com/android/tools/r8/internal/x10$$Lambda+0x000002c7222146a8
# instanceKlass com/android/tools/r8/internal/x10$$Lambda+0x000002c722214470
# instanceKlass com/android/tools/r8/internal/x10$$Lambda+0x000002c722214238
# instanceKlass com/android/tools/r8/internal/x10$$Lambda+0x000002c722214000
# instanceKlass com/android/tools/r8/internal/x10$$Lambda+0x000002c722213dc8
instanceKlass  @bci com/android/tools/r8/internal/x10 a (Lcom/android/tools/r8/internal/ga;Lcom/android/tools/r8/internal/N80;Lcom/android/tools/r8/graph/K5;)V 66 <appendix> member <vmtarget> ; # com/android/tools/r8/internal/x10$$Lambda+0x000002c722213b90
instanceKlass  @bci com/android/tools/r8/internal/i80 a (Ljava/util/function/Consumer;Lcom/android/tools/r8/graph/H2;)V 1 <appendix> argL0 ; # com/android/tools/r8/internal/i80$$Lambda+0x000002c722213940
instanceKlass  @bci com/android/tools/r8/internal/i80 a (Ljava/util/Collection;Ljava/util/function/Consumer;)V 2 <appendix> member <vmtarget> ; # com/android/tools/r8/internal/i80$$Lambda+0x000002c722213708
instanceKlass  @bci com/android/tools/r8/internal/Fs0 a (Lcom/android/tools/r8/internal/my;Lcom/android/tools/r8/internal/Rs0;Lcom/android/tools/r8/threading/ThreadingModule;Ljava/util/concurrent/ExecutorService;)V 2 <appendix> member <vmtarget> ; # com/android/tools/r8/internal/Fs0$$Lambda+0x000002c7222134e0
instanceKlass  @bci com/android/tools/r8/internal/i80 a (Lcom/android/tools/r8/internal/ga;Ljava/util/concurrent/ExecutorService;Lcom/android/tools/r8/internal/my;)V 40 <appendix> member <vmtarget> ; # com/android/tools/r8/internal/i80$$Lambda+0x000002c7222132a8
instanceKlass com/android/tools/r8/internal/Rs0
instanceKlass com/android/tools/r8/internal/N80
instanceKlass  @bci com/android/tools/r8/internal/i80 a (Lcom/android/tools/r8/internal/ga;Ljava/util/concurrent/ExecutorService;Ljava/util/Collection;)V 2 <appendix> member <vmtarget> ; # com/android/tools/r8/internal/i80$$Lambda+0x000002c722212c60
# instanceKlass com/android/tools/r8/graph/Q4$$Lambda+0x000002c722212a28
# instanceKlass com/android/tools/r8/graph/Q4$$Lambda+0x000002c7222127f0
# instanceKlass com/android/tools/r8/graph/Q4$$Lambda+0x000002c722212380
# instanceKlass com/android/tools/r8/graph/Q4$$Lambda+0x000002c7222125b8
# instanceKlass com/android/tools/r8/graph/Q4$$Lambda+0x000002c722212148
# instanceKlass com/android/tools/r8/graph/Q4$$Lambda+0x000002c722211cd8
# instanceKlass com/android/tools/r8/graph/Q4$$Lambda+0x000002c722211f10
# instanceKlass com/android/tools/r8/graph/Q4$$Lambda+0x000002c722211aa0
# instanceKlass com/android/tools/r8/graph/Q4$$Lambda+0x000002c722211868
# instanceKlass com/android/tools/r8/graph/Q4$$Lambda+0x000002c722211630
# instanceKlass com/android/tools/r8/graph/Q4$$Lambda+0x000002c7222113f8
# instanceKlass com/android/tools/r8/graph/Q4$$Lambda+0x000002c7222111c0
# instanceKlass com/android/tools/r8/graph/Q4$$Lambda+0x000002c722210f88
# instanceKlass com/android/tools/r8/graph/Q4$$Lambda+0x000002c722210d50
# instanceKlass com/android/tools/r8/graph/Q4$$Lambda+0x000002c722210b18
# instanceKlass com/android/tools/r8/graph/Q4$$Lambda+0x000002c7222106a8
# instanceKlass com/android/tools/r8/graph/Q4$$Lambda+0x000002c7222108e0
instanceKlass  @bci com/android/tools/r8/graph/Q4 b (Ljava/util/function/Consumer;Ljava/util/function/Predicate;)V 7 <appendix> member <vmtarget> ; # com/android/tools/r8/graph/Q4$$Lambda+0x000002c722210470
# instanceKlass com/android/tools/r8/graph/H2$$Lambda+0x000002c722210238
# instanceKlass com/android/tools/r8/graph/H2$$Lambda+0x000002c722210000
# instanceKlass com/android/tools/r8/graph/H2$$Lambda+0x000002c72220fd48
# instanceKlass com/android/tools/r8/graph/H2$$Lambda+0x000002c72220fb10
# instanceKlass com/android/tools/r8/graph/H2$$Lambda+0x000002c72220f8d8
# instanceKlass com/android/tools/r8/graph/H2$$Lambda+0x000002c72220f6a0
# instanceKlass com/android/tools/r8/graph/H2$$Lambda+0x000002c72220f468
# instanceKlass com/android/tools/r8/graph/H2$$Lambda+0x000002c72220f230
# instanceKlass com/android/tools/r8/graph/H2$$Lambda+0x000002c72220eff8
# instanceKlass com/android/tools/r8/graph/H2$$Lambda+0x000002c72220eb88
# instanceKlass com/android/tools/r8/graph/H2$$Lambda+0x000002c72220edc0
# instanceKlass com/android/tools/r8/graph/H2$$Lambda+0x000002c72220e950
# instanceKlass com/android/tools/r8/graph/H2$$Lambda+0x000002c72220e718
# instanceKlass com/android/tools/r8/graph/H2$$Lambda+0x000002c72220e2a8
# instanceKlass com/android/tools/r8/graph/H2$$Lambda+0x000002c72220e4e0
# instanceKlass com/android/tools/r8/graph/H2$$Lambda+0x000002c72220e070
# instanceKlass com/android/tools/r8/graph/H2$$Lambda+0x000002c72220de38
instanceKlass  @bci com/android/tools/r8/graph/H2 h (Ljava/util/function/Consumer;Ljava/util/function/Predicate;)V 6 <appendix> member <vmtarget> ; # com/android/tools/r8/graph/H2$$Lambda+0x000002c72220dc00
# instanceKlass com/android/tools/r8/internal/Pc$$Lambda+0x000002c72220d9c8
# instanceKlass com/android/tools/r8/internal/Pc$$Lambda+0x000002c72220d558
# instanceKlass com/android/tools/r8/internal/Pc$$Lambda+0x000002c72220d790
# instanceKlass com/android/tools/r8/internal/Pc$$Lambda+0x000002c72220d320
# instanceKlass com/android/tools/r8/internal/Pc$$Lambda+0x000002c72220ceb0
# instanceKlass com/android/tools/r8/internal/Pc$$Lambda+0x000002c72220d0e8
# instanceKlass com/android/tools/r8/internal/Pc$$Lambda+0x000002c72220cc78
# instanceKlass com/android/tools/r8/internal/Pc$$Lambda+0x000002c72220ca40
# instanceKlass com/android/tools/r8/internal/Pc$$Lambda+0x000002c72220c5d0
# instanceKlass com/android/tools/r8/internal/Pc$$Lambda+0x000002c72220c808
# instanceKlass com/android/tools/r8/internal/Pc$$Lambda+0x000002c72220c160
# instanceKlass com/android/tools/r8/internal/Pc$$Lambda+0x000002c72220c398
# instanceKlass com/android/tools/r8/internal/Pc$$Lambda+0x000002c72220bf28
# instanceKlass com/android/tools/r8/internal/Pc$$Lambda+0x000002c72220bcf0
# instanceKlass com/android/tools/r8/internal/Pc$$Lambda+0x000002c72220bab8
# instanceKlass com/android/tools/r8/internal/Pc$$Lambda+0x000002c72220b880
# instanceKlass com/android/tools/r8/internal/Pc$$Lambda+0x000002c72220b648
instanceKlass  @bci com/android/tools/r8/internal/Pc a (Lcom/android/tools/r8/graph/H2;)V 2 <appendix> member <vmtarget> ; # com/android/tools/r8/internal/Pc$$Lambda+0x000002c72220b410
instanceKlass com/android/tools/r8/I
instanceKlass  @bci com/android/tools/r8/internal/Pc a (Ljava/util/concurrent/ExecutorService;)V 13 <appendix> member <vmtarget> ; # com/android/tools/r8/internal/Pc$$Lambda+0x000002c72220afd0
instanceKlass  @bci com/android/tools/r8/internal/m9 a (Ljava/util/concurrent/ExecutorService;Lcom/android/tools/r8/internal/p9;Lcom/android/tools/r8/internal/at0;)V 90 <appendix> member <vmtarget> ; # com/android/tools/r8/internal/m9$$Lambda+0x000002c72220ad98
instanceKlass com/android/tools/r8/internal/Wc0
instanceKlass com/android/tools/r8/internal/k9
instanceKlass com/android/tools/r8/internal/n9
instanceKlass com/android/tools/r8/internal/Qc
instanceKlass com/android/tools/r8/internal/ny
instanceKlass com/android/tools/r8/internal/ga
instanceKlass com/android/tools/r8/internal/hm
instanceKlass com/android/tools/r8/internal/W2
instanceKlass com/android/tools/r8/internal/pu
instanceKlass com/android/tools/r8/internal/Lm
instanceKlass com/android/tools/r8/internal/ou0
instanceKlass com/android/tools/r8/internal/p9
instanceKlass com/android/tools/r8/internal/Tx0
instanceKlass com/android/tools/r8/internal/cd0
instanceKlass com/android/tools/r8/internal/zm
instanceKlass com/android/tools/r8/internal/Nm
instanceKlass com/android/tools/r8/internal/qu
instanceKlass com/android/tools/r8/internal/TX
instanceKlass com/android/tools/r8/internal/yE
instanceKlass com/android/tools/r8/internal/Ou
instanceKlass com/android/tools/r8/ir/optimize/c
instanceKlass com/android/tools/r8/internal/A80
instanceKlass com/android/tools/r8/internal/SR
instanceKlass com/android/tools/r8/internal/mH
instanceKlass com/android/tools/r8/internal/eH
instanceKlass com/android/tools/r8/internal/Ea
instanceKlass  @bci com/android/tools/r8/internal/x10 a ()[[Lcom/android/tools/r8/internal/Y9; 78 <appendix> member <vmtarget> ; # com/android/tools/r8/internal/x10$$Lambda+0x000002c722202950
instanceKlass  @bci com/android/tools/r8/internal/x10 a ()[[Lcom/android/tools/r8/internal/Y9; 67 <appendix> member <vmtarget> ; # com/android/tools/r8/internal/x10$$Lambda+0x000002c722202718
instanceKlass  @cpi com/android/tools/r8/internal/x10 80 form vmentry <vmtarget> ; # java/lang/invoke/LambdaForm$DMH+0x000002c722204000
instanceKlass com/android/tools/r8/internal/lL
instanceKlass com/android/tools/r8/errors/UnsupportedFeatureDiagnostic
instanceKlass com/android/tools/r8/internal/Pw0
instanceKlass com/android/tools/r8/internal/Sw0
instanceKlass com/android/tools/r8/internal/U7
instanceKlass com/android/tools/r8/internal/IK
instanceKlass com/android/tools/r8/internal/HK
instanceKlass com/android/tools/r8/internal/Eh
instanceKlass com/android/tools/r8/ir/optimize/L0
instanceKlass com/android/tools/r8/internal/Fh
instanceKlass com/android/tools/r8/internal/PI
instanceKlass com/android/tools/r8/internal/NI
instanceKlass com/android/tools/r8/internal/A50
instanceKlass com/android/tools/r8/internal/QI
instanceKlass com/android/tools/r8/internal/TR
instanceKlass com/android/tools/r8/internal/VR
instanceKlass com/android/tools/r8/internal/Mq0
instanceKlass com/android/tools/r8/internal/Pq0
instanceKlass com/android/tools/r8/c
instanceKlass com/android/tools/r8/internal/wv0
instanceKlass com/android/tools/r8/internal/vv0
instanceKlass com/android/tools/r8/internal/PJ
instanceKlass com/android/tools/r8/graph/Z
instanceKlass  @bci com/android/tools/r8/graph/z4 f (Lcom/android/tools/r8/graph/M2;)Lcom/android/tools/r8/graph/b0; 101 <appendix> member <vmtarget> ; # com/android/tools/r8/graph/z4$$Lambda+0x000002c7221fefb0
instanceKlass  @bci com/android/tools/r8/graph/z4 f (Lcom/android/tools/r8/graph/M2;)Lcom/android/tools/r8/graph/b0; 60 <appendix> member <vmtarget> ; # com/android/tools/r8/graph/z4$$Lambda+0x000002c7221fed78
instanceKlass  @bci com/android/tools/r8/graph/z4 f (Lcom/android/tools/r8/graph/M2;)Lcom/android/tools/r8/graph/b0; 28 <appendix> member <vmtarget> ; # com/android/tools/r8/graph/z4$$Lambda+0x000002c7221feb40
instanceKlass com/android/tools/r8/internal/DJ
instanceKlass  @bci com/android/tools/r8/internal/qd a ()Lcom/android/tools/r8/graph/E0; 71 <appendix> member <vmtarget> ; # com/android/tools/r8/internal/qd$$Lambda+0x000002c7221fe6b8
instanceKlass com/android/tools/r8/internal/qd
instanceKlass  @bci com/android/tools/r8/internal/rd a (Lcom/android/tools/r8/graph/M2;)Lcom/android/tools/r8/graph/E0; 77 <appendix> member <vmtarget> ; # com/android/tools/r8/internal/rd$$Lambda+0x000002c7221fe248
instanceKlass com/android/tools/r8/graph/W
instanceKlass  @bci com/android/tools/r8/graph/h c (Lcom/android/tools/r8/graph/M2;)Lcom/android/tools/r8/graph/E0; 23 <appendix> member <vmtarget> ; # com/android/tools/r8/graph/h$$Lambda+0x000002c7221fe000
instanceKlass  @cpi com/android/tools/r8/graph/h 159 form vmentry <vmtarget> ; # java/lang/invoke/LambdaForm$DMH+0x000002c7221fc000
instanceKlass  @bci com/android/tools/r8/internal/o5 b ()Lcom/android/tools/r8/internal/dD; 14 <appendix> member <vmtarget> ; # com/android/tools/r8/internal/o5$$Lambda+0x000002c7221fbb90
instanceKlass  @bci com/android/tools/r8/internal/o5 a ()Lcom/android/tools/r8/internal/dD; 17 <appendix> member <vmtarget> ; # com/android/tools/r8/internal/o5$$Lambda+0x000002c7221fb958
instanceKlass com/android/tools/r8/internal/o5
instanceKlass com/android/tools/r8/internal/l5
instanceKlass  @bci com/android/tools/r8/internal/H2 a (I)Lcom/android/tools/r8/internal/D5; 1 <appendix> member <vmtarget> ; # com/android/tools/r8/internal/H2$$Lambda+0x000002c7221fb2b8
instanceKlass com/android/tools/r8/internal/D5
instanceKlass com/android/tools/r8/internal/H2
instanceKlass  @bci com/android/tools/r8/internal/B5 a (Lcom/android/tools/r8/graph/u1;)V 159 <appendix> argL0 ; # com/android/tools/r8/internal/B5$$Lambda+0x000002c7221faa78
instanceKlass  @bci com/android/tools/r8/internal/B5 a (Lcom/android/tools/r8/graph/u1;)V 117 <appendix> argL0 ; # com/android/tools/r8/internal/B5$$Lambda+0x000002c7221fa640
instanceKlass  @bci com/android/tools/r8/internal/B5 a (Lcom/android/tools/r8/graph/u1;)V 57 <appendix> argL0 ; # com/android/tools/r8/internal/B5$$Lambda+0x000002c7221fa420
instanceKlass  @bci com/android/tools/r8/internal/B5 t (Lcom/android/tools/r8/graph/u1;)V 1338 <appendix> argL0 ; # com/android/tools/r8/internal/B5$$Lambda+0x000002c7221fa200
instanceKlass  @bci com/android/tools/r8/internal/B5 t (Lcom/android/tools/r8/graph/u1;)V 1262 <appendix> argL0 ; # com/android/tools/r8/internal/B5$$Lambda+0x000002c7221f9fe0
instanceKlass  @bci com/android/tools/r8/internal/B5 t (Lcom/android/tools/r8/graph/u1;)V 1195 <appendix> argL0 ; # com/android/tools/r8/internal/B5$$Lambda+0x000002c7221f9dc0
instanceKlass  @bci com/android/tools/r8/internal/B5 t (Lcom/android/tools/r8/graph/u1;)V 1119 <appendix> argL0 ; # com/android/tools/r8/internal/B5$$Lambda+0x000002c7221f9ba0
instanceKlass  @bci com/android/tools/r8/internal/B5 t (Lcom/android/tools/r8/graph/u1;)V 1052 <appendix> argL0 ; # com/android/tools/r8/internal/B5$$Lambda+0x000002c7221f9980
instanceKlass  @bci com/android/tools/r8/internal/B5 t (Lcom/android/tools/r8/graph/u1;)V 976 <appendix> argL0 ; # com/android/tools/r8/internal/B5$$Lambda+0x000002c7221f9760
instanceKlass  @bci com/android/tools/r8/internal/B5 t (Lcom/android/tools/r8/graph/u1;)V 903 <appendix> argL0 ; # com/android/tools/r8/internal/B5$$Lambda+0x000002c7221f9540
instanceKlass  @bci com/android/tools/r8/internal/B5 t (Lcom/android/tools/r8/graph/u1;)V 836 <appendix> argL0 ; # com/android/tools/r8/internal/B5$$Lambda+0x000002c7221f9320
instanceKlass  @bci com/android/tools/r8/internal/B5 t (Lcom/android/tools/r8/graph/u1;)V 760 <appendix> argL0 ; # com/android/tools/r8/internal/B5$$Lambda+0x000002c7221f9100
instanceKlass  @bci com/android/tools/r8/internal/B5 t (Lcom/android/tools/r8/graph/u1;)V 693 <appendix> argL0 ; # com/android/tools/r8/internal/B5$$Lambda+0x000002c7221f8ee0
instanceKlass  @bci com/android/tools/r8/internal/B5 t (Lcom/android/tools/r8/graph/u1;)V 617 <appendix> argL0 ; # com/android/tools/r8/internal/B5$$Lambda+0x000002c7221f8cc0
instanceKlass  @bci com/android/tools/r8/internal/B5 t (Lcom/android/tools/r8/graph/u1;)V 544 <appendix> argL0 ; # com/android/tools/r8/internal/B5$$Lambda+0x000002c7221f8aa0
instanceKlass  @bci com/android/tools/r8/internal/B5 t (Lcom/android/tools/r8/graph/u1;)V 477 <appendix> argL0 ; # com/android/tools/r8/internal/B5$$Lambda+0x000002c7221f8880
instanceKlass  @bci com/android/tools/r8/internal/B5 t (Lcom/android/tools/r8/graph/u1;)V 401 <appendix> argL0 ; # com/android/tools/r8/internal/B5$$Lambda+0x000002c7221f8660
instanceKlass  @bci com/android/tools/r8/internal/B5 t (Lcom/android/tools/r8/graph/u1;)V 330 <appendix> argL0 ; # com/android/tools/r8/internal/B5$$Lambda+0x000002c7221f8440
instanceKlass  @bci com/android/tools/r8/internal/B5 t (Lcom/android/tools/r8/graph/u1;)V 259 <appendix> argL0 ; # com/android/tools/r8/internal/B5$$Lambda+0x000002c7221f8220
instanceKlass  @bci com/android/tools/r8/internal/B5 t (Lcom/android/tools/r8/graph/u1;)V 188 <appendix> argL0 ; # com/android/tools/r8/internal/B5$$Lambda+0x000002c7221f8000
instanceKlass  @bci com/android/tools/r8/internal/B5 t (Lcom/android/tools/r8/graph/u1;)V 53 <appendix> argL0 ; # com/android/tools/r8/internal/B5$$Lambda+0x000002c7221f7d88
instanceKlass  @bci com/android/tools/r8/internal/B5 a (Lcom/android/tools/r8/graph/u1;Lcom/android/tools/r8/graph/M2;)V 343 <appendix> argL0 ; # com/android/tools/r8/internal/B5$$Lambda+0x000002c7221f7b68
instanceKlass  @bci com/android/tools/r8/internal/B5 a (Lcom/android/tools/r8/graph/u1;Lcom/android/tools/r8/graph/M2;)V 284 <appendix> argL0 ; # com/android/tools/r8/internal/B5$$Lambda+0x000002c7221f7948
instanceKlass  @bci com/android/tools/r8/internal/B5 a (Lcom/android/tools/r8/graph/u1;Lcom/android/tools/r8/graph/M2;)V 225 <appendix> argL0 ; # com/android/tools/r8/internal/B5$$Lambda+0x000002c7221f7728
instanceKlass  @bci com/android/tools/r8/internal/B5 a (Lcom/android/tools/r8/graph/u1;Lcom/android/tools/r8/graph/M2;)V 166 <appendix> argL0 ; # com/android/tools/r8/internal/B5$$Lambda+0x000002c7221f7508
instanceKlass  @bci com/android/tools/r8/internal/B5 a (Lcom/android/tools/r8/graph/u1;Lcom/android/tools/r8/graph/M2;)V 107 <appendix> argL0 ; # com/android/tools/r8/internal/B5$$Lambda+0x000002c7221f72e8
instanceKlass  @bci com/android/tools/r8/internal/B5 a (Lcom/android/tools/r8/graph/u1;Lcom/android/tools/r8/graph/M2;)V 48 <appendix> argL0 ; # com/android/tools/r8/internal/B5$$Lambda+0x000002c7221f70c8
instanceKlass  @bci com/android/tools/r8/internal/B5 r (Lcom/android/tools/r8/graph/u1;)V 452 <appendix> argL0 ; # com/android/tools/r8/internal/B5$$Lambda+0x000002c7221f6ea8
instanceKlass  @bci com/android/tools/r8/internal/B5 r (Lcom/android/tools/r8/graph/u1;)V 391 <appendix> argL0 ; # com/android/tools/r8/internal/B5$$Lambda+0x000002c7221f6c88
instanceKlass  @bci com/android/tools/r8/internal/B5 r (Lcom/android/tools/r8/graph/u1;)V 279 <appendix> argL0 ; # com/android/tools/r8/internal/B5$$Lambda+0x000002c7221f6a68
instanceKlass  @bci com/android/tools/r8/internal/B5 r (Lcom/android/tools/r8/graph/u1;)V 210 <appendix> argL0 ; # com/android/tools/r8/internal/B5$$Lambda+0x000002c7221f6848
instanceKlass  @bci com/android/tools/r8/internal/B5 r (Lcom/android/tools/r8/graph/u1;)V 137 <appendix> argL0 ; # com/android/tools/r8/internal/B5$$Lambda+0x000002c7221f6628
instanceKlass  @bci com/android/tools/r8/internal/B5 r (Lcom/android/tools/r8/graph/u1;)V 63 <appendix> argL0 ; # com/android/tools/r8/internal/B5$$Lambda+0x000002c7221f6408
instanceKlass  @bci com/android/tools/r8/internal/B5 s (Lcom/android/tools/r8/graph/u1;)V 52 <appendix> argL0 ; # com/android/tools/r8/internal/B5$$Lambda+0x000002c7221f61e8
instanceKlass  @bci com/android/tools/r8/internal/B5 q (Lcom/android/tools/r8/graph/u1;)V 41 <appendix> argL0 ; # com/android/tools/r8/internal/B5$$Lambda+0x000002c7221f5fc8
instanceKlass  @bci com/android/tools/r8/internal/B5 h (Lcom/android/tools/r8/graph/u1;)V 721 <appendix> argL0 ; # com/android/tools/r8/internal/B5$$Lambda+0x000002c7221f5da8
instanceKlass  @bci com/android/tools/r8/internal/B5 h (Lcom/android/tools/r8/graph/u1;)V 714 <appendix> argL0 ; # com/android/tools/r8/internal/B5$$Lambda+0x000002c7221f5b88
instanceKlass  @bci com/android/tools/r8/internal/B5 h (Lcom/android/tools/r8/graph/u1;)V 707 <appendix> argL0 ; # com/android/tools/r8/internal/B5$$Lambda+0x000002c7221f5968
instanceKlass  @bci com/android/tools/r8/internal/B5 h (Lcom/android/tools/r8/graph/u1;)V 701 <appendix> argL0 ; # com/android/tools/r8/internal/B5$$Lambda+0x000002c7221f5748
instanceKlass  @bci com/android/tools/r8/internal/j50 b ()Lcom/android/tools/r8/internal/y5; 0 <appendix> argL0 ; # com/android/tools/r8/internal/j50$$Lambda+0x000002c7221f5310
instanceKlass  @bci com/android/tools/r8/internal/j50 c ()Lcom/android/tools/r8/internal/y5; 0 <appendix> argL0 ; # com/android/tools/r8/internal/j50$$Lambda+0x000002c7221f50d0
instanceKlass  @bci com/android/tools/r8/internal/j50 a ()Lcom/android/tools/r8/internal/y5; 0 <appendix> argL0 ; # com/android/tools/r8/internal/j50$$Lambda+0x000002c7221f4e90
instanceKlass  @bci com/android/tools/r8/internal/j50 a (Ljava/util/function/Function;Ljava/lang/String;)Lcom/android/tools/r8/internal/y5; 2 <appendix> member <vmtarget> ; # com/android/tools/r8/internal/j50$$Lambda+0x000002c7221f4c58
instanceKlass  @bci com/android/tools/r8/internal/j50 d ()Lcom/android/tools/r8/internal/y5; 0 <appendix> argL0 ; # com/android/tools/r8/internal/j50$$Lambda+0x000002c7221f4a18
instanceKlass com/android/tools/r8/internal/j50
instanceKlass  @bci com/android/tools/r8/internal/B5 h (Lcom/android/tools/r8/graph/u1;)V 394 <appendix> argL0 ; # com/android/tools/r8/internal/B5$$Lambda+0x000002c7221f45f0
instanceKlass  @bci com/android/tools/r8/internal/B5 h (Lcom/android/tools/r8/graph/u1;)V 387 <appendix> argL0 ; # com/android/tools/r8/internal/B5$$Lambda+0x000002c7221f43d0
instanceKlass  @bci com/android/tools/r8/internal/B5 h (Lcom/android/tools/r8/graph/u1;)V 380 <appendix> argL0 ; # com/android/tools/r8/internal/B5$$Lambda+0x000002c7221f41b0
instanceKlass  @bci com/android/tools/r8/internal/B5 h (Lcom/android/tools/r8/graph/u1;)V 374 <appendix> argL0 ; # com/android/tools/r8/internal/B5$$Lambda+0x000002c7221f3f90
instanceKlass  @bci com/android/tools/r8/internal/B5 h (Lcom/android/tools/r8/graph/u1;)V 210 <appendix> argL0 ; # com/android/tools/r8/internal/B5$$Lambda+0x000002c7221f3b78
instanceKlass  @bci com/android/tools/r8/internal/B5 h (Lcom/android/tools/r8/graph/u1;)V 203 <appendix> argL0 ; # com/android/tools/r8/internal/B5$$Lambda+0x000002c7221f3958
instanceKlass  @bci com/android/tools/r8/internal/B5 h (Lcom/android/tools/r8/graph/u1;)V 196 <appendix> argL0 ; # com/android/tools/r8/internal/B5$$Lambda+0x000002c7221f3738
instanceKlass  @bci com/android/tools/r8/internal/B5 h (Lcom/android/tools/r8/graph/u1;)V 190 <appendix> argL0 ; # com/android/tools/r8/internal/B5$$Lambda+0x000002c7221f3518
instanceKlass  @bci com/android/tools/r8/internal/B5 h (Lcom/android/tools/r8/graph/u1;)V 102 <appendix> argL0 ; # com/android/tools/r8/internal/B5$$Lambda+0x000002c7221f32f8
instanceKlass  @bci com/android/tools/r8/internal/B5 p (Lcom/android/tools/r8/graph/u1;)V 712 <appendix> argL0 ; # com/android/tools/r8/internal/B5$$Lambda+0x000002c7221f30d8
instanceKlass  @bci com/android/tools/r8/internal/B5 p (Lcom/android/tools/r8/graph/u1;)V 655 <appendix> argL0 ; # com/android/tools/r8/internal/B5$$Lambda+0x000002c7221f2eb8
instanceKlass  @bci com/android/tools/r8/internal/B5 p (Lcom/android/tools/r8/graph/u1;)V 598 <appendix> argL0 ; # com/android/tools/r8/internal/B5$$Lambda+0x000002c7221f2c98
instanceKlass  @bci com/android/tools/r8/internal/B5 p (Lcom/android/tools/r8/graph/u1;)V 541 <appendix> argL0 ; # com/android/tools/r8/internal/B5$$Lambda+0x000002c7221f2a78
instanceKlass  @bci com/android/tools/r8/internal/B5 p (Lcom/android/tools/r8/graph/u1;)V 484 <appendix> argL0 ; # com/android/tools/r8/internal/B5$$Lambda+0x000002c7221f2858
instanceKlass  @bci com/android/tools/r8/internal/B5 p (Lcom/android/tools/r8/graph/u1;)V 416 <appendix> argL0 ; # com/android/tools/r8/internal/B5$$Lambda+0x000002c7221f2638
instanceKlass  @bci com/android/tools/r8/internal/B5 p (Lcom/android/tools/r8/graph/u1;)V 309 <appendix> argL0 ; # com/android/tools/r8/internal/B5$$Lambda+0x000002c7221f2418
instanceKlass  @bci com/android/tools/r8/internal/B5 p (Lcom/android/tools/r8/graph/u1;)V 202 <appendix> argL0 ; # com/android/tools/r8/internal/B5$$Lambda+0x000002c7221f21f8
instanceKlass  @bci com/android/tools/r8/internal/B5 p (Lcom/android/tools/r8/graph/u1;)V 90 <appendix> argL0 ; # com/android/tools/r8/internal/B5$$Lambda+0x000002c7221f1fd8
instanceKlass  @bci com/android/tools/r8/internal/B5 o (Lcom/android/tools/r8/graph/u1;)V 313 <appendix> argL0 ; # com/android/tools/r8/internal/B5$$Lambda+0x000002c7221f1db8
instanceKlass  @bci com/android/tools/r8/internal/B5 o (Lcom/android/tools/r8/graph/u1;)V 235 <appendix> argL0 ; # com/android/tools/r8/internal/B5$$Lambda+0x000002c7221f1b98
instanceKlass  @bci com/android/tools/r8/internal/B5 o (Lcom/android/tools/r8/graph/u1;)V 149 <appendix> argL0 ; # com/android/tools/r8/internal/B5$$Lambda+0x000002c7221f1978
instanceKlass  @bci com/android/tools/r8/internal/B5 o (Lcom/android/tools/r8/graph/u1;)V 74 <appendix> argL0 ; # com/android/tools/r8/internal/B5$$Lambda+0x000002c7221f1758
instanceKlass  @bci com/android/tools/r8/internal/B5 n (Lcom/android/tools/r8/graph/u1;)V 180 <appendix> argL0 ; # com/android/tools/r8/internal/B5$$Lambda+0x000002c7221f1538
instanceKlass  @bci com/android/tools/r8/internal/B5 n (Lcom/android/tools/r8/graph/u1;)V 124 <appendix> argL0 ; # com/android/tools/r8/internal/B5$$Lambda+0x000002c7221f1318
instanceKlass  @bci com/android/tools/r8/internal/B5 n (Lcom/android/tools/r8/graph/u1;)V 62 <appendix> argL0 ; # com/android/tools/r8/internal/B5$$Lambda+0x000002c7221f10f8
instanceKlass  @bci com/android/tools/r8/internal/ko0 a ()Lcom/android/tools/r8/internal/y5; 0 <appendix> argL0 ; # com/android/tools/r8/internal/ko0$$Lambda+0x000002c7221f0ec8
instanceKlass com/android/tools/r8/internal/ko0
instanceKlass  @bci com/android/tools/r8/internal/B5 m (Lcom/android/tools/r8/graph/u1;)V 569 <appendix> argL0 ; # com/android/tools/r8/internal/B5$$Lambda+0x000002c7221f0aa0
instanceKlass  @bci com/android/tools/r8/internal/B5 m (Lcom/android/tools/r8/graph/u1;)V 487 <appendix> argL0 ; # com/android/tools/r8/internal/B5$$Lambda+0x000002c7221f0880
instanceKlass  @bci com/android/tools/r8/internal/B5 m (Lcom/android/tools/r8/graph/u1;)V 406 <appendix> argL0 ; # com/android/tools/r8/internal/B5$$Lambda+0x000002c7221f0660
instanceKlass  @bci com/android/tools/r8/internal/B5 m (Lcom/android/tools/r8/graph/u1;)V 331 <appendix> argL0 ; # com/android/tools/r8/internal/B5$$Lambda+0x000002c7221f0440
instanceKlass  @bci com/android/tools/r8/internal/B5 m (Lcom/android/tools/r8/graph/u1;)V 252 <appendix> argL0 ; # com/android/tools/r8/internal/B5$$Lambda+0x000002c7221f0220
instanceKlass  @bci com/android/tools/r8/internal/B5 m (Lcom/android/tools/r8/graph/u1;)V 128 <appendix> argL0 ; # com/android/tools/r8/internal/B5$$Lambda+0x000002c7221f0000
instanceKlass  @bci com/android/tools/r8/internal/B5 m (Lcom/android/tools/r8/graph/u1;)V 58 <appendix> argL0 ; # com/android/tools/r8/internal/B5$$Lambda+0x000002c7221edcc0
instanceKlass  @bci com/android/tools/r8/internal/B5 j (Lcom/android/tools/r8/graph/u1;)V 56 <appendix> argL0 ; # com/android/tools/r8/internal/B5$$Lambda+0x000002c7221edaa0
instanceKlass  @bci com/android/tools/r8/internal/B5 k (Lcom/android/tools/r8/graph/u1;)V 233 <appendix> argL0 ; # com/android/tools/r8/internal/B5$$Lambda+0x000002c7221ed880
instanceKlass  @bci com/android/tools/r8/internal/B5 k (Lcom/android/tools/r8/graph/u1;)V 175 <appendix> argL0 ; # com/android/tools/r8/internal/B5$$Lambda+0x000002c7221ed660
instanceKlass  @bci com/android/tools/r8/internal/B5 k (Lcom/android/tools/r8/graph/u1;)V 117 <appendix> argL0 ; # com/android/tools/r8/internal/B5$$Lambda+0x000002c7221ed440
instanceKlass  @bci com/android/tools/r8/internal/B5 k (Lcom/android/tools/r8/graph/u1;)V 62 <appendix> argL0 ; # com/android/tools/r8/internal/B5$$Lambda+0x000002c7221ed220
instanceKlass  @bci com/android/tools/r8/internal/B5 l (Lcom/android/tools/r8/graph/u1;)V 523 <appendix> argL0 ; # com/android/tools/r8/internal/B5$$Lambda+0x000002c7221ed000
instanceKlass  @bci com/android/tools/r8/internal/B5 l (Lcom/android/tools/r8/graph/u1;)V 460 <appendix> argL0 ; # com/android/tools/r8/internal/B5$$Lambda+0x000002c7221efdd8
instanceKlass  @bci com/android/tools/r8/internal/N1 b (Lcom/android/tools/r8/graph/B2;Lcom/android/tools/r8/graph/K5;Lcom/android/tools/r8/graph/u1;)Lcom/android/tools/r8/graph/K5; 198 <appendix> form vmentry <vmtarget> ; # java/lang/invoke/LambdaForm$DMH+0x000002c7221ecc00
instanceKlass  @bci com/android/tools/r8/internal/B5 l (Lcom/android/tools/r8/graph/u1;)V 398 <appendix> member <vmtarget> ; # com/android/tools/r8/internal/B5$$Lambda+0x000002c7221efbb0
instanceKlass  @cpi com/android/tools/r8/internal/B5 903 form vmentry <vmtarget> ; # java/lang/invoke/LambdaForm$DMH+0x000002c7221ec800
instanceKlass  @bci com/android/tools/r8/internal/B5 l (Lcom/android/tools/r8/graph/u1;)V 318 <appendix> argL0 ; # com/android/tools/r8/internal/B5$$Lambda+0x000002c7221ef990
instanceKlass  @bci com/android/tools/r8/internal/B5 l (Lcom/android/tools/r8/graph/u1;)V 260 <appendix> member <vmtarget> ; # com/android/tools/r8/internal/B5$$Lambda+0x000002c7221ef770
instanceKlass  @bci com/android/tools/r8/internal/B5 l (Lcom/android/tools/r8/graph/u1;)V 183 <appendix> argL0 ; # com/android/tools/r8/internal/B5$$Lambda+0x000002c7221ef550
instanceKlass  @bci com/android/tools/r8/internal/B5 l (Lcom/android/tools/r8/graph/u1;)V 125 <appendix> member <vmtarget> ; # com/android/tools/r8/internal/B5$$Lambda+0x000002c7221ef330
instanceKlass  @cpi com/android/tools/r8/internal/H2 15 form vmentry <vmtarget> ; # java/lang/invoke/LambdaForm$DMH+0x000002c7221ec400
instanceKlass  @bci com/android/tools/r8/internal/bf <clinit> ()V 16 <appendix> argL0 ; # com/android/tools/r8/internal/bf$$Lambda+0x000002c7221ef100
instanceKlass  @bci com/android/tools/r8/internal/bf <clinit> ()V 8 <appendix> argL0 ; # com/android/tools/r8/internal/bf$$Lambda+0x000002c7221eeed0
instanceKlass  @bci com/android/tools/r8/internal/bf <clinit> ()V 0 <appendix> argL0 ; # com/android/tools/r8/internal/bf$$Lambda+0x000002c7221eeca0
instanceKlass com/android/tools/r8/internal/bf
instanceKlass  @bci com/android/tools/r8/internal/B5 i (Lcom/android/tools/r8/graph/u1;)V 31 <appendix> argL0 ; # com/android/tools/r8/internal/B5$$Lambda+0x000002c7221ee878
instanceKlass  @bci com/android/tools/r8/internal/sW a ()Lcom/android/tools/r8/internal/y5; 0 <appendix> argL0 ; # com/android/tools/r8/internal/sW$$Lambda+0x000002c7221ee648
instanceKlass com/android/tools/r8/internal/sW
instanceKlass  @bci com/android/tools/r8/internal/B5 g (Lcom/android/tools/r8/graph/u1;)V 1590 <appendix> argL0 ; # com/android/tools/r8/internal/B5$$Lambda+0x000002c7221ee220
instanceKlass  @bci com/android/tools/r8/internal/B5 g (Lcom/android/tools/r8/graph/u1;)V 1510 <appendix> argL0 ; # com/android/tools/r8/internal/B5$$Lambda+0x000002c7221ee000
instanceKlass  @bci com/android/tools/r8/internal/B5 g (Lcom/android/tools/r8/graph/u1;)V 1424 <appendix> argL0 ; # com/android/tools/r8/internal/B5$$Lambda+0x000002c7221ebd48
instanceKlass  @bci com/android/tools/r8/internal/B5 g (Lcom/android/tools/r8/graph/u1;)V 1361 <appendix> argL0 ; # com/android/tools/r8/internal/B5$$Lambda+0x000002c7221ebb28
instanceKlass  @bci com/android/tools/r8/internal/B5 g (Lcom/android/tools/r8/graph/u1;)V 1282 <appendix> argL0 ; # com/android/tools/r8/internal/B5$$Lambda+0x000002c7221eb908
instanceKlass  @bci com/android/tools/r8/internal/B5 g (Lcom/android/tools/r8/graph/u1;)V 1212 <appendix> argL0 ; # com/android/tools/r8/internal/B5$$Lambda+0x000002c7221eb6e8
instanceKlass  @bci com/android/tools/r8/internal/B5 g (Lcom/android/tools/r8/graph/u1;)V 1132 <appendix> argL0 ; # com/android/tools/r8/internal/B5$$Lambda+0x000002c7221eb4c8
instanceKlass  @bci com/android/tools/r8/internal/B5 g (Lcom/android/tools/r8/graph/u1;)V 1063 <appendix> argL0 ; # com/android/tools/r8/internal/B5$$Lambda+0x000002c7221eb2a8
instanceKlass  @bci com/android/tools/r8/internal/B5 g (Lcom/android/tools/r8/graph/u1;)V 989 <appendix> argL0 ; # com/android/tools/r8/internal/B5$$Lambda+0x000002c7221eb088
instanceKlass  @bci com/android/tools/r8/internal/B5 g (Lcom/android/tools/r8/graph/u1;)V 918 <appendix> argL0 ; # com/android/tools/r8/internal/B5$$Lambda+0x000002c7221eae68
instanceKlass  @bci com/android/tools/r8/internal/B5 g (Lcom/android/tools/r8/graph/u1;)V 842 <appendix> argL0 ; # com/android/tools/r8/internal/B5$$Lambda+0x000002c7221eac48
instanceKlass  @bci com/android/tools/r8/internal/B5 g (Lcom/android/tools/r8/graph/u1;)V 769 <appendix> argL0 ; # com/android/tools/r8/internal/B5$$Lambda+0x000002c7221eaa28
instanceKlass  @bci com/android/tools/r8/internal/B5 g (Lcom/android/tools/r8/graph/u1;)V 699 <appendix> argL0 ; # com/android/tools/r8/internal/B5$$Lambda+0x000002c7221ea808
instanceKlass  @bci com/android/tools/r8/internal/B5 g (Lcom/android/tools/r8/graph/u1;)V 622 <appendix> argL0 ; # com/android/tools/r8/internal/B5$$Lambda+0x000002c7221ea5e8
instanceKlass  @bci com/android/tools/r8/internal/B5 g (Lcom/android/tools/r8/graph/u1;)V 553 <appendix> argL0 ; # com/android/tools/r8/internal/B5$$Lambda+0x000002c7221ea3c8
instanceKlass  @bci com/android/tools/r8/internal/B5 g (Lcom/android/tools/r8/graph/u1;)V 484 <appendix> argL0 ; # com/android/tools/r8/internal/B5$$Lambda+0x000002c7221ea1a8
instanceKlass  @bci com/android/tools/r8/internal/B5 g (Lcom/android/tools/r8/graph/u1;)V 413 <appendix> argL0 ; # com/android/tools/r8/internal/B5$$Lambda+0x000002c7221e9f88
instanceKlass  @bci com/android/tools/r8/internal/B5 g (Lcom/android/tools/r8/graph/u1;)V 342 <appendix> argL0 ; # com/android/tools/r8/internal/B5$$Lambda+0x000002c7221e9d68
instanceKlass  @bci com/android/tools/r8/internal/B5 g (Lcom/android/tools/r8/graph/u1;)V 267 <appendix> argL0 ; # com/android/tools/r8/internal/B5$$Lambda+0x000002c7221e9b48
instanceKlass  @bci com/android/tools/r8/internal/B5 g (Lcom/android/tools/r8/graph/u1;)V 199 <appendix> argL0 ; # com/android/tools/r8/internal/B5$$Lambda+0x000002c7221e9928
instanceKlass  @bci com/android/tools/r8/internal/B5 g (Lcom/android/tools/r8/graph/u1;)V 126 <appendix> argL0 ; # com/android/tools/r8/internal/B5$$Lambda+0x000002c7221e9708
instanceKlass  @bci com/android/tools/r8/internal/B5 g (Lcom/android/tools/r8/graph/u1;)V 58 <appendix> argL0 ; # com/android/tools/r8/internal/B5$$Lambda+0x000002c7221e94e8
instanceKlass  @cpi com/android/tools/r8/internal/bf 39 form vmentry <vmtarget> ; # java/lang/invoke/LambdaForm$DMH+0x000002c7221ec000
instanceKlass com/android/tools/r8/internal/K5
instanceKlass com/android/tools/r8/internal/H5
instanceKlass com/android/tools/r8/internal/s5
instanceKlass com/android/tools/r8/internal/y5
instanceKlass com/android/tools/r8/internal/z5
instanceKlass com/android/tools/r8/internal/B5
instanceKlass com/android/tools/r8/internal/J5
instanceKlass com/android/tools/r8/internal/ZZ
instanceKlass com/android/tools/r8/internal/E9
instanceKlass com/android/tools/r8/internal/XZ
instanceKlass com/android/tools/r8/internal/Z9
instanceKlass com/android/tools/r8/internal/aa
instanceKlass java/util/Collections$2
instanceKlass  @bci com/android/tools/r8/internal/xB <init> (Lcom/android/tools/r8/graph/y;)V 628 <appendix> member <vmtarget> ; # com/android/tools/r8/internal/xB$$Lambda+0x000002c7221e5fd0
instanceKlass com/android/tools/r8/internal/fA
instanceKlass com/android/tools/r8/ir/optimize/M
instanceKlass  @bci com/android/tools/r8/ir/optimize/f <init> (Lcom/android/tools/r8/graph/y;)V 93 <appendix> member <vmtarget> ; # com/android/tools/r8/ir/optimize/f$$Lambda+0x000002c7221e5308
instanceKlass java/util/ArrayList$ArrayListSpliterator
instanceKlass com/android/tools/r8/ir/optimize/d
instanceKlass com/android/tools/r8/ir/optimize/e
instanceKlass com/android/tools/r8/ir/optimize/F
instanceKlass com/android/tools/r8/ir/optimize/w
instanceKlass com/android/tools/r8/internal/Be
instanceKlass com/android/tools/r8/ir/optimize/y0
instanceKlass com/android/tools/r8/internal/I7
instanceKlass com/android/tools/r8/internal/LE
instanceKlass com/android/tools/r8/internal/Jq0
instanceKlass com/android/tools/r8/internal/Kq0
instanceKlass com/android/tools/r8/internal/Zj
instanceKlass com/android/tools/r8/internal/fK
instanceKlass com/android/tools/r8/internal/zx0
instanceKlass com/android/tools/r8/internal/De
instanceKlass com/android/tools/r8/internal/oH
instanceKlass com/android/tools/r8/ir/optimize/x
instanceKlass com/android/tools/r8/graph/R5
instanceKlass com/android/tools/r8/graph/P5
instanceKlass com/android/tools/r8/graph/d
instanceKlass com/android/tools/r8/shaking/j
instanceKlass com/android/tools/r8/graph/h3
instanceKlass com/android/tools/r8/graph/w5
instanceKlass com/android/tools/r8/graph/t5
instanceKlass com/android/tools/r8/shaking/z1
instanceKlass com/android/tools/r8/internal/ui
instanceKlass com/android/tools/r8/internal/Sa
instanceKlass com/android/tools/r8/internal/Wa
instanceKlass com/android/tools/r8/internal/m5
instanceKlass com/android/tools/r8/internal/n5
instanceKlass com/android/tools/r8/internal/Km
instanceKlass com/android/tools/r8/internal/Mm
instanceKlass com/android/tools/r8/internal/Om
instanceKlass com/android/tools/r8/internal/iJ
instanceKlass com/android/tools/r8/internal/Am
instanceKlass com/android/tools/r8/internal/ym
instanceKlass com/android/tools/r8/internal/Pc
instanceKlass com/android/tools/r8/internal/sX
instanceKlass com/android/tools/r8/internal/bU
instanceKlass com/android/tools/r8/internal/yB
instanceKlass com/android/tools/r8/internal/jE
instanceKlass com/android/tools/r8/internal/ex
instanceKlass com/android/tools/r8/internal/Ep0
instanceKlass com/android/tools/r8/internal/vv
instanceKlass com/android/tools/r8/internal/Wn
instanceKlass com/android/tools/r8/internal/d2
instanceKlass com/android/tools/r8/internal/h60
instanceKlass com/android/tools/r8/internal/mY
instanceKlass com/android/tools/r8/internal/kY
instanceKlass com/android/tools/r8/internal/lD
instanceKlass com/android/tools/r8/internal/RX
instanceKlass com/android/tools/r8/internal/Ae
instanceKlass com/android/tools/r8/internal/NW
instanceKlass com/android/tools/r8/internal/t20
instanceKlass com/android/tools/r8/internal/Ju
instanceKlass com/android/tools/r8/internal/H50
instanceKlass com/android/tools/r8/internal/ca
instanceKlass com/android/tools/r8/internal/xB
instanceKlass com/android/tools/r8/internal/Zy
instanceKlass com/android/tools/r8/internal/i60
instanceKlass com/android/tools/r8/internal/f2
instanceKlass com/android/tools/r8/internal/p7
instanceKlass com/android/tools/r8/internal/Iy0
instanceKlass com/android/tools/r8/internal/J9
instanceKlass com/android/tools/r8/internal/KF
instanceKlass com/android/tools/r8/internal/M
instanceKlass com/android/tools/r8/internal/RF
instanceKlass com/android/tools/r8/internal/G70
instanceKlass com/android/tools/r8/internal/Q5
instanceKlass com/android/tools/r8/internal/RD
instanceKlass com/android/tools/r8/internal/An0
instanceKlass com/android/tools/r8/internal/vy
instanceKlass com/android/tools/r8/internal/o80
instanceKlass com/android/tools/r8/internal/ND
instanceKlass com/android/tools/r8/internal/DI
instanceKlass com/android/tools/r8/internal/yG
instanceKlass com/android/tools/r8/internal/H9$a
instanceKlass  @bci java/util/ArrayDeque copyElements (Ljava/util/Collection;)V 2 <appendix> member <vmtarget> ; # java/util/ArrayDeque$$Lambda+0x000002c7220c4760
instanceKlass com/android/tools/r8/internal/dA
instanceKlass com/android/tools/r8/internal/vb
instanceKlass com/android/tools/r8/position/TextRange
instanceKlass com/android/tools/r8/position/TextPosition
instanceKlass com/android/tools/r8/internal/v8
instanceKlass com/android/tools/r8/internal/io0
instanceKlass com/android/tools/r8/internal/L
instanceKlass com/android/tools/r8/graph/g6
instanceKlass com/android/tools/r8/internal/P8
instanceKlass com/android/tools/r8/internal/wG
instanceKlass com/android/tools/r8/internal/M9
instanceKlass com/android/tools/r8/internal/Dr0
instanceKlass com/android/tools/r8/internal/SF
instanceKlass com/android/tools/r8/graph/G$a
# instanceKlass com/android/tools/r8/graph/w4$$Lambda+0x000002c7221a7bd8
# instanceKlass com/android/tools/r8/graph/w4$$Lambda+0x000002c7221a8000
# instanceKlass com/android/tools/r8/graph/w4$$Lambda+0x000002c7221a7748
# instanceKlass com/android/tools/r8/graph/w4$$Lambda+0x000002c7221a7990
# instanceKlass com/android/tools/r8/graph/w4$$Lambda+0x000002c7221a7500
# instanceKlass com/android/tools/r8/graph/w4$$Lambda+0x000002c7221a72b8
instanceKlass  @bci com/android/tools/r8/graph/w4 a (Lcom/android/tools/r8/graph/j0;)Lcom/android/tools/r8/graph/j0; 6 <appendix> member <vmtarget> ; # com/android/tools/r8/graph/w4$$Lambda+0x000002c7221a6e18
instanceKlass com/android/tools/r8/internal/X
instanceKlass com/android/tools/r8/graph/j0
instanceKlass com/android/tools/r8/internal/Na
instanceKlass com/android/tools/r8/internal/D1
instanceKlass com/android/tools/r8/internal/Lt0
instanceKlass com/android/tools/r8/internal/La
instanceKlass com/android/tools/r8/internal/ub
instanceKlass com/android/tools/r8/internal/Mb
# instanceKlass com/android/tools/r8/graph/w4$$Lambda+0x000002c72219f9f0
# instanceKlass com/android/tools/r8/graph/w4$$Lambda+0x000002c72219f7b0
# instanceKlass com/android/tools/r8/graph/w4$$Lambda+0x000002c72219f570
# instanceKlass com/android/tools/r8/graph/w4$$Lambda+0x000002c72219f330
# instanceKlass com/android/tools/r8/graph/w4$$Lambda+0x000002c72219f0f0
# instanceKlass com/android/tools/r8/graph/w4$$Lambda+0x000002c72219eeb0
# instanceKlass com/android/tools/r8/graph/w4$$Lambda+0x000002c72219ec70
# instanceKlass com/android/tools/r8/graph/w4$$Lambda+0x000002c72219ea30
# instanceKlass com/android/tools/r8/graph/w4$$Lambda+0x000002c72219e7f0
# instanceKlass com/android/tools/r8/graph/w4$$Lambda+0x000002c72219e5b0
# instanceKlass com/android/tools/r8/graph/w4$$Lambda+0x000002c72219e370
# instanceKlass com/android/tools/r8/graph/w4$$Lambda+0x000002c72219e130
# instanceKlass com/android/tools/r8/graph/w4$$Lambda+0x000002c72219def0
# instanceKlass com/android/tools/r8/graph/w4$$Lambda+0x000002c72219dcb0
# instanceKlass com/android/tools/r8/graph/w4$$Lambda+0x000002c72219da70
# instanceKlass com/android/tools/r8/graph/w4$$Lambda+0x000002c72219d830
instanceKlass  @bci com/android/tools/r8/graph/w4 b (Lcom/android/tools/r8/internal/DR;)Lcom/android/tools/r8/internal/ma; 5 <appendix> argL0 ; # com/android/tools/r8/graph/w4$$Lambda+0x000002c72219d5f0
# instanceKlass com/android/tools/r8/graph/w4$$Lambda+0x000002c72219d3b0
instanceKlass com/android/tools/r8/internal/hI
instanceKlass com/android/tools/r8/internal/UH
# instanceKlass com/android/tools/r8/graph/s4$$Lambda+0x000002c72219cd88
# instanceKlass com/android/tools/r8/graph/s4$$Lambda+0x000002c72219cb60
# instanceKlass com/android/tools/r8/graph/s4$$Lambda+0x000002c72219c938
# instanceKlass com/android/tools/r8/graph/s4$$Lambda+0x000002c72219c710
# instanceKlass com/android/tools/r8/graph/s4$$Lambda+0x000002c72219c4e8
# instanceKlass com/android/tools/r8/graph/s4$$Lambda+0x000002c72219c2c0
# instanceKlass com/android/tools/r8/graph/s4$$Lambda+0x000002c72219c098
# instanceKlass com/android/tools/r8/graph/s4$$Lambda+0x000002c72219be70
# instanceKlass com/android/tools/r8/graph/s4$$Lambda+0x000002c72219bc48
# instanceKlass com/android/tools/r8/graph/s4$$Lambda+0x000002c72219ba20
# instanceKlass com/android/tools/r8/graph/s4$$Lambda+0x000002c72219b7f8
# instanceKlass com/android/tools/r8/graph/s4$$Lambda+0x000002c72219b5d0
# instanceKlass com/android/tools/r8/graph/s4$$Lambda+0x000002c72219b180
# instanceKlass com/android/tools/r8/graph/s4$$Lambda+0x000002c72219b3a8
# instanceKlass com/android/tools/r8/graph/s4$$Lambda+0x000002c72219af58
# instanceKlass com/android/tools/r8/graph/s4$$Lambda+0x000002c72219ad30
instanceKlass  @bci com/android/tools/r8/graph/s4 a (ILjava/lang/String;Ljava/lang/String;Ljava/lang/String;[Ljava/lang/String;)Lcom/android/tools/r8/internal/rY; 82 <appendix> member <vmtarget> ; # com/android/tools/r8/graph/s4$$Lambda+0x000002c72219ab08
# instanceKlass com/android/tools/r8/graph/s4$$Lambda+0x000002c722197dc8
instanceKlass com/android/tools/r8/internal/H70
instanceKlass com/android/tools/r8/internal/wy
instanceKlass com/android/tools/r8/internal/gI
instanceKlass com/android/tools/r8/internal/Nb
instanceKlass com/android/tools/r8/graph/u4
instanceKlass  @bci com/android/tools/r8/internal/ss0 a ()Ljava/util/ArrayList; 19 <appendix> member <vmtarget> ; # com/android/tools/r8/internal/ss0$$Lambda+0x000002c722190000
instanceKlass com/android/tools/r8/internal/bL
# instanceKlass com/android/tools/r8/graph/x4$$Lambda+0x000002c72218f5f0
# instanceKlass com/android/tools/r8/graph/x4$$Lambda+0x000002c72218f3c8
# instanceKlass com/android/tools/r8/graph/x4$$Lambda+0x000002c72218f1a0
# instanceKlass com/android/tools/r8/graph/x4$$Lambda+0x000002c72218ef78
# instanceKlass com/android/tools/r8/graph/x4$$Lambda+0x000002c72218ed50
# instanceKlass com/android/tools/r8/graph/x4$$Lambda+0x000002c72218e900
# instanceKlass com/android/tools/r8/graph/x4$$Lambda+0x000002c72218eb28
# instanceKlass com/android/tools/r8/graph/x4$$Lambda+0x000002c72218e6d8
# instanceKlass com/android/tools/r8/graph/x4$$Lambda+0x000002c72218e4b0
# instanceKlass com/android/tools/r8/graph/x4$$Lambda+0x000002c72218e288
# instanceKlass com/android/tools/r8/graph/x4$$Lambda+0x000002c72218e060
# instanceKlass com/android/tools/r8/graph/S4$$Lambda+0x000002c72218de08
# instanceKlass com/android/tools/r8/graph/S4$$Lambda+0x000002c72218dbb0
# instanceKlass com/android/tools/r8/graph/S4$$Lambda+0x000002c72218d958
# instanceKlass com/android/tools/r8/graph/S4$$Lambda+0x000002c72218d700
# instanceKlass com/android/tools/r8/graph/S4$$Lambda+0x000002c72218d4a8
instanceKlass  @bci com/android/tools/r8/graph/S4 k ()Ljava/util/Iterator; 16 <appendix> member <vmtarget> ; # com/android/tools/r8/graph/S4$$Lambda+0x000002c72218d250
instanceKlass com/android/tools/r8/graph/t4
instanceKlass  @bci com/android/tools/r8/graph/x4 V ()Lcom/android/tools/r8/graph/G; 12 <appendix> member <vmtarget> ; # com/android/tools/r8/graph/x4$$Lambda+0x000002c72218ce20
instanceKlass  @cpi com/android/tools/r8/internal/Hf0 383 form vmentry <vmtarget> ; # java/lang/invoke/LambdaForm$DMH+0x000002c722189c00
instanceKlass com/android/tools/r8/graph/f3
# instanceKlass com/android/tools/r8/graph/S4$$Lambda+0x000002c722187098
# instanceKlass com/android/tools/r8/graph/S4$$Lambda+0x000002c722186e50
# instanceKlass com/android/tools/r8/graph/S4$$Lambda+0x000002c722186c08
# instanceKlass com/android/tools/r8/graph/S4$$Lambda+0x000002c7221869c0
instanceKlass  @bci com/android/tools/r8/graph/S4 c ()Ljava/lang/Iterable; 1 <appendix> member <vmtarget> ; # com/android/tools/r8/graph/S4$$Lambda+0x000002c722186778
# instanceKlass com/android/tools/r8/graph/S4$$Lambda+0x000002c722186530
instanceKlass  @bci com/android/tools/r8/ir/optimize/b0 a (Lcom/android/tools/r8/internal/ME;)Z 246 <adapter> ; # java/lang/invoke/LambdaForm$MH+0x000002c722189800
# instanceKlass java/lang/invoke/LambdaForm$DMH+0x000002c722189400
instanceKlass  @bci com/android/tools/r8/ir/optimize/b0 a (Lcom/android/tools/r8/internal/ME;)Z 246 <appendix> form vmentry <vmtarget> ; # java/lang/invoke/LambdaForm$DMH+0x000002c722189000
instanceKlass  @bci com/android/tools/r8/internal/Fs0 a (Lcom/android/tools/r8/internal/ss0;Lcom/android/tools/r8/internal/Xs0;ILjava/lang/Object;)V 5 <appendix> member <vmtarget> ; # com/android/tools/r8/internal/Fs0$$Lambda+0x000002c722186308
instanceKlass  @bci com/android/tools/r8/internal/my a (Lcom/android/tools/r8/internal/mI;)V 9 <appendix> member <vmtarget> ; # com/android/tools/r8/internal/my$$Lambda+0x000002c7221860d0
instanceKlass com/android/tools/r8/internal/VH
instanceKlass  @bci com/android/tools/r8/internal/Fs0 a (Lcom/android/tools/r8/internal/my;Lcom/android/tools/r8/internal/Xs0;Ljava/util/function/Predicate;Lcom/android/tools/r8/threading/ThreadingModule;Ljava/util/concurrent/ExecutorService;)Ljava/util/ArrayList; 20 <appendix> member <vmtarget> ; # com/android/tools/r8/internal/Fs0$$Lambda+0x000002c722185c60
instanceKlass  @cpi com/android/tools/r8/internal/Fs0 71 form vmentry <vmtarget> ; # java/lang/invoke/LambdaForm$DMH+0x000002c722188c00
instanceKlass com/android/tools/r8/internal/mI
instanceKlass  @bci com/android/tools/r8/internal/Fs0 a (Lcom/android/tools/r8/internal/my;Lcom/android/tools/r8/internal/Ws0;Lcom/android/tools/r8/threading/ThreadingModule;Ljava/util/concurrent/ExecutorService;)V 2 <appendix> member <vmtarget> ; # com/android/tools/r8/internal/Fs0$$Lambda+0x000002c722185838
instanceKlass com/android/tools/r8/internal/Xs0
instanceKlass  @bci com/android/tools/r8/internal/Fs0 a (Ljava/util/Collection;Lcom/android/tools/r8/internal/nU;Lcom/android/tools/r8/threading/ThreadingModule;Ljava/util/concurrent/ExecutorService;Lcom/android/tools/r8/internal/Fs0$a;)V 26 <appendix> member <vmtarget> ; # com/android/tools/r8/internal/Fs0$$Lambda+0x000002c722185410
instanceKlass  @cpi com/android/tools/r8/internal/Fs0 121 form vmentry <vmtarget> ; # java/lang/invoke/LambdaForm$DMH+0x000002c722188800
instanceKlass com/android/tools/r8/internal/Ws0
instanceKlass  @bci com/android/tools/r8/internal/Fs0 a (Ljava/util/Collection;Lcom/android/tools/r8/internal/nU;Lcom/android/tools/r8/threading/ThreadingModule;Ljava/util/concurrent/ExecutorService;Lcom/android/tools/r8/internal/Fs0$a;)V 15 <appendix> member <vmtarget> ; # com/android/tools/r8/internal/Fs0$$Lambda+0x000002c722184fd8
instanceKlass  @cpi com/android/tools/r8/internal/Fs0 53 form vmentry <vmtarget> ; # java/lang/invoke/LambdaForm$DMH+0x000002c722188400
instanceKlass com/android/tools/r8/internal/my
instanceKlass  @bci com/android/tools/r8/internal/Fs0 a (Ljava/util/Collection;Ljava/util/function/Consumer;Lcom/android/tools/r8/threading/ThreadingModule;Ljava/util/concurrent/ExecutorService;)V 2 <appendix> member <vmtarget> ; # com/android/tools/r8/internal/Fs0$$Lambda+0x000002c722184968
instanceKlass  @cpi com/android/tools/r8/internal/Gf0 132 form vmentry <vmtarget> ; # java/lang/invoke/LambdaForm$DMH+0x000002c722188000
instanceKlass com/android/tools/r8/internal/nU
instanceKlass  @bci com/android/tools/r8/D8 d (Lcom/android/tools/r8/utils/i;Lcom/android/tools/r8/internal/QJ;Ljava/util/concurrent/ExecutorService;)V 337 <appendix> member <vmtarget> ; # com/android/tools/r8/D8$$Lambda+0x000002c722184530
instanceKlass  @bci java/util/stream/Collectors toList ()Ljava/util/stream/Collector; 14 <appendix> argL0 ; # java/util/stream/Collectors$$Lambda+0x000002c7220c42b8
instanceKlass  @bci java/util/stream/Collectors toList ()Ljava/util/stream/Collector; 9 <appendix> argL0 ; # java/util/stream/Collectors$$Lambda+0x000002c7220c4088
instanceKlass  @bci java/util/stream/Collectors toList ()Ljava/util/stream/Collector; 4 <appendix> argL0 ; # java/util/stream/Collectors$$Lambda+0x000002c7220c3e68
instanceKlass  @bci com/android/tools/r8/internal/Yc <init> (Lcom/android/tools/r8/graph/y;)V 50 <appendix> member <vmtarget> ; # com/android/tools/r8/internal/Yc$$Lambda+0x000002c7221842e8
instanceKlass com/android/tools/r8/references/MethodReference
instanceKlass com/android/tools/r8/internal/Z40
instanceKlass com/android/tools/r8/internal/GX
instanceKlass com/android/tools/r8/internal/Gw
instanceKlass com/android/tools/r8/internal/X9
instanceKlass com/android/tools/r8/internal/Ma
instanceKlass com/android/tools/r8/internal/Yc
instanceKlass com/android/tools/r8/internal/o00
instanceKlass com/android/tools/r8/internal/zt0
instanceKlass com/android/tools/r8/internal/Ad0
instanceKlass com/android/tools/r8/internal/u1
instanceKlass com/android/tools/r8/internal/yd0
instanceKlass com/android/tools/r8/internal/Jw
instanceKlass com/android/tools/r8/ir/optimize/f
instanceKlass com/android/tools/r8/synthesis/l
instanceKlass  @bci com/android/tools/r8/synthesis/E a (Lcom/android/tools/r8/graph/y;Lcom/android/tools/r8/synthesis/c;)V 18 <appendix> member <vmtarget> ; # com/android/tools/r8/synthesis/E$$Lambda+0x000002c72217ba28
instanceKlass com/android/tools/r8/synthesis/c
instanceKlass  @bci com/android/tools/r8/internal/GV a (Ljava/util/function/Supplier;)Ljava/util/function/Function; 1 <appendix> member <vmtarget> ; # com/android/tools/r8/internal/GV$$Lambda+0x000002c72217a5f0
instanceKlass  @bci com/android/tools/r8/shaking/k a (Lcom/android/tools/r8/graph/w2;)Lcom/android/tools/r8/internal/H4; 5 <appendix> argL0 ; # com/android/tools/r8/shaking/k$$Lambda+0x000002c72217a3d0
instanceKlass com/android/tools/r8/internal/I4
instanceKlass com/android/tools/r8/internal/cg
instanceKlass com/android/tools/r8/internal/Kx0
instanceKlass  @bci com/android/tools/r8/graph/y <init> (Lcom/android/tools/r8/graph/h;Lcom/android/tools/r8/internal/o4;Lcom/android/tools/r8/internal/kp0;ILcom/android/tools/r8/internal/at0;)V 623 <appendix> member <vmtarget> ; # com/android/tools/r8/graph/y$$Lambda+0x000002c722178dd0
instanceKlass com/android/tools/r8/androidapi/f$a
instanceKlass  @bci com/android/tools/r8/graph/y <init> (Lcom/android/tools/r8/graph/h;Lcom/android/tools/r8/internal/o4;Lcom/android/tools/r8/internal/kp0;ILcom/android/tools/r8/internal/at0;)V 602 <appendix> member <vmtarget> ; # com/android/tools/r8/graph/y$$Lambda+0x000002c722178248
instanceKlass com/android/tools/r8/androidapi/a
instanceKlass  @bci com/android/tools/r8/graph/y <init> (Lcom/android/tools/r8/graph/h;Lcom/android/tools/r8/internal/o4;Lcom/android/tools/r8/internal/kp0;ILcom/android/tools/r8/internal/at0;)V 581 <appendix> member <vmtarget> ; # com/android/tools/r8/graph/y$$Lambda+0x000002c72216cc48
instanceKlass com/android/tools/r8/internal/Cb0
instanceKlass  @bci com/android/tools/r8/internal/FS a ()V 43 <appendix> member <vmtarget> ; # com/android/tools/r8/internal/FS$$Lambda+0x000002c72216c800
instanceKlass  @bci com/android/tools/r8/internal/FS <init> (Lcom/android/tools/r8/graph/y;Lcom/android/tools/r8/internal/at0;)V 315 <appendix> member <vmtarget> ; # com/android/tools/r8/internal/FS$$Lambda+0x000002c722177bd0
instanceKlass com/android/tools/r8/internal/GS
instanceKlass com/android/tools/r8/internal/nq0
instanceKlass com/android/tools/r8/internal/qw
instanceKlass com/android/tools/r8/internal/FE
instanceKlass com/android/tools/r8/internal/Bx0
instanceKlass  @bci com/android/tools/r8/internal/FS <init> (Lcom/android/tools/r8/graph/y;Lcom/android/tools/r8/internal/at0;)V 46 <appendix> member <vmtarget> ; # com/android/tools/r8/internal/FS$$Lambda+0x000002c72216f530
instanceKlass com/android/tools/r8/internal/xp0
instanceKlass com/android/tools/r8/internal/RE
instanceKlass com/android/tools/r8/internal/h80
instanceKlass com/android/tools/r8/internal/NE
instanceKlass com/android/tools/r8/internal/v00
instanceKlass com/android/tools/r8/internal/tE
instanceKlass com/android/tools/r8/internal/hE
instanceKlass com/android/tools/r8/internal/rR
instanceKlass com/android/tools/r8/internal/p
instanceKlass com/android/tools/r8/internal/HS
instanceKlass  @bci com/android/tools/r8/graph/y <init> (Lcom/android/tools/r8/graph/h;Lcom/android/tools/r8/internal/o4;Lcom/android/tools/r8/internal/kp0;ILcom/android/tools/r8/internal/at0;)V 560 <appendix> member <vmtarget> ; # com/android/tools/r8/graph/y$$Lambda+0x000002c72216a310
instanceKlass com/android/tools/r8/internal/FS
instanceKlass  @bci com/android/tools/r8/internal/JS a (Lcom/android/tools/r8/graph/y;Lcom/android/tools/r8/graph/u1;)Lcom/android/tools/r8/internal/AC; 134 <appendix> member <vmtarget> ; # com/android/tools/r8/internal/JS$$Lambda+0x000002c722169ea8
instanceKlass  @bci com/android/tools/r8/internal/JS a (Lcom/android/tools/r8/graph/y;Lcom/android/tools/r8/graph/u1;)Lcom/android/tools/r8/internal/AC; 88 <appendix> member <vmtarget> ; # com/android/tools/r8/internal/JS$$Lambda+0x000002c722169c50
instanceKlass  @cpi com/android/tools/r8/internal/Hf0 363 form vmentry <vmtarget> ; # java/lang/invoke/LambdaForm$DMH+0x000002c72216c400
instanceKlass  @bci com/android/tools/r8/internal/JS a (Lcom/android/tools/r8/graph/y;Lcom/android/tools/r8/graph/u1;)Lcom/android/tools/r8/internal/AC; 68 <appendix> member <vmtarget> ; # com/android/tools/r8/internal/JS$$Lambda+0x000002c7221699f8
instanceKlass  @bci com/android/tools/r8/internal/JS a (Lcom/android/tools/r8/graph/y;Lcom/android/tools/r8/graph/u1;)Lcom/android/tools/r8/internal/AC; 51 <appendix> argL0 ; # com/android/tools/r8/internal/JS$$Lambda+0x000002c7221697a8
instanceKlass  @bci com/android/tools/r8/internal/JS a (Lcom/android/tools/r8/graph/y;Lcom/android/tools/r8/graph/u1;)Lcom/android/tools/r8/internal/AC; 34 <appendix> member <vmtarget> ; # com/android/tools/r8/internal/JS$$Lambda+0x000002c722169550
instanceKlass  @cpi com/android/tools/r8/internal/US 1741 form vmentry <vmtarget> ; # java/lang/invoke/LambdaForm$DMH+0x000002c72216c000
instanceKlass  @bci com/android/tools/r8/internal/JS a (Lcom/android/tools/r8/graph/y;Lcom/android/tools/r8/graph/u1;)Lcom/android/tools/r8/internal/AC; 17 <appendix> argL0 ; # com/android/tools/r8/internal/JS$$Lambda+0x000002c722169300
instanceKlass  @bci com/android/tools/r8/graph/y <init> (Lcom/android/tools/r8/graph/h;Lcom/android/tools/r8/internal/o4;Lcom/android/tools/r8/internal/kp0;ILcom/android/tools/r8/internal/at0;)V 537 <appendix> member <vmtarget> ; # com/android/tools/r8/graph/y$$Lambda+0x000002c7221690d8
instanceKlass com/android/tools/r8/internal/JS
instanceKlass  @bci com/android/tools/r8/graph/y <init> (Lcom/android/tools/r8/graph/h;Lcom/android/tools/r8/internal/o4;Lcom/android/tools/r8/internal/kp0;ILcom/android/tools/r8/internal/at0;)V 400 <appendix> argL0 ; # com/android/tools/r8/graph/y$$Lambda+0x000002c722168ca8
instanceKlass com/android/tools/r8/internal/HD
instanceKlass  @bci com/android/tools/r8/graph/y <init> (Lcom/android/tools/r8/graph/h;Lcom/android/tools/r8/internal/o4;Lcom/android/tools/r8/internal/kp0;ILcom/android/tools/r8/internal/at0;)V 380 <appendix> member <vmtarget> ; # com/android/tools/r8/graph/y$$Lambda+0x000002c722168218
instanceKlass com/android/tools/r8/internal/ot
instanceKlass com/android/tools/r8/internal/K1
instanceKlass com/android/tools/r8/internal/G1
instanceKlass  @bci com/android/tools/r8/graph/y <init> (Lcom/android/tools/r8/graph/h;Lcom/android/tools/r8/internal/o4;Lcom/android/tools/r8/internal/kp0;ILcom/android/tools/r8/internal/at0;)V 258 <appendix> member <vmtarget> ; # com/android/tools/r8/graph/y$$Lambda+0x000002c722161b50
instanceKlass com/android/tools/r8/internal/Pf
instanceKlass com/android/tools/r8/internal/St
instanceKlass com/android/tools/r8/internal/u6
instanceKlass com/android/tools/r8/internal/PA
instanceKlass com/android/tools/r8/internal/QW
instanceKlass  @bci com/android/tools/r8/internal/Vm0 <init> ()V 91 <appendix> member <vmtarget> ; # com/android/tools/r8/internal/Vm0$$Lambda+0x000002c722163cc0
instanceKlass com/android/tools/r8/internal/e20
instanceKlass  @bci com/android/tools/r8/internal/Vm0 <init> ()V 72 <appendix> member <vmtarget> ; # com/android/tools/r8/internal/Vm0$$Lambda+0x000002c722163158
instanceKlass  @bci com/android/tools/r8/internal/Vm0 <init> ()V 53 <appendix> member <vmtarget> ; # com/android/tools/r8/internal/Vm0$$Lambda+0x000002c722162d38
instanceKlass  @bci com/android/tools/r8/internal/Vm0 <init> ()V 34 <appendix> member <vmtarget> ; # com/android/tools/r8/internal/Vm0$$Lambda+0x000002c722162b10
instanceKlass com/android/tools/r8/internal/ME
instanceKlass com/android/tools/r8/internal/rW
instanceKlass com/android/tools/r8/internal/SE
instanceKlass com/android/tools/r8/internal/TE
instanceKlass com/android/tools/r8/internal/I
instanceKlass com/android/tools/r8/internal/QF
instanceKlass  @bci com/android/tools/r8/internal/Vm0 <init> ()V 15 <appendix> member <vmtarget> ; # com/android/tools/r8/internal/Vm0$$Lambda+0x000002c722165d28
instanceKlass com/android/tools/r8/internal/Vm0
instanceKlass com/android/tools/r8/internal/iE
instanceKlass com/android/tools/r8/internal/fY
instanceKlass com/android/tools/r8/internal/wW
instanceKlass com/android/tools/r8/internal/co
instanceKlass  @bci com/android/tools/r8/shaking/k a (Ljava/util/function/BiConsumer;)V 5 <appendix> member <vmtarget> ; # com/android/tools/r8/shaking/k$$Lambda+0x000002c72215f198
instanceKlass com/android/tools/r8/internal/H4
instanceKlass  @bci com/android/tools/r8/internal/GV a (Lcom/android/tools/r8/internal/g6;I)Ljava/util/IdentityHashMap; 11 <appendix> member <vmtarget> ; # com/android/tools/r8/internal/GV$$Lambda+0x000002c72215ed50
instanceKlass  @cpi com/android/tools/r8/internal/GV 94 form vmentry <vmtarget> ; # java/lang/invoke/LambdaForm$DMH+0x000002c722160000
instanceKlass com/android/tools/r8/internal/GV
instanceKlass  @bci com/android/tools/r8/shaking/k a ()Lcom/android/tools/r8/shaking/l; 5 <appendix> member <vmtarget> ; # com/android/tools/r8/shaking/k$$Lambda+0x000002c72215e920
instanceKlass com/android/tools/r8/internal/g6
instanceKlass com/android/tools/r8/shaking/l
instanceKlass com/android/tools/r8/shaking/k
instanceKlass com/android/tools/r8/internal/l1
instanceKlass  @bci com/android/tools/r8/internal/kp0 a (Lcom/android/tools/r8/graph/x0;)Lcom/android/tools/r8/internal/kp0; 5 <appendix> member <vmtarget> ; # com/android/tools/r8/internal/kp0$$Lambda+0x000002c72215d2c8
instanceKlass com/android/tools/r8/startup/diagnostic/MissingStartupProfileItemsDiagnostic$a
instanceKlass com/android/tools/r8/startup/StartupProfileBuilder
instanceKlass com/android/tools/r8/internal/kp0
instanceKlass com/android/tools/r8/internal/m1
instanceKlass  @bci com/android/tools/r8/internal/v4 a ()Ljava/util/List; 88 <appendix> argL0 ; # com/android/tools/r8/internal/v4$$Lambda+0x000002c72215c4f8
instanceKlass com/android/tools/r8/profile/art/ArtProfileBuilder
instanceKlass com/android/tools/r8/internal/o4
instanceKlass com/android/tools/r8/internal/Jf
instanceKlass com/android/tools/r8/naming/q0
instanceKlass com/android/tools/r8/internal/X40
instanceKlass com/android/tools/r8/internal/q6
instanceKlass com/android/tools/r8/internal/m6
instanceKlass com/android/tools/r8/internal/o6
instanceKlass com/android/tools/r8/internal/l6
instanceKlass  @bci com/android/tools/r8/D8 a (Lcom/android/tools/r8/utils/i;Lcom/android/tools/r8/internal/QJ;Ljava/util/concurrent/ExecutorService;Lcom/android/tools/r8/internal/at0;)Lcom/android/tools/r8/graph/y; 74 <appendix> member <vmtarget> ; # com/android/tools/r8/D8$$Lambda+0x000002c722159150
instanceKlass com/android/tools/r8/internal/V6
instanceKlass com/android/tools/r8/synthesis/F
instanceKlass com/android/tools/r8/synthesis/d
instanceKlass com/android/tools/r8/synthesis/b
instanceKlass com/android/tools/r8/SyntheticInfoConsumerData
instanceKlass com/android/tools/r8/synthesis/Y
instanceKlass com/android/tools/r8/synthesis/s
instanceKlass com/android/tools/r8/synthesis/t
instanceKlass com/android/tools/r8/synthesis/m
instanceKlass com/android/tools/r8/synthesis/k
instanceKlass com/android/tools/r8/synthesis/Z
instanceKlass com/android/tools/r8/internal/jy
instanceKlass com/android/tools/r8/graph/a6
instanceKlass com/android/tools/r8/graph/M4
instanceKlass com/android/tools/r8/shaking/n2
instanceKlass com/android/tools/r8/shaking/p2
instanceKlass com/android/tools/r8/internal/Uz
instanceKlass com/android/tools/r8/internal/he
instanceKlass  @bci com/android/tools/r8/synthesis/E$a e ()Lcom/android/tools/r8/synthesis/E$a; 7 <appendix> member <vmtarget> ; # com/android/tools/r8/synthesis/E$a$$Lambda+0x000002c722154098
instanceKlass com/android/tools/r8/synthesis/E
instanceKlass com/android/tools/r8/synthesis/C
instanceKlass com/android/tools/r8/synthesis/A
instanceKlass com/android/tools/r8/synthesis/E$a
instanceKlass  @bci com/android/tools/r8/D8 a (Lcom/android/tools/r8/utils/i;Lcom/android/tools/r8/internal/QJ;Ljava/util/concurrent/ExecutorService;Lcom/android/tools/r8/internal/at0;)Lcom/android/tools/r8/graph/y; 58 <appendix> member <vmtarget> ; # com/android/tools/r8/D8$$Lambda+0x000002c7221533f0
instanceKlass com/android/tools/r8/internal/Zs0
instanceKlass  @bci com/android/tools/r8/internal/O80 a (Ljava/util/ArrayList;Lcom/android/tools/r8/dex/b;)Lcom/android/tools/r8/internal/O80; 40 <appendix> member <vmtarget> ; # com/android/tools/r8/internal/O80$$Lambda+0x000002c722152fb8
instanceKlass java/util/concurrent/ConcurrentLinkedQueue$Itr
instanceKlass com/android/tools/r8/graph/z0
instanceKlass com/android/tools/r8/dex/W
instanceKlass com/android/tools/r8/internal/qv0
# instanceKlass com/android/tools/r8/graph/l4$$Lambda+0x000002c7221513e0
# instanceKlass com/android/tools/r8/graph/o4$$Lambda+0x000002c7221511b0
# instanceKlass com/android/tools/r8/graph/o4$$Lambda+0x000002c722150f80
instanceKlass  @bci com/android/tools/r8/graph/l4 a (Ljava/lang/String;Ljava/lang/String;)Lcom/android/tools/r8/internal/Q2; 12 <appendix> member <vmtarget> ; # com/android/tools/r8/graph/l4$$Lambda+0x000002c722150d48
# instanceKlass com/android/tools/r8/graph/J3$$Lambda+0x000002c7221508e0
instanceKlass  @bci com/android/tools/r8/graph/o4 a (ILjava/lang/String;Z)Lcom/android/tools/r8/internal/Q2; 116 <appendix> argL0 ; # com/android/tools/r8/graph/o4$$Lambda+0x000002c722150b18
# instanceKlass com/android/tools/r8/graph/J3$$Lambda+0x000002c7221506a8
# instanceKlass com/android/tools/r8/graph/J3$$Lambda+0x000002c722150470
# instanceKlass com/android/tools/r8/graph/J3$$Lambda+0x000002c722150238
# instanceKlass com/android/tools/r8/graph/J3$$Lambda+0x000002c722150000
# instanceKlass com/android/tools/r8/graph/J3$$Lambda+0x000002c72214bc00
instanceKlass  @bci com/android/tools/r8/graph/J3 a ()Lcom/android/tools/r8/graph/G3$b; 16 <appendix> member <vmtarget> ; # com/android/tools/r8/graph/J3$$Lambda+0x000002c72214fd10
instanceKlass  @cpi com/android/tools/r8/internal/lo0 190 form vmentry <vmtarget> ; # java/lang/invoke/LambdaForm$DMH+0x000002c72214b400
# instanceKlass com/android/tools/r8/graph/o4$$Lambda+0x000002c72214eff8
# instanceKlass com/android/tools/r8/graph/o4$$Lambda+0x000002c72214edc0
# instanceKlass com/android/tools/r8/graph/o4$$Lambda+0x000002c72214eb88
# instanceKlass com/android/tools/r8/graph/o4$$Lambda+0x000002c72214e950
# instanceKlass com/android/tools/r8/graph/o4$$Lambda+0x000002c72214e718
# instanceKlass com/android/tools/r8/graph/o4$$Lambda+0x000002c72214e4e0
# instanceKlass com/android/tools/r8/graph/o4$$Lambda+0x000002c72214e2a8
# instanceKlass com/android/tools/r8/graph/o4$$Lambda+0x000002c72214e070
# instanceKlass com/android/tools/r8/graph/o4$$Lambda+0x000002c72214de38
# instanceKlass com/android/tools/r8/graph/o4$$Lambda+0x000002c72214dc00
# instanceKlass com/android/tools/r8/graph/o4$$Lambda+0x000002c72214d9c8
# instanceKlass com/android/tools/r8/graph/o4$$Lambda+0x000002c72214d790
# instanceKlass com/android/tools/r8/graph/o4$$Lambda+0x000002c72214d320
# instanceKlass com/android/tools/r8/graph/o4$$Lambda+0x000002c72214d558
instanceKlass  @bci com/android/tools/r8/graph/o4 a ()Lcom/android/tools/r8/internal/Q2; 13 <appendix> member <vmtarget> ; # com/android/tools/r8/graph/o4$$Lambda+0x000002c72214d0e8
instanceKlass  @bci com/android/tools/r8/graph/n4 a (Ljava/lang/String;Z)Lcom/android/tools/r8/internal/Q2; 219 <appendix> argL0 ; # com/android/tools/r8/graph/n4$$Lambda+0x000002c72214ceb8
instanceKlass com/android/tools/r8/graph/I3
# instanceKlass com/android/tools/r8/graph/l4$$Lambda+0x000002c72214c470
# instanceKlass com/android/tools/r8/graph/l4$$Lambda+0x000002c72214c238
# instanceKlass com/android/tools/r8/graph/l4$$Lambda+0x000002c72214c000
# instanceKlass com/android/tools/r8/graph/l4$$Lambda+0x000002c722147cd8
# instanceKlass com/android/tools/r8/graph/l4$$Lambda+0x000002c722147aa0
# instanceKlass com/android/tools/r8/graph/l4$$Lambda+0x000002c722147868
# instanceKlass com/android/tools/r8/graph/J3$$Lambda+0x000002c722147630
# instanceKlass com/android/tools/r8/graph/J3$$Lambda+0x000002c722146f88
instanceKlass  @bci com/android/tools/r8/graph/J3 d ()Lcom/android/tools/r8/graph/G3$g; 14 <appendix> member <vmtarget> ; # com/android/tools/r8/graph/J3$$Lambda+0x000002c7221473f8
# instanceKlass com/android/tools/r8/graph/l4$$Lambda+0x000002c7221471c0
# instanceKlass com/android/tools/r8/graph/J3$$Lambda+0x000002c722146d50
# instanceKlass com/android/tools/r8/graph/l4$$Lambda+0x000002c722146b18
# instanceKlass com/android/tools/r8/graph/l4$$Lambda+0x000002c7221468e0
# instanceKlass com/android/tools/r8/graph/l4$$Lambda+0x000002c722146470
# instanceKlass com/android/tools/r8/graph/l4$$Lambda+0x000002c7221466a8
# instanceKlass com/android/tools/r8/graph/l4$$Lambda+0x000002c722146238
# instanceKlass com/android/tools/r8/graph/l4$$Lambda+0x000002c722146000
instanceKlass  @bci com/android/tools/r8/graph/l4 a (Ljava/lang/String;)Lcom/android/tools/r8/internal/Q2; 11 <appendix> member <vmtarget> ; # com/android/tools/r8/graph/l4$$Lambda+0x000002c722145dc8
instanceKlass com/android/tools/r8/graph/G3$f
instanceKlass  @cpi com/android/tools/r8/graph/X4 365 form vmentry <vmtarget> ; # java/lang/invoke/LambdaForm$DMH+0x000002c722148000
# instanceKlass com/android/tools/r8/graph/m4$$Lambda+0x000002c722145988
# instanceKlass com/android/tools/r8/graph/m4$$Lambda+0x000002c7221454a8
# instanceKlass com/android/tools/r8/graph/m4$$Lambda+0x000002c722144ae8
# instanceKlass com/android/tools/r8/graph/m4$$Lambda+0x000002c7221448b8
# instanceKlass com/android/tools/r8/graph/m4$$Lambda+0x000002c722144688
# instanceKlass com/android/tools/r8/graph/m4$$Lambda+0x000002c722144458
# instanceKlass com/android/tools/r8/graph/m4$$Lambda+0x000002c722144228
# instanceKlass com/android/tools/r8/graph/m4$$Lambda+0x000002c722143ff8
# instanceKlass com/android/tools/r8/graph/m4$$Lambda+0x000002c722143dc8
instanceKlass  @bci com/android/tools/r8/graph/m4 a (Ljava/lang/String;Z)Lcom/android/tools/r8/internal/Q2; 136 <appendix> argL0 ; # com/android/tools/r8/graph/m4$$Lambda+0x000002c722143b98
instanceKlass com/android/tools/r8/graph/s5
instanceKlass com/android/tools/r8/graph/J3
instanceKlass com/android/tools/r8/dex/t
instanceKlass com/android/tools/r8/internal/Z30
# instanceKlass com/android/tools/r8/graph/s3$$Lambda+0x000002c722142f70
# instanceKlass com/android/tools/r8/graph/s3$$Lambda+0x000002c722142d20
# instanceKlass com/android/tools/r8/graph/s3$$Lambda+0x000002c722142ad0
# instanceKlass com/android/tools/r8/graph/s3$$Lambda+0x000002c722142880
# instanceKlass com/android/tools/r8/graph/s3$$Lambda+0x000002c722142630
# instanceKlass com/android/tools/r8/graph/s3$$Lambda+0x000002c7221423e0
# instanceKlass com/android/tools/r8/graph/s3$$Lambda+0x000002c722142190
# instanceKlass com/android/tools/r8/graph/s3$$Lambda+0x000002c722141f40
# instanceKlass com/android/tools/r8/graph/s3$$Lambda+0x000002c722141cf0
instanceKlass  @bci com/android/tools/r8/graph/s3 a ([Lcom/android/tools/r8/graph/g1;)V 1 <appendix> argL0 ; # com/android/tools/r8/graph/s3$$Lambda+0x000002c722141aa0
# instanceKlass com/android/tools/r8/graph/s3$$Lambda+0x000002c722141850
# instanceKlass com/android/tools/r8/graph/s3$$Lambda+0x000002c722141600
# instanceKlass com/android/tools/r8/graph/S4$$Lambda+0x000002c7221413c8
# instanceKlass com/android/tools/r8/graph/S4$$Lambda+0x000002c722141190
instanceKlass  @bci com/android/tools/r8/graph/S4 b ([Lcom/android/tools/r8/graph/j1;)V 76 <appendix> member <vmtarget> ; # com/android/tools/r8/graph/S4$$Lambda+0x000002c722140f58
instanceKlass com/android/tools/r8/internal/pv
# instanceKlass com/android/tools/r8/graph/s3$$Lambda+0x000002c722140b18
# instanceKlass com/android/tools/r8/graph/s3$$Lambda+0x000002c7221408e0
# instanceKlass com/android/tools/r8/graph/s3$$Lambda+0x000002c7221406a8
# instanceKlass com/android/tools/r8/graph/s3$$Lambda+0x000002c722140470
# instanceKlass com/android/tools/r8/graph/s3$$Lambda+0x000002c722140238
# instanceKlass com/android/tools/r8/graph/s3$$Lambda+0x000002c722140000
# instanceKlass com/android/tools/r8/graph/s3$$Lambda+0x000002c722139400
# instanceKlass com/android/tools/r8/graph/s3$$Lambda+0x000002c722139dc0
# instanceKlass com/android/tools/r8/graph/s3$$Lambda+0x000002c722139b88
instanceKlass  @bci com/android/tools/r8/graph/s3 a ([Lcom/android/tools/r8/graph/g1;Ljava/util/function/Predicate;)V 45 <appendix> member <vmtarget> ; # com/android/tools/r8/graph/s3$$Lambda+0x000002c72213bdb0
instanceKlass com/android/tools/r8/graph/G2
instanceKlass com/android/tools/r8/graph/m1
instanceKlass com/android/tools/r8/internal/a4
# instanceKlass com/android/tools/r8/graph/s3$$Lambda+0x000002c72213ab98
instanceKlass  @bci com/android/tools/r8/graph/r4 a (Ljava/lang/String;ZLjava/util/List;Lcom/android/tools/r8/graph/k4;Ljava/util/function/BiFunction;)Lcom/android/tools/r8/graph/l4; 60 <adapter> ; # java/lang/invoke/LambdaForm$MH+0x000002c722139000
instanceKlass  @bci com/android/tools/r8/graph/s3 b ([Lcom/android/tools/r8/graph/g1;)V 1 <appendix> argL0 ; # com/android/tools/r8/graph/s3$$Lambda+0x000002c72213a948
# instanceKlass java/lang/invoke/LambdaForm$DMH+0x000002c722138c00
instanceKlass  @bci com/android/tools/r8/graph/r4 a (Ljava/lang/String;ZLjava/util/List;Lcom/android/tools/r8/graph/k4;Ljava/util/function/BiFunction;)Lcom/android/tools/r8/graph/l4; 60 <appendix> form vmentry <vmtarget> ; # java/lang/invoke/LambdaForm$DMH+0x000002c722138800
instanceKlass com/android/tools/r8/internal/v40
instanceKlass com/android/tools/r8/internal/k40
instanceKlass com/android/tools/r8/internal/p40
instanceKlass  @bci com/android/tools/r8/graph/r4 a (Ljava/lang/String;ZLjava/util/List;Lcom/android/tools/r8/graph/k4;Ljava/util/function/BiFunction;)Lcom/android/tools/r8/graph/l4; 60 <appendix> member <vmtarget> ; # com/android/tools/r8/graph/r4$$Lambda+0x000002c72213fbd0
# instanceKlass com/android/tools/r8/graph/R4$$Lambda+0x000002c72213f988
# instanceKlass com/android/tools/r8/graph/R4$$Lambda+0x000002c72213f528
instanceKlass  @bci com/android/tools/r8/graph/R4 a (Ljava/util/function/Consumer;Ljava/util/function/Predicate;)V 3 <appendix> member <vmtarget> ; # com/android/tools/r8/graph/R4$$Lambda+0x000002c72213f2e0
instanceKlass com/android/tools/r8/internal/b40
instanceKlass  @cpi com/android/tools/r8/graph/r4 95 form vmentry <vmtarget> ; # java/lang/invoke/LambdaForm$DMH+0x000002c722138400
# instanceKlass com/android/tools/r8/graph/S4$$Lambda+0x000002c72213e478
# instanceKlass com/android/tools/r8/graph/S4$$Lambda+0x000002c72213dc50
instanceKlass  @bci com/android/tools/r8/graph/S4 a ([Lcom/android/tools/r8/graph/j1;)V 76 <appendix> member <vmtarget> ; # com/android/tools/r8/graph/S4$$Lambda+0x000002c72213da18
instanceKlass com/android/tools/r8/internal/fE
instanceKlass  @bci com/android/tools/r8/graph/o4 a (Ljava/lang/String;Z)Lcom/android/tools/r8/internal/Q2; 220 <appendix> argL0 ; # com/android/tools/r8/graph/o4$$Lambda+0x000002c72213c000
instanceKlass  @cpi com/android/tools/r8/graph/n4 211 form vmentry <vmtarget> ; # java/lang/invoke/LambdaForm$DMH+0x000002c722138000
instanceKlass com/android/tools/r8/internal/B40
instanceKlass com/android/tools/r8/internal/d40
instanceKlass com/android/tools/r8/internal/Mt0
# instanceKlass com/android/tools/r8/graph/Q4$a$$Lambda+0x000002c722134358
# instanceKlass com/android/tools/r8/graph/Q4$a$$Lambda+0x000002c722134130
# instanceKlass com/android/tools/r8/graph/Q4$a$$Lambda+0x000002c722133f08
# instanceKlass com/android/tools/r8/graph/Q4$a$$Lambda+0x000002c722133ce0
# instanceKlass com/android/tools/r8/graph/Q4$a$$Lambda+0x000002c722133ab8
# instanceKlass com/android/tools/r8/graph/Q4$a$$Lambda+0x000002c722133890
# instanceKlass com/android/tools/r8/graph/Q4$a$$Lambda+0x000002c722133668
# instanceKlass com/android/tools/r8/graph/Q4$a$$Lambda+0x000002c722133440
# instanceKlass com/android/tools/r8/graph/Q4$a$$Lambda+0x000002c722133218
# instanceKlass com/android/tools/r8/graph/Q4$a$$Lambda+0x000002c722132ff0
# instanceKlass com/android/tools/r8/graph/Q4$a$$Lambda+0x000002c722132dc8
# instanceKlass com/android/tools/r8/graph/Q4$a$$Lambda+0x000002c722132ba0
# instanceKlass com/android/tools/r8/graph/Q4$a$$Lambda+0x000002c722132750
# instanceKlass com/android/tools/r8/graph/Q4$a$$Lambda+0x000002c722132978
# instanceKlass com/android/tools/r8/graph/Q4$a$$Lambda+0x000002c722132528
# instanceKlass com/android/tools/r8/graph/Q4$a$$Lambda+0x000002c7221320d8
instanceKlass  @bci com/android/tools/r8/graph/Q4$a a ([Lcom/android/tools/r8/graph/j1;[Lcom/android/tools/r8/graph/j1;)Lcom/android/tools/r8/graph/Q4$a; 2 <appendix> member <vmtarget> ; # com/android/tools/r8/graph/Q4$a$$Lambda+0x000002c722132300
# instanceKlass com/android/tools/r8/graph/Q4$a$$Lambda+0x000002c722131eb0
instanceKlass com/android/tools/r8/graph/Q4
instanceKlass com/android/tools/r8/graph/R4
# instanceKlass com/android/tools/r8/graph/q3$a$$Lambda+0x000002c722130f18
instanceKlass com/android/tools/r8/graph/Q4$a
# instanceKlass com/android/tools/r8/graph/q3$a$$Lambda+0x000002c722130cf0
# instanceKlass com/android/tools/r8/graph/q3$a$$Lambda+0x000002c722130ac8
# instanceKlass com/android/tools/r8/graph/q3$a$$Lambda+0x000002c7221308a0
# instanceKlass com/android/tools/r8/graph/q3$a$$Lambda+0x000002c722130678
# instanceKlass com/android/tools/r8/graph/q3$a$$Lambda+0x000002c722130450
# instanceKlass com/android/tools/r8/graph/q3$a$$Lambda+0x000002c722130228
# instanceKlass com/android/tools/r8/graph/q3$a$$Lambda+0x000002c722130000
# instanceKlass com/android/tools/r8/graph/q3$a$$Lambda+0x000002c72212dcf0
# instanceKlass com/android/tools/r8/graph/q3$a$$Lambda+0x000002c72212dac8
# instanceKlass com/android/tools/r8/graph/q3$a$$Lambda+0x000002c72212d8a0
# instanceKlass com/android/tools/r8/graph/q3$a$$Lambda+0x000002c72212d678
# instanceKlass com/android/tools/r8/graph/q3$a$$Lambda+0x000002c72212d450
# instanceKlass com/android/tools/r8/graph/q3$a$$Lambda+0x000002c72212d228
# instanceKlass com/android/tools/r8/graph/q3$a$$Lambda+0x000002c72212d000
# instanceKlass com/android/tools/r8/graph/q3$a$$Lambda+0x000002c72212fca0
# instanceKlass com/android/tools/r8/graph/q3$a$$Lambda+0x000002c72212fa78
instanceKlass  @bci com/android/tools/r8/graph/q3$a a ([Lcom/android/tools/r8/graph/g1;[Lcom/android/tools/r8/graph/g1;)Lcom/android/tools/r8/graph/q3$a; 2 <appendix> member <vmtarget> ; # com/android/tools/r8/graph/q3$a$$Lambda+0x000002c72212f850
instanceKlass com/android/tools/r8/graph/q3
instanceKlass com/android/tools/r8/graph/r3
instanceKlass com/android/tools/r8/graph/q3$a
# instanceKlass com/android/tools/r8/graph/m4$$Lambda+0x000002c72212e418
# instanceKlass com/android/tools/r8/graph/m4$$Lambda+0x000002c72212e1f8
# instanceKlass com/android/tools/r8/graph/m4$$Lambda+0x000002c722123310
# instanceKlass com/android/tools/r8/graph/m4$$Lambda+0x000002c7221230f0
# instanceKlass com/android/tools/r8/graph/m4$$Lambda+0x000002c722122cb0
# instanceKlass com/android/tools/r8/graph/m4$$Lambda+0x000002c722122ed0
# instanceKlass com/android/tools/r8/graph/m4$$Lambda+0x000002c722122a90
# instanceKlass com/android/tools/r8/graph/m4$$Lambda+0x000002c722122870
# instanceKlass com/android/tools/r8/graph/m4$$Lambda+0x000002c722122650
# instanceKlass com/android/tools/r8/graph/m4$$Lambda+0x000002c722122430
# instanceKlass com/android/tools/r8/graph/m4$$Lambda+0x000002c722122210
# instanceKlass com/android/tools/r8/graph/m4$$Lambda+0x000002c722121ff0
# instanceKlass com/android/tools/r8/graph/m4$$Lambda+0x000002c722121dd0
# instanceKlass com/android/tools/r8/graph/m4$$Lambda+0x000002c722121bb0
# instanceKlass com/android/tools/r8/graph/m4$$Lambda+0x000002c722121990
# instanceKlass com/android/tools/r8/graph/m4$$Lambda+0x000002c722121550
# instanceKlass com/android/tools/r8/graph/m4$$Lambda+0x000002c722121770
instanceKlass  @bci com/android/tools/r8/graph/m4 a (Lcom/android/tools/r8/graph/V;)Lcom/android/tools/r8/graph/H2$a; 52 <appendix> argL0 ; # com/android/tools/r8/graph/m4$$Lambda+0x000002c722121330
instanceKlass  @cpi com/android/tools/r8/graph/m4 759 form vmentry <vmtarget> ; # java/lang/invoke/LambdaForm$DMH+0x000002c722128800
# instanceKlass java/lang/invoke/LambdaForm$DMH+0x000002c722124000
instanceKlass com/android/tools/r8/internal/Wt0
instanceKlass com/android/tools/r8/graph/j1$a
instanceKlass com/android/tools/r8/internal/Qm0
instanceKlass com/android/tools/r8/internal/G8
instanceKlass com/android/tools/r8/internal/Mu
instanceKlass com/android/tools/r8/internal/sE
instanceKlass com/android/tools/r8/internal/hd
instanceKlass com/android/tools/r8/internal/JT
instanceKlass com/android/tools/r8/naming/V$c
instanceKlass com/android/tools/r8/internal/q70
instanceKlass com/android/tools/r8/internal/q70$a
instanceKlass com/android/tools/r8/internal/HX
instanceKlass com/android/tools/r8/graph/G3$h
instanceKlass com/android/tools/r8/graph/G3$g
instanceKlass com/android/tools/r8/androidapi/g
instanceKlass com/android/tools/r8/androidapi/e
instanceKlass com/android/tools/r8/kotlin/a0
instanceKlass com/android/tools/r8/kotlin/d0
instanceKlass com/android/tools/r8/kotlin/o
instanceKlass com/android/tools/r8/internal/eu
instanceKlass com/android/tools/r8/internal/jK
instanceKlass com/android/tools/r8/internal/i0
instanceKlass com/android/tools/r8/internal/v6
instanceKlass com/android/tools/r8/internal/rM
instanceKlass com/android/tools/r8/shaking/g3
instanceKlass com/android/tools/r8/kotlin/b0
instanceKlass com/android/tools/r8/internal/Gt
instanceKlass com/android/tools/r8/graph/g1$a
instanceKlass com/android/tools/r8/kotlin/F
instanceKlass com/android/tools/r8/kotlin/P
instanceKlass com/android/tools/r8/shaking/g0
instanceKlass com/android/tools/r8/internal/Hw
instanceKlass com/android/tools/r8/internal/yW
instanceKlass com/android/tools/r8/androidapi/f
instanceKlass com/android/tools/r8/internal/rv
instanceKlass com/android/tools/r8/graph/P
instanceKlass com/android/tools/r8/internal/fm
instanceKlass com/android/tools/r8/internal/NZ
instanceKlass com/android/tools/r8/internal/dd0
instanceKlass com/android/tools/r8/internal/ed0
instanceKlass com/android/tools/r8/internal/hs0
instanceKlass com/android/tools/r8/internal/md0
instanceKlass com/android/tools/r8/internal/Y9
instanceKlass com/android/tools/r8/internal/sv
instanceKlass com/android/tools/r8/graph/h4
# instanceKlass com/android/tools/r8/graph/k4$$Lambda+0x000002c72210e248
# instanceKlass com/android/tools/r8/graph/k4$$Lambda+0x000002c72210e490
# instanceKlass com/android/tools/r8/graph/k4$$Lambda+0x000002c72210e000
# instanceKlass com/android/tools/r8/graph/k4$$Lambda+0x000002c722107d68
# instanceKlass com/android/tools/r8/graph/k4$$Lambda+0x000002c722107b20
# instanceKlass com/android/tools/r8/graph/k4$$Lambda+0x000002c7221078d8
# instanceKlass com/android/tools/r8/graph/k4$$Lambda+0x000002c722107690
# instanceKlass com/android/tools/r8/graph/k4$$Lambda+0x000002c722106fb8
# instanceKlass com/android/tools/r8/graph/k4$$Lambda+0x000002c722107448
# instanceKlass com/android/tools/r8/graph/k4$$Lambda+0x000002c722107200
# instanceKlass com/android/tools/r8/graph/k4$$Lambda+0x000002c722106b28
# instanceKlass com/android/tools/r8/graph/k4$$Lambda+0x000002c722106d70
# instanceKlass com/android/tools/r8/graph/k4$$Lambda+0x000002c7221068e0
# instanceKlass com/android/tools/r8/graph/k4$$Lambda+0x000002c722106450
# instanceKlass com/android/tools/r8/graph/k4$$Lambda+0x000002c722106698
# instanceKlass com/android/tools/r8/graph/k4$$Lambda+0x000002c722106208
# instanceKlass com/android/tools/r8/graph/k4$$Lambda+0x000002c722105fc0
instanceKlass  @bci com/android/tools/r8/graph/k4 d (Ljava/lang/String;)Lcom/android/tools/r8/graph/L2; 17 <appendix> member <vmtarget> ; # com/android/tools/r8/graph/k4$$Lambda+0x000002c722105d78
instanceKlass  @cpi com/android/tools/r8/internal/x5 97 form vmentry <vmtarget> ; # java/lang/invoke/LambdaForm$DMH+0x000002c722108000
# instanceKlass com/android/tools/r8/graph/k4$$Lambda+0x000002c722105930
instanceKlass com/android/tools/r8/internal/vf0
# instanceKlass com/android/tools/r8/graph/k4$$Lambda+0x000002c7221056f0
# instanceKlass com/android/tools/r8/graph/k4$$Lambda+0x000002c7221054b0
# instanceKlass com/android/tools/r8/graph/k4$$Lambda+0x000002c722105270
# instanceKlass com/android/tools/r8/graph/k4$$Lambda+0x000002c722104df0
# instanceKlass com/android/tools/r8/graph/k4$$Lambda+0x000002c722105030
# instanceKlass com/android/tools/r8/graph/k4$$Lambda+0x000002c722104bb0
# instanceKlass com/android/tools/r8/graph/k4$$Lambda+0x000002c722104970
# instanceKlass com/android/tools/r8/graph/k4$$Lambda+0x000002c722104730
# instanceKlass com/android/tools/r8/graph/k4$$Lambda+0x000002c7221044f0
# instanceKlass com/android/tools/r8/graph/k4$$Lambda+0x000002c7221042b0
# instanceKlass com/android/tools/r8/graph/k4$$Lambda+0x000002c722104070
# instanceKlass com/android/tools/r8/graph/k4$$Lambda+0x000002c722103e30
# instanceKlass com/android/tools/r8/graph/k4$$Lambda+0x000002c7221039b0
# instanceKlass com/android/tools/r8/graph/k4$$Lambda+0x000002c722103bf0
# instanceKlass com/android/tools/r8/graph/k4$$Lambda+0x000002c722103770
# instanceKlass com/android/tools/r8/graph/k4$$Lambda+0x000002c722103530
instanceKlass  @bci com/android/tools/r8/graph/k4 a (Ljava/lang/String;)Lcom/android/tools/r8/internal/qu0; 5 <appendix> argL0 ; # com/android/tools/r8/graph/k4$$Lambda+0x000002c7221032f0
instanceKlass com/android/tools/r8/internal/qu0
# instanceKlass com/android/tools/r8/internal/Rb$$Lambda+0x000002c722102ec0
# instanceKlass com/android/tools/r8/internal/Rb$$Lambda+0x000002c722102ca0
# instanceKlass com/android/tools/r8/internal/Rb$$Lambda+0x000002c722102a80
# instanceKlass com/android/tools/r8/internal/Rb$$Lambda+0x000002c722102860
# instanceKlass com/android/tools/r8/internal/Rb$$Lambda+0x000002c722102640
# instanceKlass com/android/tools/r8/internal/Rb$$Lambda+0x000002c722102420
# instanceKlass com/android/tools/r8/internal/Rb$$Lambda+0x000002c722102200
# instanceKlass com/android/tools/r8/internal/Rb$$Lambda+0x000002c722101fe0
# instanceKlass com/android/tools/r8/internal/Rb$$Lambda+0x000002c722101dc0
# instanceKlass com/android/tools/r8/internal/Rb$$Lambda+0x000002c722101ba0
# instanceKlass com/android/tools/r8/internal/Rb$$Lambda+0x000002c722101980
# instanceKlass com/android/tools/r8/internal/Rb$$Lambda+0x000002c722101760
# instanceKlass com/android/tools/r8/internal/Rb$$Lambda+0x000002c722101540
# instanceKlass com/android/tools/r8/internal/Rb$$Lambda+0x000002c722101320
# instanceKlass com/android/tools/r8/internal/Rb$$Lambda+0x000002c722101100
# instanceKlass com/android/tools/r8/internal/Rb$$Lambda+0x000002c722100ee0
# instanceKlass com/android/tools/r8/internal/Rb$$Lambda+0x000002c722100aa0
# instanceKlass com/android/tools/r8/internal/Rb$$Lambda+0x000002c722100cc0
instanceKlass  @bci com/android/tools/r8/internal/Rb a (Lcom/android/tools/r8/internal/Jr0;)V 9 <appendix> argL0 ; # com/android/tools/r8/internal/Rb$$Lambda+0x000002c722100880
# instanceKlass com/android/tools/r8/internal/Rb$$Lambda+0x000002c722100660
# instanceKlass com/android/tools/r8/internal/Rb$$Lambda+0x000002c722100440
# instanceKlass com/android/tools/r8/internal/Rb$$Lambda+0x000002c722100220
# instanceKlass com/android/tools/r8/internal/Rb$$Lambda+0x000002c722100000
# instanceKlass com/android/tools/r8/internal/Rb$$Lambda+0x000002c7220bc400
# instanceKlass com/android/tools/r8/internal/Rb$$Lambda+0x000002c7220bcc40
# instanceKlass com/android/tools/r8/internal/Rb$$Lambda+0x000002c7220bca20
# instanceKlass com/android/tools/r8/internal/Rb$$Lambda+0x000002c7220bdca0
# instanceKlass com/android/tools/r8/internal/Rb$$Lambda+0x000002c7220bc800
# instanceKlass com/android/tools/r8/internal/Rb$$Lambda+0x000002c7220bda80
instanceKlass  @bci com/android/tools/r8/internal/Rb a (Lcom/android/tools/r8/internal/Jr0;)V 1 <appendix> argL0 ; # com/android/tools/r8/internal/Rb$$Lambda+0x000002c7220bd860
# instanceKlass com/android/tools/r8/internal/Rb$$Lambda+0x000002c7220bd640
instanceKlass java/util/function/ToIntFunction
# instanceKlass com/android/tools/r8/internal/Rb$$Lambda+0x000002c7220bd420
# instanceKlass com/android/tools/r8/internal/Rb$$Lambda+0x000002c7220bd000
instanceKlass com/android/tools/r8/internal/Fr0
# instanceKlass com/android/tools/r8/internal/Rb$$Lambda+0x000002c7220bfdc0
# instanceKlass com/android/tools/r8/internal/Rb$$Lambda+0x000002c7220bfba0
# instanceKlass com/android/tools/r8/internal/Rb$$Lambda+0x000002c7220bf980
# instanceKlass com/android/tools/r8/internal/Rb$$Lambda+0x000002c7220bf760
# instanceKlass com/android/tools/r8/internal/Rb$$Lambda+0x000002c7220bf540
# instanceKlass com/android/tools/r8/internal/Rb$$Lambda+0x000002c7220bf320
# instanceKlass com/android/tools/r8/internal/Rb$$Lambda+0x000002c7220bf100
# instanceKlass com/android/tools/r8/internal/Rb$$Lambda+0x000002c7220beee0
# instanceKlass com/android/tools/r8/internal/Rb$$Lambda+0x000002c7220becc0
# instanceKlass com/android/tools/r8/internal/Rb$$Lambda+0x000002c7220beaa0
# instanceKlass com/android/tools/r8/internal/Rb$$Lambda+0x000002c7220be660
# instanceKlass com/android/tools/r8/internal/Rb$$Lambda+0x000002c7220be880
# instanceKlass com/android/tools/r8/internal/Rb$$Lambda+0x000002c7220be440
# instanceKlass com/android/tools/r8/internal/Rb$$Lambda+0x000002c7220be220
# instanceKlass com/android/tools/r8/internal/Rb$$Lambda+0x000002c7220be000
instanceKlass  @bci com/android/tools/r8/internal/Rb m ()Lcom/android/tools/r8/internal/Hr0; 0 <appendix> argL0 ; # com/android/tools/r8/internal/Rb$$Lambda+0x000002c7220bbdc8
instanceKlass  @bci com/android/tools/r8/internal/kx <init> (Lcom/android/tools/r8/internal/QJ$o;Lcom/android/tools/r8/internal/f00;)V 117 <bsm> form vmentry <vmtarget> ; # java/lang/invoke/LambdaForm$DMH+0x000002c7220bc000
instanceKlass com/android/tools/r8/internal/Hr0
# instanceKlass com/android/tools/r8/internal/xj$$Lambda+0x000002c7220bb740
# instanceKlass com/android/tools/r8/internal/xj$$Lambda+0x000002c7220bb520
# instanceKlass com/android/tools/r8/internal/xj$$Lambda+0x000002c7220bb300
# instanceKlass com/android/tools/r8/internal/xj$$Lambda+0x000002c7220bb0e0
# instanceKlass com/android/tools/r8/internal/xj$$Lambda+0x000002c7220baec0
# instanceKlass com/android/tools/r8/internal/xj$$Lambda+0x000002c7220baca0
# instanceKlass com/android/tools/r8/internal/xj$$Lambda+0x000002c7220baa80
# instanceKlass com/android/tools/r8/internal/xj$$Lambda+0x000002c7220ba860
# instanceKlass com/android/tools/r8/internal/xj$$Lambda+0x000002c7220ba640
# instanceKlass com/android/tools/r8/internal/xj$$Lambda+0x000002c7220ba200
# instanceKlass com/android/tools/r8/internal/xj$$Lambda+0x000002c7220ba420
# instanceKlass com/android/tools/r8/internal/xj$$Lambda+0x000002c7220b9fe0
# instanceKlass com/android/tools/r8/internal/xj$$Lambda+0x000002c7220b9dc0
# instanceKlass com/android/tools/r8/internal/xj$$Lambda+0x000002c7220b9ba0
# instanceKlass com/android/tools/r8/internal/xj$$Lambda+0x000002c7220b9980
# instanceKlass com/android/tools/r8/internal/xj$$Lambda+0x000002c7220b9760
# instanceKlass com/android/tools/r8/internal/xj$$Lambda+0x000002c7220b9540
instanceKlass  @bci com/android/tools/r8/internal/xj a (Lcom/android/tools/r8/internal/Gr0;Lcom/android/tools/r8/internal/Gr0;Lcom/android/tools/r8/internal/Er0;)I 7 <appendix> argL0 ; # com/android/tools/r8/internal/xj$$Lambda+0x000002c7220b9320
# instanceKlass com/android/tools/r8/internal/xj$$Lambda+0x000002c7220b9100
# instanceKlass com/android/tools/r8/internal/xj$$Lambda+0x000002c7220b8ee0
# instanceKlass com/android/tools/r8/internal/xj$$Lambda+0x000002c7220b8cc0
# instanceKlass com/android/tools/r8/internal/xj$$Lambda+0x000002c7220b8aa0
# instanceKlass com/android/tools/r8/internal/xj$$Lambda+0x000002c7220b8880
# instanceKlass com/android/tools/r8/internal/xj$$Lambda+0x000002c7220b8660
# instanceKlass com/android/tools/r8/internal/xj$$Lambda+0x000002c7220b8440
# instanceKlass com/android/tools/r8/internal/xj$$Lambda+0x000002c7220b8220
# instanceKlass com/android/tools/r8/internal/xj$$Lambda+0x000002c7220b8000
# instanceKlass com/android/tools/r8/internal/xj$$Lambda+0x000002c7220b4400
# instanceKlass com/android/tools/r8/internal/xj$$Lambda+0x000002c7220b4c40
# instanceKlass com/android/tools/r8/internal/xj$$Lambda+0x000002c7220b4a20
# instanceKlass com/android/tools/r8/internal/xj$$Lambda+0x000002c7220b4800
# instanceKlass com/android/tools/r8/internal/xj$$Lambda+0x000002c7220b5c88
# instanceKlass com/android/tools/r8/internal/xj$$Lambda+0x000002c7220b5848
# instanceKlass com/android/tools/r8/internal/xj$$Lambda+0x000002c7220b5a68
# instanceKlass com/android/tools/r8/internal/xj$$Lambda+0x000002c7220b5628
instanceKlass  @bci com/android/tools/r8/internal/xj a (Lcom/android/tools/r8/internal/Gr0;Lcom/android/tools/r8/internal/Gr0;Lcom/android/tools/r8/internal/Er0;)I 1 <appendix> argL0 ; # com/android/tools/r8/internal/xj$$Lambda+0x000002c7220b5408
instanceKlass com/android/tools/r8/internal/zg0
instanceKlass com/android/tools/r8/internal/xj
# instanceKlass com/android/tools/r8/internal/Gr0$$Lambda+0x000002c7220b7dc0
# instanceKlass com/android/tools/r8/internal/Gr0$$Lambda+0x000002c7220b7ba0
# instanceKlass com/android/tools/r8/internal/Gr0$$Lambda+0x000002c7220b7980
# instanceKlass com/android/tools/r8/internal/Gr0$$Lambda+0x000002c7220b7760
# instanceKlass com/android/tools/r8/internal/Gr0$$Lambda+0x000002c7220b7540
# instanceKlass com/android/tools/r8/internal/Gr0$$Lambda+0x000002c7220b7320
# instanceKlass com/android/tools/r8/internal/Gr0$$Lambda+0x000002c7220b7100
# instanceKlass com/android/tools/r8/internal/Gr0$$Lambda+0x000002c7220b6ee0
# instanceKlass com/android/tools/r8/internal/Gr0$$Lambda+0x000002c7220b6aa0
# instanceKlass com/android/tools/r8/internal/Gr0$$Lambda+0x000002c7220b6cc0
# instanceKlass com/android/tools/r8/internal/Gr0$$Lambda+0x000002c7220b6880
# instanceKlass com/android/tools/r8/internal/Gr0$$Lambda+0x000002c7220b6660
# instanceKlass com/android/tools/r8/internal/Gr0$$Lambda+0x000002c7220b6440
# instanceKlass com/android/tools/r8/internal/Gr0$$Lambda+0x000002c7220b6220
# instanceKlass com/android/tools/r8/internal/Gr0$$Lambda+0x000002c7220b6000
# instanceKlass com/android/tools/r8/internal/Gr0$$Lambda+0x000002c7220a9c68
# instanceKlass com/android/tools/r8/internal/Gr0$$Lambda+0x000002c7220a9a48
instanceKlass  @bci com/android/tools/r8/internal/Gr0 a (Lcom/android/tools/r8/internal/Gr0;)I 7 <appendix> argL0 ; # com/android/tools/r8/internal/Gr0$$Lambda+0x000002c7220a9828
instanceKlass  @cpi com/android/tools/r8/internal/Jr0 84 form vmentry <vmtarget> ; # java/lang/invoke/LambdaForm$DMH+0x000002c7220a8c00
instanceKlass com/android/tools/r8/internal/Er0
instanceKlass com/android/tools/r8/internal/ji
instanceKlass com/android/tools/r8/graph/c4
instanceKlass com/android/tools/r8/graph/G3$i
instanceKlass com/android/tools/r8/graph/G3
instanceKlass com/android/tools/r8/graph/q4
instanceKlass com/android/tools/r8/internal/hx
instanceKlass com/android/tools/r8/internal/rY
instanceKlass  @bci com/android/tools/r8/internal/Gs0 awaitFutures (Ljava/util/List;)V 1 <appendix> argL0 ; # com/android/tools/r8/internal/Gs0$$Lambda+0x000002c7220ae948
instanceKlass com/android/tools/r8/internal/Q2
instanceKlass com/android/tools/r8/internal/x60
instanceKlass com/android/tools/r8/internal/Zc0
instanceKlass com/android/tools/r8/internal/DR
instanceKlass com/android/tools/r8/internal/M4
instanceKlass com/android/tools/r8/internal/de
# instanceKlass com/android/tools/r8/internal/xv$$Lambda+0x000002c7220ad368
# instanceKlass com/android/tools/r8/internal/xv$$Lambda+0x000002c7220ad140
# instanceKlass com/android/tools/r8/internal/xv$$Lambda+0x000002c7220acf18
# instanceKlass com/android/tools/r8/internal/xv$$Lambda+0x000002c7220accf0
# instanceKlass com/android/tools/r8/internal/xv$$Lambda+0x000002c7220acac8
instanceKlass  @bci com/android/tools/r8/internal/xv a (Lcom/android/tools/r8/origin/Origin;Lcom/android/tools/r8/position/Position;Ljava/lang/Runnable;)V 2 <appendix> member <vmtarget> ; # com/android/tools/r8/internal/xv$$Lambda+0x000002c7220ac8a0
# instanceKlass com/android/tools/r8/graph/r4$$Lambda+0x000002c7220ac678
# instanceKlass com/android/tools/r8/graph/r4$$Lambda+0x000002c7220ac450
# instanceKlass com/android/tools/r8/graph/r4$$Lambda+0x000002c7220ac228
instanceKlass  @bci com/android/tools/r8/graph/r4 b (Lcom/android/tools/r8/origin/Origin;[B)V 4 <appendix> member <vmtarget> ; # com/android/tools/r8/graph/r4$$Lambda+0x000002c7220ac000
instanceKlass java/util/concurrent/ForkJoinPool$DefaultForkJoinWorkerThreadFactory$1
instanceKlass jdk/internal/util/random/RandomSupport
instanceKlass java/util/Random
instanceKlass java/util/random/RandomGenerator
instanceKlass java/util/concurrent/ForkJoinTask$Aux
instanceKlass java/util/concurrent/ForkJoinTask
instanceKlass java/util/concurrent/RunnableFuture
instanceKlass java/util/concurrent/Future
instanceKlass  @bci com/android/tools/r8/internal/ss0 b (Lcom/android/tools/r8/internal/Ns0;)V 2 <appendix> member <vmtarget> ; # com/android/tools/r8/internal/ss0$$Lambda+0x000002c7220a7c20
instanceKlass java/util/concurrent/Callable
instanceKlass  @bci com/android/tools/r8/dex/a a (Ljava/util/ArrayList;Ljava/util/concurrent/ConcurrentLinkedQueue;)V 72 <appendix> member <vmtarget> ; # com/android/tools/r8/dex/a$$Lambda+0x000002c7220a79f8
instanceKlass com/android/tools/r8/internal/Ns0
instanceKlass  @bci com/android/tools/r8/graph/V <clinit> ()V 53 <appendix> argL0 ; # com/android/tools/r8/graph/V$$Lambda+0x000002c7220a75a8
instanceKlass  @bci com/android/tools/r8/graph/V <clinit> ()V 48 <appendix> argL0 ; # com/android/tools/r8/graph/V$$Lambda+0x000002c7220a7388
instanceKlass  @bci com/android/tools/r8/graph/V <clinit> ()V 31 <appendix> argL0 ; # com/android/tools/r8/graph/V$$Lambda+0x000002c7220a7138
instanceKlass  @bci com/android/tools/r8/graph/V <clinit> ()V 26 <appendix> argL0 ; # com/android/tools/r8/graph/V$$Lambda+0x000002c7220a6ac8
instanceKlass  @bci com/android/tools/r8/graph/V <clinit> ()V 9 <appendix> argL0 ; # com/android/tools/r8/graph/V$$Lambda+0x000002c7220a6878
instanceKlass  @cpi com/android/tools/r8/internal/kx 101 form vmentry <vmtarget> ; # java/lang/invoke/LambdaForm$DMH+0x000002c7220a8800
instanceKlass  @bci com/android/tools/r8/graph/V <clinit> ()V 4 <appendix> argL0 ; # com/android/tools/r8/graph/V$$Lambda+0x000002c7220a6658
instanceKlass  @cpi com/android/tools/r8/graph/V 75 form vmentry <vmtarget> ; # java/lang/invoke/LambdaForm$DMH+0x000002c7220a8400
# instanceKlass java/lang/invoke/LambdaForm$DMH+0x000002c7220a8000
instanceKlass com/android/tools/r8/synthesis/K
instanceKlass com/android/tools/r8/graph/H2$a
instanceKlass com/android/tools/r8/graph/G3$b
instanceKlass com/android/tools/r8/graph/G3$d
instanceKlass com/android/tools/r8/graph/i3
instanceKlass com/android/tools/r8/graph/r5
instanceKlass com/android/tools/r8/graph/U
instanceKlass com/android/tools/r8/graph/V
instanceKlass  @bci com/android/tools/r8/dex/a a (Ljava/util/ArrayList;Ljava/util/concurrent/ConcurrentLinkedQueue;)V 28 <appendix> member <vmtarget> ; # com/android/tools/r8/dex/a$$Lambda+0x000002c7220a4438
instanceKlass com/android/tools/r8/graph/r4
instanceKlass java/io/RandomAccessFile$1
instanceKlass com/android/tools/r8/internal/P40
instanceKlass com/android/tools/r8/ProgramResource
instanceKlass com/android/tools/r8/internal/kK
instanceKlass com/android/tools/r8/internal/d8
instanceKlass  @bci com/android/tools/r8/dex/a b ()V 8 <appendix> member <vmtarget> ; # com/android/tools/r8/dex/a$$Lambda+0x000002c7220a26b8
instanceKlass com/android/tools/r8/internal/YJ
instanceKlass com/android/tools/r8/internal/RJ
instanceKlass com/android/tools/r8/graph/k4
instanceKlass com/android/tools/r8/graph/y0
instanceKlass java/util/concurrent/ConcurrentLinkedQueue$Node
instanceKlass com/android/tools/r8/internal/ce
instanceKlass com/android/tools/r8/internal/S0
instanceKlass com/android/tools/r8/internal/lU
instanceKlass com/android/tools/r8/internal/tZ
instanceKlass com/android/tools/r8/graph/B
instanceKlass com/android/tools/r8/dex/m
instanceKlass com/android/tools/r8/dex/a
instanceKlass com/android/tools/r8/internal/ss0
instanceKlass java/util/concurrent/atomic/AtomicReference
instanceKlass com/android/tools/r8/graph/c0
instanceKlass com/android/tools/r8/graph/c1
instanceKlass com/android/tools/r8/dex/c
instanceKlass com/android/tools/r8/internal/jt0
instanceKlass com/android/tools/r8/internal/at0
instanceKlass  @bci com/android/tools/r8/D8 a (Lcom/android/tools/r8/utils/i;Lcom/android/tools/r8/internal/QJ;)V 12 <appendix> member <vmtarget> ; # com/android/tools/r8/D8$$Lambda+0x000002c72209a668
instanceKlass  @cpi com/android/tools/r8/internal/sB 743 form vmentry <vmtarget> ; # java/lang/invoke/LambdaForm$DMH+0x000002c722098400
instanceKlass java/util/concurrent/ForkJoinPool$2
instanceKlass jdk/internal/access/JavaUtilConcurrentFJPAccess
instanceKlass jdk/internal/vm/ThreadContainers
instanceKlass java/util/concurrent/ForkJoinPool$DefaultForkJoinWorkerThreadFactory
instanceKlass jdk/internal/vm/StackableScope
instanceKlass java/util/concurrent/ForkJoinPool$WorkQueue
instanceKlass java/util/concurrent/ForkJoinPool$ForkJoinWorkerThreadFactory
instanceKlass java/util/concurrent/AbstractExecutorService
instanceKlass java/util/concurrent/Executors
instanceKlass com/android/tools/r8/internal/Gs0
instanceKlass com/android/tools/r8/threading/ThreadingModule
instanceKlass com/android/tools/r8/threading/providers/blocking/ThreadingModuleBlockingProvider
instanceKlass com/android/tools/r8/threading/ThreadingModuleProvider
instanceKlass com/android/tools/r8/threading/a
instanceKlass com/android/tools/r8/internal/Fs0
instanceKlass com/android/tools/r8/internal/cI
instanceKlass com/android/tools/r8/internal/oU
instanceKlass  @bci com/android/tools/r8/BaseCompilerCommand a (Lcom/android/tools/r8/internal/At$a;)V 108 <appendix> argL0 ; # com/android/tools/r8/BaseCompilerCommand$$Lambda+0x000002c72209f100
instanceKlass com/android/tools/r8/internal/s4
instanceKlass com/android/tools/r8/internal/Q80
instanceKlass  @bci com/android/tools/r8/internal/At$a c ()Lcom/android/tools/r8/internal/At$a; 5 <appendix> member <vmtarget> ; # com/android/tools/r8/internal/At$a$$Lambda+0x000002c72209eaa0
instanceKlass  @bci com/android/tools/r8/internal/At$a b ()Ljava/util/Map; 16 <appendix> member <vmtarget> ; # com/android/tools/r8/internal/At$a$$Lambda+0x000002c72209e868
instanceKlass java/util/Collections$SynchronizedCollection
instanceKlass java/util/Properties$EntrySet
instanceKlass com/android/tools/r8/internal/At$a
instanceKlass com/android/tools/r8/internal/At
instanceKlass  @bci com/android/tools/r8/internal/O80 a (Lcom/android/tools/r8/ClassConflictResolver;Lcom/android/tools/r8/internal/yg0;)Lcom/android/tools/r8/dex/b; 2 <appendix> member <vmtarget> ; # com/android/tools/r8/internal/O80$$Lambda+0x000002c72209dbb0
instanceKlass com/android/tools/r8/dex/b
instanceKlass com/android/tools/r8/ClassConflictResolver
instanceKlass com/android/tools/r8/internal/rd
instanceKlass com/android/tools/r8/internal/dE
instanceKlass com/android/tools/r8/inspector/Inspector
instanceKlass com/android/tools/r8/AssertionsConfiguration$Builder
instanceKlass com/android/tools/r8/AssertionsConfiguration
instanceKlass com/android/tools/r8/internal/D4
instanceKlass  @bci com/android/tools/r8/D8Command b ()Lcom/android/tools/r8/internal/QJ; 295 <appendix> member <vmtarget> ; # com/android/tools/r8/D8Command$$Lambda+0x000002c72209c208
instanceKlass com/android/tools/r8/internal/yV
instanceKlass  @bci com/android/tools/r8/D8Command b ()Lcom/android/tools/r8/internal/QJ; 282 <appendix> argL0 ; # com/android/tools/r8/D8Command$$Lambda+0x000002c722097cc0
instanceKlass com/android/tools/r8/retrace/ProguardMapProducer
instanceKlass com/android/tools/r8/V
instanceKlass com/android/tools/r8/internal/UE
instanceKlass com/android/tools/r8/internal/tm0
instanceKlass com/android/tools/r8/internal/QJ$p$b
instanceKlass com/android/tools/r8/internal/QJ$p$a
instanceKlass  @bci com/android/tools/r8/internal/QJ$p <init> ()V 316 <appendix> argL0 ; # com/android/tools/r8/internal/QJ$p$$Lambda+0x000002c722096bc8
instanceKlass  @bci com/android/tools/r8/internal/QJ$p <init> ()V 274 <appendix> argL0 ; # com/android/tools/r8/internal/QJ$p$$Lambda+0x000002c7220969a8
instanceKlass com/android/tools/r8/internal/du0
instanceKlass  @bci com/android/tools/r8/internal/hi a ()Ljava/util/function/BiConsumer; 0 <appendix> argL0 ; # com/android/tools/r8/internal/hi$$Lambda+0x000002c722096578
instanceKlass  @cpi com/android/tools/r8/internal/N80 54 form vmentry <vmtarget> ; # java/lang/invoke/LambdaForm$DMH+0x000002c722098000
instanceKlass  @bci com/android/tools/r8/internal/QJ$p <init> ()V 248 <appendix> argL0 ; # com/android/tools/r8/internal/QJ$p$$Lambda+0x000002c722096338
instanceKlass com/android/tools/r8/graph/y
instanceKlass com/android/tools/r8/shaking/j2
instanceKlass com/android/tools/r8/shaking/u1
instanceKlass com/android/tools/r8/internal/fg0
instanceKlass com/android/tools/r8/internal/gg0
instanceKlass  @bci com/android/tools/r8/internal/QJ$p <init> ()V 228 <appendix> argL0 ; # com/android/tools/r8/internal/QJ$p$$Lambda+0x000002c722094c60
instanceKlass com/android/tools/r8/dex/t0
instanceKlass com/android/tools/r8/dex/Y
instanceKlass com/android/tools/r8/internal/AB
instanceKlass com/android/tools/r8/internal/s3
instanceKlass com/android/tools/r8/internal/CB
instanceKlass com/android/tools/r8/internal/u3
instanceKlass com/android/tools/r8/internal/QJ$p
instanceKlass  @bci com/android/tools/r8/internal/hi b ()Ljava/util/function/Consumer; 0 <appendix> argL0 ; # com/android/tools/r8/internal/hi$$Lambda+0x000002c722093b50
instanceKlass com/android/tools/r8/internal/hi
instanceKlass com/android/tools/r8/internal/xo0
instanceKlass com/android/tools/r8/internal/fc
instanceKlass com/android/tools/r8/internal/Yb0
instanceKlass com/android/tools/r8/tracereferences/i
instanceKlass com/android/tools/r8/internal/K70
instanceKlass  @bci com/android/tools/r8/internal/jp0 <init> (Lcom/android/tools/r8/internal/QJ;)V 77 <appendix> argL0 ; # com/android/tools/r8/internal/jp0$$Lambda+0x000002c722091388
instanceKlass  @bci com/android/tools/r8/internal/jp0 <init> (Lcom/android/tools/r8/internal/QJ;)V 72 <appendix> argL0 ; # com/android/tools/r8/internal/jp0$$Lambda+0x000002c722091148
instanceKlass com/android/tools/r8/internal/jp0
instanceKlass com/android/tools/r8/internal/v4
instanceKlass com/android/tools/r8/internal/QJ$j
instanceKlass com/android/tools/r8/internal/Gm
instanceKlass com/android/tools/r8/internal/ES
instanceKlass com/android/tools/r8/internal/QJ$e
instanceKlass com/android/tools/r8/internal/G2
instanceKlass com/android/tools/r8/internal/TJ
instanceKlass com/android/tools/r8/internal/td0
instanceKlass com/android/tools/r8/internal/QJ$n
instanceKlass com/android/tools/r8/internal/QJ$k
instanceKlass com/android/tools/r8/internal/fy0
instanceKlass com/android/tools/r8/internal/QJ$g
instanceKlass com/android/tools/r8/internal/rn0
instanceKlass com/android/tools/r8/internal/QJ$h
instanceKlass com/android/tools/r8/internal/QJ$d
instanceKlass com/android/tools/r8/internal/QJ$c
instanceKlass  @bci com/android/tools/r8/internal/ps0 a (Ljava/lang/String;)Z 21 <appendix> member <vmtarget> ; # com/android/tools/r8/internal/ps0$$Lambda+0x000002c72208e2f8
instanceKlass sun/util/logging/PlatformLogger
instanceKlass sun/util/logging/PlatformLogger$ConfigurableBridge$LoggerConfiguration
instanceKlass jdk/internal/logger/BootstrapLogger$RedirectedLoggers
instanceKlass jdk/internal/logger/LazyLoggers$LazyLoggerAccessor
instanceKlass jdk/internal/logger/LazyLoggers$LoggerAccessor
instanceKlass jdk/internal/logger/AbstractLoggerWrapper
instanceKlass java/util/ServiceLoader$ProviderImpl
instanceKlass java/util/ServiceLoader$Provider
instanceKlass java/util/ServiceLoader$1
instanceKlass sun/util/logging/internal/LoggingProviderImpl$LogManagerAccess
instanceKlass java/util/concurrent/CopyOnWriteArrayList$COWIterator
instanceKlass jdk/internal/loader/URLClassPath$1
instanceKlass java/lang/CompoundEnumeration
instanceKlass jdk/internal/loader/BuiltinClassLoader$1
instanceKlass java/util/Collections$EmptyEnumeration
instanceKlass java/util/ServiceLoader$3
instanceKlass java/util/ServiceLoader$2
instanceKlass java/util/ServiceLoader$LazyClassPathLookupIterator
instanceKlass java/util/Spliterators$1Adapter
instanceKlass java/util/Spliterators$ArraySpliterator
instanceKlass java/util/ServiceLoader$ModuleServicesLookupIterator
instanceKlass java/util/ServiceLoader
instanceKlass jdk/internal/logger/BootstrapLogger$DetectBackend$1
instanceKlass jdk/internal/logger/BootstrapLogger$DetectBackend
instanceKlass jdk/internal/logger/BootstrapLogger
instanceKlass sun/util/logging/PlatformLogger$ConfigurableBridge
instanceKlass sun/util/logging/PlatformLogger$Bridge
instanceKlass jdk/internal/logger/DefaultLoggerFinder$1
instanceKlass java/lang/System$LoggerFinder
instanceKlass jdk/internal/logger/LazyLoggers$LazyLoggerFactories
instanceKlass jdk/internal/logger/LazyLoggers$1
instanceKlass jdk/internal/logger/LazyLoggers
instanceKlass jdk/internal/event/EventHelper$ThreadTrackHolder
instanceKlass sun/net/www/MessageHeader
instanceKlass sun/net/www/protocol/jar/JarFileFactory
instanceKlass sun/net/www/protocol/jar/URLJarFile$URLJarFileCloseController
instanceKlass java/net/URLConnection
instanceKlass jdk/internal/loader/BuiltinClassLoader$2
instanceKlass com/android/tools/r8/internal/Yx0
instanceKlass com/android/tools/r8/Version
instanceKlass com/android/tools/r8/internal/QJ$b
instanceKlass com/android/tools/r8/internal/QJ$o
instanceKlass  @bci com/android/tools/r8/internal/ps0 a (Ljava/lang/String;Z)Z 7 <appendix> member <vmtarget> ; # com/android/tools/r8/internal/ps0$$Lambda+0x000002c72208d878
instanceKlass java/util/function/BooleanSupplier
instanceKlass com/android/tools/r8/internal/ps0
instanceKlass com/android/tools/r8/internal/T1
instanceKlass com/android/tools/r8/internal/QJ$l
instanceKlass  @bci com/android/tools/r8/internal/QJ <init> (Lcom/android/tools/r8/graph/u1;Lcom/android/tools/r8/internal/yg0;)V 355 <appendix> argL0 ; # com/android/tools/r8/internal/QJ$$Lambda+0x000002c72208cbc0
instanceKlass com/android/tools/r8/internal/UJ
instanceKlass java/lang/ProcessEnvironment$CheckedEntry
instanceKlass java/lang/ProcessEnvironment$CheckedEntrySet$1
instanceKlass java/lang/ProcessEnvironment$EntryComparator
instanceKlass java/lang/ProcessEnvironment$NameComparator
instanceKlass com/android/tools/r8/ResourceShrinkerConfiguration
instanceKlass java/util/concurrent/atomic/AtomicBoolean
instanceKlass com/android/tools/r8/internal/Ts
instanceKlass com/android/tools/r8/internal/Rb
instanceKlass com/android/tools/r8/internal/IL
instanceKlass com/android/tools/r8/graph/A4
instanceKlass com/android/tools/r8/graph/f0
instanceKlass com/android/tools/r8/graph/B4
instanceKlass com/android/tools/r8/graph/h0
instanceKlass com/android/tools/r8/graph/i4
instanceKlass com/android/tools/r8/graph/h
instanceKlass com/android/tools/r8/graph/J5
instanceKlass com/android/tools/r8/internal/QJ
instanceKlass com/android/tools/r8/shaking/R0
instanceKlass com/android/tools/r8/GlobalSyntheticsConsumer
instanceKlass com/android/tools/r8/synthesis/j
instanceKlass com/android/tools/r8/InputDependencyGraphConsumer
instanceKlass com/android/tools/r8/shaking/r3
instanceKlass java/util/IdentityHashMap$IdentityHashMapIterator
instanceKlass com/android/tools/r8/internal/oV
instanceKlass com/android/tools/r8/internal/pV
instanceKlass com/android/tools/r8/internal/rV
instanceKlass com/android/tools/r8/internal/kV
instanceKlass com/android/tools/r8/kotlin/f
instanceKlass com/android/tools/r8/kotlin/e
instanceKlass com/android/tools/r8/kotlin/d
instanceKlass java/util/stream/Sink$ChainedInt
instanceKlass java/util/stream/Sink$OfInt
instanceKlass java/util/function/IntConsumer
instanceKlass  @bci java/util/stream/Collectors uniqKeysMapMerger ()Ljava/util/function/BinaryOperator; 0 <appendix> argL0 ; # java/util/stream/Collectors$$Lambda+0x000002c722078b20
instanceKlass  @bci java/util/stream/Collectors uniqKeysMapAccumulator (Ljava/util/function/Function;Ljava/util/function/Function;)Ljava/util/function/BiConsumer; 2 <appendix> member <vmtarget> ; # java/util/stream/Collectors$$Lambda+0x000002c7220788e8
instanceKlass  @bci java/util/stream/Collectors toMap (Ljava/util/function/Function;Ljava/util/function/Function;)Ljava/util/stream/Collector; 4 <appendix> argL0 ; # java/util/stream/Collectors$$Lambda+0x000002c7220786c8
instanceKlass  @bci java/util/function/Function identity ()Ljava/util/function/Function; 0 <appendix> argL0 ; # java/util/function/Function$$Lambda+0x000002c722078488
instanceKlass  @bci com/android/tools/r8/kotlin/c <init> (Lcom/android/tools/r8/kotlin/b;)V 27 <appendix> member <vmtarget> ; # com/android/tools/r8/kotlin/c$$Lambda+0x000002c722087a58
instanceKlass  @bci java/util/stream/IntPipeline boxed ()Ljava/util/stream/Stream; 1 <appendix> argL0 ; # java/util/stream/IntPipeline$$Lambda+0x000002c722077d70
instanceKlass java/util/function/IntFunction
instanceKlass java/util/stream/Streams$RangeIntSpliterator
instanceKlass java/util/stream/IntStream
instanceKlass com/android/tools/r8/internal/Y0
instanceKlass com/android/tools/r8/kotlin/c
instanceKlass com/android/tools/r8/kotlin/b
instanceKlass java/util/stream/Sink$ChainedReference
instanceKlass java/util/stream/ReduceOps$AccumulatingSink
instanceKlass java/util/stream/TerminalSink
instanceKlass java/util/stream/Sink
instanceKlass java/util/stream/ReduceOps$Box
instanceKlass java/util/stream/ReduceOps$ReduceOp
instanceKlass java/util/stream/TerminalOp
instanceKlass java/util/stream/ReduceOps
instanceKlass  @bci java/util/stream/Collectors castingIdentity ()Ljava/util/function/Function; 0 <appendix> argL0 ; # java/util/stream/Collectors$$Lambda+0x800000042
instanceKlass  @bci java/util/stream/Collectors toSet ()Ljava/util/stream/Collector; 14 <appendix> argL0 ; # java/util/stream/Collectors$$Lambda+0x800000040
instanceKlass java/util/function/BinaryOperator
instanceKlass  @bci java/util/stream/Collectors toSet ()Ljava/util/stream/Collector; 9 <appendix> argL0 ; # java/util/stream/Collectors$$Lambda+0x800000039
instanceKlass java/util/function/BiConsumer
instanceKlass  @bci java/util/stream/Collectors toSet ()Ljava/util/stream/Collector; 4 <appendix> argL0 ; # java/util/stream/Collectors$$Lambda+0x800000045
instanceKlass java/util/stream/Collector
instanceKlass java/util/stream/Collectors
instanceKlass  @bci com/android/tools/r8/graph/u1 a ()Ljava/util/Set; 24 <appendix> member <vmtarget> ; # com/android/tools/r8/graph/u1$$Lambda+0x000002c722083a08
# instanceKlass java/lang/invoke/LambdaForm$MH+0x000002c722084000
instanceKlass sun/reflect/annotation/AnnotationParser
instanceKlass java/lang/Class$3
instanceKlass java/util/EnumMap$1
instanceKlass java/util/stream/StreamOpFlag$MaskBuilder
instanceKlass java/util/stream/Stream
instanceKlass java/util/stream/BaseStream
instanceKlass java/util/stream/PipelineHelper
instanceKlass java/util/stream/StreamSupport
instanceKlass java/util/Spliterators$IteratorSpliterator
instanceKlass java/util/Spliterator$OfDouble
instanceKlass java/util/Spliterator$OfLong
instanceKlass java/util/Spliterator$OfInt
instanceKlass java/util/Spliterator$OfPrimitive
instanceKlass java/util/Spliterators$EmptySpliterator
instanceKlass java/util/Spliterators
instanceKlass com/android/tools/r8/internal/oA
instanceKlass com/android/tools/r8/internal/K40
instanceKlass com/android/tools/r8/internal/yA
instanceKlass com/android/tools/r8/synthesis/P
instanceKlass com/android/tools/r8/internal/tA
instanceKlass com/android/tools/r8/references/TypeReference
instanceKlass com/android/tools/r8/synthesis/Q$b
instanceKlass com/android/tools/r8/synthesis/Q
instanceKlass com/android/tools/r8/graph/s2
instanceKlass com/android/tools/r8/graph/P1
instanceKlass com/android/tools/r8/graph/p2
instanceKlass com/android/tools/r8/graph/j2
instanceKlass com/android/tools/r8/graph/H1
instanceKlass com/android/tools/r8/graph/e2
instanceKlass com/android/tools/r8/graph/d2
instanceKlass com/android/tools/r8/graph/a2
instanceKlass com/android/tools/r8/graph/X1
instanceKlass com/android/tools/r8/graph/n2
instanceKlass com/android/tools/r8/graph/l2
instanceKlass com/android/tools/r8/graph/A1
instanceKlass com/android/tools/r8/graph/m2
instanceKlass com/android/tools/r8/graph/N1
instanceKlass com/android/tools/r8/graph/i2
instanceKlass com/android/tools/r8/graph/U1
instanceKlass com/android/tools/r8/graph/S1
instanceKlass com/android/tools/r8/graph/R1
instanceKlass com/android/tools/r8/graph/T1
instanceKlass com/android/tools/r8/graph/g
instanceKlass com/android/tools/r8/graph/h2
instanceKlass com/android/tools/r8/graph/I1
instanceKlass com/android/tools/r8/graph/G1
instanceKlass com/android/tools/r8/graph/z1
instanceKlass com/android/tools/r8/graph/u1$e
instanceKlass com/android/tools/r8/graph/o2
instanceKlass com/android/tools/r8/graph/D1
instanceKlass com/android/tools/r8/graph/u1$c
instanceKlass com/android/tools/r8/graph/k2
instanceKlass com/android/tools/r8/graph/r2
instanceKlass com/android/tools/r8/internal/MB
instanceKlass com/android/tools/r8/graph/G4
instanceKlass com/android/tools/r8/graph/L4
instanceKlass com/android/tools/r8/graph/G0
instanceKlass  @bci com/android/tools/r8/internal/gm a (Lcom/android/tools/r8/graph/u1;Lcom/android/tools/r8/graph/B2;)Lcom/android/tools/r8/graph/L2; 22 <appendix> form vmentry <vmtarget> ; # java/lang/invoke/LambdaForm$MH+0x000002c722036c00
instanceKlass java/lang/invoke/LambdaFormEditor$1
# instanceKlass java/lang/invoke/LambdaForm$MH+0x000002c722036800
instanceKlass  @bci com/android/tools/r8/internal/gm a (Lcom/android/tools/r8/graph/u1;Lcom/android/tools/r8/graph/B2;)Lcom/android/tools/r8/graph/L2; 22 <appendix> argL3 form vmentry <vmtarget> ; # java/lang/invoke/LambdaForm$MH+0x000002c722036400
instanceKlass  @bci com/android/tools/r8/synthesis/Q a (Ljava/lang/String;Lcom/android/tools/r8/synthesis/Q$b;Ljava/lang/String;Ljava/lang/String;)Ljava/lang/String; 7 <appendix> argL3 argL2 form vmentry <vmtarget> ; # java/lang/invoke/LambdaForm$MH+0x000002c722036000
# instanceKlass java/lang/invoke/LambdaForm$MH+0x000002c722035c00
# instanceKlass java/lang/invoke/LambdaForm$MH+0x000002c722035800
# instanceKlass java/lang/invoke/LambdaForm$MH+0x000002c722035400
instanceKlass  @bci com/android/tools/r8/internal/gm a (Lcom/android/tools/r8/graph/u1;Lcom/android/tools/r8/graph/B2;)Lcom/android/tools/r8/graph/L2; 22 <appendix> argL1 form vmentry <vmtarget> ; # java/lang/invoke/LambdaForm$MH+0x000002c722035000
# instanceKlass java/lang/invoke/LambdaForm$MH+0x000002c722034c00
# instanceKlass java/lang/invoke/LambdaForm$MH+0x000002c722034800
# instanceKlass java/lang/invoke/LambdaForm$MH+0x000002c722034400
# instanceKlass java/lang/invoke/LambdaForm$MH+0x000002c722034000
instanceKlass  @bci com/android/tools/r8/graph/u1 c (I)Lcom/android/tools/r8/graph/O0$b; 15 <appendix> argL0 ; # com/android/tools/r8/graph/u1$$Lambda+0x000002c722033628
instanceKlass com/android/tools/r8/internal/wA
instanceKlass com/android/tools/r8/internal/AI
instanceKlass com/android/tools/r8/internal/WH
instanceKlass com/android/tools/r8/internal/x40
instanceKlass com/android/tools/r8/internal/l40
instanceKlass com/android/tools/r8/internal/Ge0
instanceKlass com/android/tools/r8/internal/Gl0
instanceKlass com/android/tools/r8/internal/Em0
instanceKlass com/android/tools/r8/internal/oL
instanceKlass com/android/tools/r8/internal/j40
instanceKlass com/android/tools/r8/internal/x1
instanceKlass com/android/tools/r8/internal/xf
instanceKlass com/android/tools/r8/internal/Jr0
instanceKlass com/android/tools/r8/internal/EA
instanceKlass com/android/tools/r8/internal/AA
instanceKlass com/android/tools/r8/internal/g7
instanceKlass com/android/tools/r8/internal/fH
instanceKlass com/android/tools/r8/internal/Q
instanceKlass com/android/tools/r8/internal/UG
instanceKlass com/android/tools/r8/internal/Ky
instanceKlass com/android/tools/r8/internal/mv0
instanceKlass com/android/tools/r8/graph/f2
instanceKlass com/android/tools/r8/graph/u1
instanceKlass com/android/tools/r8/DexFilePerClassFileConsumer
instanceKlass com/android/tools/r8/ClassFileConsumer
instanceKlass com/android/tools/r8/internal/q50
instanceKlass  @bci com/android/tools/r8/BaseCommand$Builder build ()Lcom/android/tools/r8/BaseCommand; 16 <appendix> member <vmtarget> ; # com/android/tools/r8/BaseCommand$Builder$$Lambda+0x000002c722026c20
instanceKlass com/android/tools/r8/internal/xv$a
instanceKlass com/android/tools/r8/internal/E7
instanceKlass com/android/tools/r8/internal/dt
instanceKlass com/android/tools/r8/internal/V50
instanceKlass com/android/tools/r8/DexIndexedConsumer$ForwardingConsumer
instanceKlass com/android/tools/r8/internal/xg0
instanceKlass  @bci com/android/tools/r8/m b (Lcom/android/tools/r8/BaseCompilerCommand$Builder;Ljava/lang/String;[Ljava/lang/String;ILcom/android/tools/r8/origin/Origin;)I 6 <appendix> member <vmtarget> ; # com/android/tools/r8/m$$Lambda+0x000002c7220234c8
instanceKlass com/android/tools/r8/internal/l70
instanceKlass com/android/tools/r8/position/Position
instanceKlass com/android/tools/r8/shaking/Q0
instanceKlass com/android/tools/r8/utils/ArchiveResourceProvider
instanceKlass  @bci com/android/tools/r8/BaseCommand$Builder addProgramFiles (Ljava/util/Collection;)Lcom/android/tools/r8/BaseCommand$Builder; 4 <appendix> member <vmtarget> ; # com/android/tools/r8/BaseCommand$Builder$$Lambda+0x000002c7220229e8
instanceKlass  @bci com/android/tools/r8/dex/W <clinit> ()V 13 <appendix> form vmentry <vmtarget> ; # java/lang/invoke/LambdaForm$MH+0x000002c722025c00
# instanceKlass java/lang/invoke/LambdaForm$MH+0x000002c722025800
instanceKlass  @bci com/android/tools/r8/dex/W <clinit> ()V 13 <appendix> argL3 form vmentry <vmtarget> ; # java/lang/invoke/LambdaForm$MH+0x000002c722025400
instanceKlass java/lang/invoke/MethodHandles$1
instanceKlass java/lang/Long$LongCache
# instanceKlass java/lang/invoke/LambdaForm$MH+0x000002c722025000
instanceKlass  @bci com/android/tools/r8/dex/W <clinit> ()V 13 <appendix> argL2 form vmentry <vmtarget> ; # java/lang/invoke/LambdaForm$MH+0x000002c722024c00
# instanceKlass java/lang/invoke/LambdaForm$MH+0x000002c722024800
instanceKlass  @bci com/android/tools/r8/internal/gm a (Lcom/android/tools/r8/graph/u1;Lcom/android/tools/r8/graph/B2;)Lcom/android/tools/r8/graph/L2; 22 <appendix> argL1 argL0 form vmentry <vmtarget> ; # java/lang/invoke/LambdaForm$MH+0x000002c722024400
# instanceKlass java/lang/invoke/LambdaForm$MH+0x000002c722024000
instanceKlass com/android/tools/r8/a
instanceKlass com/android/tools/r8/internal/J70
instanceKlass com/android/tools/r8/internal/Se
instanceKlass com/android/tools/r8/internal/G0
instanceKlass com/android/tools/r8/internal/h6
instanceKlass com/android/tools/r8/internal/Wy
instanceKlass com/android/tools/r8/internal/s50
instanceKlass com/android/tools/r8/internal/xC
instanceKlass com/android/tools/r8/internal/Gl
instanceKlass com/android/tools/r8/utils/u
instanceKlass java/util/zip/ZipFile$ZipEntryIterator
instanceKlass  @bci com/android/tools/r8/internal/CJ <init> (Ljava/nio/file/Path;)V 1 <appendix> argL0 ; # com/android/tools/r8/internal/CJ$$Lambda+0x000002c72201bc60
instanceKlass com/android/tools/r8/internal/CJ
instanceKlass com/android/tools/r8/DataResourceProvider
instanceKlass com/android/tools/r8/internal/jx
instanceKlass  @bci com/android/tools/r8/BaseCommand$Builder addLibraryFiles (Ljava/util/Collection;)Lcom/android/tools/r8/BaseCommand$Builder; 4 <appendix> member <vmtarget> ; # com/android/tools/r8/BaseCommand$Builder$$Lambda+0x000002c72201b3c0
instanceKlass  @cpi com/android/tools/r8/synthesis/M 193 form vmentry <vmtarget> ; # java/lang/invoke/LambdaForm$DMH+0x000002c72201c800
instanceKlass sun/nio/fs/WindowsPath$1
instanceKlass  @bci com/android/tools/r8/p a ([Ljava/lang/String;Lcom/android/tools/r8/origin/Origin;Lcom/android/tools/r8/D8Command$Builder;)Lcom/android/tools/r8/D8Command$Builder; 1072 <appendix> member <vmtarget> ; # com/android/tools/r8/p$$Lambda+0x000002c72201b188
instanceKlass  @cpi com/android/tools/r8/p 497 form vmentry <vmtarget> ; # java/lang/invoke/LambdaForm$DMH+0x000002c72201c400
instanceKlass  @bci com/android/tools/r8/p a ([Ljava/lang/String;Lcom/android/tools/r8/origin/Origin;Lcom/android/tools/r8/D8Command$Builder;)Lcom/android/tools/r8/D8Command$Builder; 1066 <appendix> member <vmtarget> ; # com/android/tools/r8/p$$Lambda+0x000002c72201af50
instanceKlass com/android/tools/r8/internal/tr0
instanceKlass com/android/tools/r8/internal/Gx
instanceKlass  @bci com/android/tools/r8/p a ([Ljava/lang/String;Lcom/android/tools/r8/origin/Origin;Lcom/android/tools/r8/D8Command$Builder;)Lcom/android/tools/r8/D8Command$Builder; 29 <appendix> member <vmtarget> ; # com/android/tools/r8/p$$Lambda+0x000002c72201a6b0
instanceKlass java/util/function/Consumer
instanceKlass com/android/tools/r8/internal/jC
instanceKlass java/util/Spliterator
instanceKlass com/android/tools/r8/p$a$a
instanceKlass com/android/tools/r8/p$a
# instanceKlass java/lang/invoke/LambdaForm$DMH+0x000002c72201c000
instanceKlass java/lang/invoke/MethodHandle$1
instanceKlass  @bci com/android/tools/r8/BaseCompilerCommand$Builder <init> (Lcom/android/tools/r8/DiagnosticsHandler;)V 69 <appendix> argL0 ; # com/android/tools/r8/BaseCompilerCommand$Builder$$Lambda+0x000002c7220181f8
instanceKlass java/util/function/BiPredicate
instanceKlass com/android/tools/r8/utils/i$a
instanceKlass com/android/tools/r8/DataResource
instanceKlass com/android/tools/r8/internal/oe
instanceKlass com/android/tools/r8/DataResourceProvider$Visitor
instanceKlass com/android/tools/r8/utils/i
instanceKlass com/android/tools/r8/internal/yg0
instanceKlass com/android/tools/r8/o
instanceKlass com/android/tools/r8/PartitionMapConsumer
instanceKlass com/android/tools/r8/internal/Cm
instanceKlass com/android/tools/r8/Q
instanceKlass com/android/tools/r8/DataResourceConsumer
instanceKlass com/android/tools/r8/internal/Cw0
instanceKlass com/android/tools/r8/internal/DA
instanceKlass com/android/tools/r8/internal/kI
instanceKlass com/android/tools/r8/internal/lI
instanceKlass com/android/tools/r8/internal/cD
instanceKlass com/android/tools/r8/profile/art/ArtProfileProvider
instanceKlass com/android/tools/r8/profile/art/ArtProfileConsumer
instanceKlass com/android/tools/r8/StringConsumer
instanceKlass com/android/tools/r8/w0
instanceKlass com/android/tools/r8/Resource
instanceKlass com/android/tools/r8/ClassFileResourceProvider
instanceKlass com/android/tools/r8/m
instanceKlass com/android/tools/r8/naming/Q
instanceKlass com/android/tools/r8/G
instanceKlass com/android/tools/r8/internal/zt
instanceKlass com/android/tools/r8/DiagnosticsHandler
instanceKlass com/android/tools/r8/internal/xv
instanceKlass  @bci com/android/tools/r8/D8 main ([Ljava/lang/String;)V 6 <appendix> member <vmtarget> ; # com/android/tools/r8/D8$$Lambda+0x000002c72200d680
instanceKlass  @cpi com/android/tools/r8/internal/sp 143 form vmentry <vmtarget> ; # java/lang/invoke/LambdaForm$DMH+0x000002c722010000
instanceKlass com/android/tools/r8/internal/yv
instanceKlass java/lang/PublicMethods$Key
instanceKlass java/lang/PublicMethods$MethodList
instanceKlass java/util/concurrent/ExecutorService
instanceKlass java/util/concurrent/Executor
instanceKlass com/android/tools/r8/internal/Hh
instanceKlass com/android/tools/r8/internal/F1
instanceKlass com/android/tools/r8/internal/dg
instanceKlass com/android/tools/r8/internal/r
instanceKlass com/android/tools/r8/internal/mD
instanceKlass com/android/tools/r8/internal/GT
instanceKlass com/android/tools/r8/graph/q5
instanceKlass com/android/tools/r8/internal/Gr0
instanceKlass com/android/tools/r8/internal/r50
instanceKlass com/android/tools/r8/internal/qv
instanceKlass com/android/tools/r8/graph/L5
instanceKlass com/android/tools/r8/graph/G5
instanceKlass com/android/tools/r8/graph/M5
instanceKlass com/android/tools/r8/graph/H5
instanceKlass com/android/tools/r8/graph/n1
instanceKlass com/android/tools/r8/graph/b0
instanceKlass com/android/tools/r8/graph/S
instanceKlass com/android/tools/r8/graph/o0
instanceKlass com/android/tools/r8/graph/w0
instanceKlass com/android/tools/r8/ProgramResourceProvider
instanceKlass com/android/tools/r8/dex/k
instanceKlass com/android/tools/r8/DexIndexedConsumer
instanceKlass com/android/tools/r8/ByteBufferProvider
instanceKlass com/android/tools/r8/ProgramConsumer
instanceKlass com/android/tools/r8/Diagnostic
instanceKlass com/android/tools/r8/internal/AC
instanceKlass com/android/tools/r8/graph/x0
instanceKlass com/android/tools/r8/graph/d1
instanceKlass com/android/tools/r8/BaseCommand$Builder
instanceKlass com/android/tools/r8/origin/Origin
instanceKlass com/android/tools/r8/BaseCommand
instanceKlass jdk/internal/misc/PreviewFeatures
instanceKlass jdk/internal/misc/MainMethodFinder
instanceKlass com/android/tools/r8/D8
instanceKlass java/security/SecureClassLoader$DebugHolder
instanceKlass java/security/PermissionCollection
instanceKlass java/security/SecureClassLoader$1
instanceKlass java/util/zip/Checksum$1
instanceKlass java/util/zip/CRC32
instanceKlass java/util/zip/Checksum
instanceKlass sun/nio/ByteBuffered
instanceKlass sun/security/util/ManifestEntryVerifier$SunProviderHolder
instanceKlass java/lang/Package$VersionInfo
instanceKlass java/lang/NamedPackage
instanceKlass java/util/Base64$Encoder
instanceKlass java/util/Base64$Decoder
instanceKlass java/util/Base64
instanceKlass javax/crypto/SecretKey
instanceKlass sun/security/util/Length
instanceKlass sun/security/util/KeyUtil
instanceKlass java/security/interfaces/XECKey
instanceKlass java/security/interfaces/ECKey
instanceKlass sun/security/util/JarConstraintsParameters
instanceKlass sun/security/util/ConstraintsParameters
instanceKlass java/security/CodeSigner
instanceKlass java/security/Timestamp
instanceKlass sun/security/timestamp/TimestampToken
instanceKlass java/security/cert/CertPath
# instanceKlass java/lang/invoke/LambdaForm$MH+0x000002c722001800
instanceKlass java/math/MutableBigInteger
instanceKlass sun/security/rsa/RSAPadding
instanceKlass sun/security/rsa/RSACore
instanceKlass java/security/interfaces/RSAPrivateCrtKey
instanceKlass sun/security/pkcs/PKCS8Key
instanceKlass sun/security/util/InternalPrivateKey
instanceKlass java/security/interfaces/RSAPrivateKey
instanceKlass java/security/PrivateKey
instanceKlass javax/security/auth/Destroyable
instanceKlass jdk/internal/icu/util/CodePointTrie$Data
instanceKlass jdk/internal/icu/util/CodePointMap
instanceKlass jdk/internal/icu/util/VersionInfo
instanceKlass  @bci jdk/internal/module/SystemModuleFinders$SystemModuleReader open (Ljava/lang/String;)Ljava/util/Optional; 6 <appendix> member <vmtarget> ; # jdk/internal/module/SystemModuleFinders$SystemModuleReader$$Lambda+0x000002c72206b8d0
instanceKlass jdk/internal/jimage/ImageLocation
instanceKlass jdk/internal/jimage/decompressor/Decompressor
instanceKlass jdk/internal/jimage/ImageStringsReader
instanceKlass jdk/internal/jimage/ImageStrings
instanceKlass jdk/internal/jimage/ImageHeader
instanceKlass jdk/internal/jimage/NativeImageBuffer$1
instanceKlass jdk/internal/jimage/NativeImageBuffer
instanceKlass jdk/internal/jimage/BasicImageReader$1
instanceKlass jdk/internal/jimage/BasicImageReader
instanceKlass jdk/internal/jimage/ImageReader
instanceKlass jdk/internal/jimage/ImageReaderFactory$1
instanceKlass java/nio/file/FileSystems$DefaultFileSystemHolder$1
instanceKlass java/nio/file/FileSystems$DefaultFileSystemHolder
instanceKlass java/nio/file/FileSystems
instanceKlass java/nio/file/Paths
instanceKlass jdk/internal/jimage/ImageReaderFactory
instanceKlass jdk/internal/module/SystemModuleFinders$SystemImage
instanceKlass jdk/internal/module/SystemModuleFinders$SystemModuleReader
instanceKlass java/lang/module/ModuleReader
instanceKlass jdk/internal/loader/BuiltinClassLoader$5
instanceKlass jdk/internal/module/Checks
instanceKlass jdk/internal/module/Resources
instanceKlass jdk/internal/icu/impl/ICUBinary$1
instanceKlass jdk/internal/icu/impl/ICUBinary
instanceKlass jdk/internal/icu/impl/NormalizerImpl$IsAcceptable
instanceKlass jdk/internal/icu/impl/ICUBinary$Authenticate
instanceKlass jdk/internal/icu/impl/NormalizerImpl
instanceKlass jdk/internal/icu/impl/Norm2AllModes$Norm2AllModesSingleton
instanceKlass jdk/internal/icu/impl/Norm2AllModes$NFKCSingleton
instanceKlass jdk/internal/icu/impl/Norm2AllModes
instanceKlass jdk/internal/icu/text/Normalizer2
instanceKlass jdk/internal/icu/text/NormalizerBase$ModeImpl
instanceKlass jdk/internal/icu/text/NormalizerBase$NFKDModeImpl
instanceKlass jdk/internal/icu/text/NormalizerBase$1
instanceKlass jdk/internal/icu/text/NormalizerBase$Mode
instanceKlass jdk/internal/icu/text/NormalizerBase
instanceKlass java/text/Normalizer
instanceKlass sun/security/x509/AVAKeyword
instanceKlass java/util/StringJoiner
instanceKlass sun/security/jca/ServiceId
instanceKlass java/security/Signature$1
instanceKlass jdk/internal/access/JavaSecuritySignatureAccess
instanceKlass java/security/SignatureSpi
instanceKlass sun/security/util/SignatureUtil
instanceKlass java/lang/invoke/VarHandle$AccessDescriptor
instanceKlass sun/security/provider/ByteArrayAccess$BE
instanceKlass sun/security/provider/ByteArrayAccess
instanceKlass sun/security/util/MessageDigestSpi2
instanceKlass java/security/MessageDigestSpi
instanceKlass sun/security/pkcs/SigningCertificateInfo$ESSCertId
instanceKlass sun/security/pkcs/SigningCertificateInfo
instanceKlass sun/security/pkcs/PKCS9Attribute
instanceKlass sun/security/pkcs/PKCS9Attributes
instanceKlass java/time/Instant
instanceKlass java/time/zone/ZoneOffsetTransition
instanceKlass java/time/LocalTime
instanceKlass java/time/temporal/ValueRange
instanceKlass java/time/Duration
instanceKlass java/time/temporal/TemporalAmount
instanceKlass java/time/temporal/TemporalUnit
instanceKlass java/time/temporal/TemporalField
instanceKlass java/time/LocalDate
instanceKlass java/time/chrono/ChronoLocalDate
instanceKlass java/time/ZonedDateTime
instanceKlass java/time/chrono/ChronoZonedDateTime
instanceKlass java/time/LocalDateTime
instanceKlass java/time/chrono/ChronoLocalDateTime
instanceKlass java/time/temporal/Temporal
instanceKlass java/time/zone/ZoneOffsetTransitionRule
instanceKlass java/time/zone/ZoneRules
instanceKlass  @bci java/time/ZoneOffset ofTotalSeconds (I)Ljava/time/ZoneOffset; 37 <appendix> argL0 ; # java/time/ZoneOffset$$Lambda+0x80000000c
instanceKlass java/time/temporal/TemporalAdjuster
instanceKlass java/time/temporal/TemporalAccessor
instanceKlass java/time/ZoneId
instanceKlass  @bci java/util/regex/Pattern Single (I)Ljava/util/regex/Pattern$BmpCharPredicate; 1 <appendix> member <vmtarget> ; # java/util/regex/Pattern$$Lambda+0x800000029
instanceKlass  @bci java/util/regex/CharPredicates ASCII_DIGIT ()Ljava/util/regex/Pattern$BmpCharPredicate; 0 <appendix> argL0 ; # java/util/regex/CharPredicates$$Lambda+0x800000025
instanceKlass  @bci java/util/regex/CharPredicates ASCII_SPACE ()Ljava/util/regex/Pattern$BmpCharPredicate; 0 <appendix> argL0 ; # java/util/regex/CharPredicates$$Lambda+0x800000026
instanceKlass java/util/regex/Pattern$BmpCharPredicate
instanceKlass java/util/regex/CharPredicates
instanceKlass sun/security/util/DisabledAlgorithmConstraints$Constraints$Holder
instanceKlass sun/security/util/DisabledAlgorithmConstraints$Constraint
instanceKlass java/util/StringTokenizer
instanceKlass java/util/Collections$UnmodifiableCollection
instanceKlass java/security/spec/ECFieldF2m
instanceKlass java/security/spec/ECParameterSpec
instanceKlass java/security/spec/ECPoint
instanceKlass java/security/spec/EllipticCurve
instanceKlass java/security/spec/ECFieldFp
instanceKlass java/security/spec/ECField
instanceKlass sun/security/util/CurveDB
instanceKlass sun/security/util/DisabledAlgorithmConstraints$Constraints
instanceKlass java/util/regex/IntHashSet
instanceKlass java/util/regex/Matcher
instanceKlass java/util/regex/MatchResult
instanceKlass java/util/TreeMap$PrivateEntryIterator
instanceKlass java/util/Arrays$ArrayItr
instanceKlass java/util/NavigableSet
instanceKlass java/util/SortedSet
instanceKlass sun/security/util/AbstractAlgorithmConstraints$1
instanceKlass sun/security/util/AlgorithmDecomposer
instanceKlass sun/security/util/DisabledAlgorithmConstraints$JarHolder
instanceKlass java/util/regex/Pattern$TreeInfo
instanceKlass  @bci java/util/regex/Pattern DOT ()Ljava/util/regex/Pattern$CharPredicate; 0 <appendix> argL0 ; # java/util/regex/Pattern$$Lambda+0x000002c72205e4f0
instanceKlass java/util/regex/Pattern$CharPredicate
instanceKlass java/util/regex/ASCII
instanceKlass java/util/regex/Pattern$Node
instanceKlass java/util/regex/Pattern
instanceKlass sun/security/util/AbstractAlgorithmConstraints
instanceKlass java/security/AlgorithmConstraints
instanceKlass sun/security/pkcs/SignerInfo
instanceKlass java/security/cert/PolicyQualifierInfo
instanceKlass sun/security/x509/CertificatePolicyId
instanceKlass sun/security/x509/PolicyInformation
instanceKlass sun/security/x509/DistributionPoint
instanceKlass sun/security/x509/DNSName
instanceKlass java/net/URI$Parser
instanceKlass sun/security/x509/URIName
instanceKlass sun/security/x509/GeneralName
instanceKlass sun/security/x509/AccessDescription
instanceKlass sun/security/x509/GeneralNames
instanceKlass java/lang/invoke/VarForm
instanceKlass java/lang/invoke/VarHandleGuards
instanceKlass java/lang/invoke/VarHandles
instanceKlass java/lang/System$Logger
instanceKlass jdk/internal/event/EventHelper
instanceKlass sun/security/jca/JCAUtil
instanceKlass sun/security/util/MemoryCache$CacheEntry
instanceKlass sun/security/x509/KeyIdentifier
instanceKlass java/util/TreeMap$Entry
# instanceKlass java/lang/invoke/LambdaForm$MH+0x000002c722001400
instanceKlass  @bci com/android/tools/r8/internal/PR b ()Lcom/android/tools/r8/graph/L2; 14 <appendix> form vmentry <vmtarget> ; # java/lang/invoke/LambdaForm$MH+0x000002c722001000
instanceKlass sun/security/x509/OIDMap$OIDInfo
instanceKlass sun/security/x509/PKIXExtensions
instanceKlass sun/security/x509/OIDMap
instanceKlass sun/security/x509/Extension
instanceKlass java/security/cert/Extension
instanceKlass java/util/Collections$SynchronizedMap
instanceKlass java/util/NavigableMap
instanceKlass java/util/SortedMap
instanceKlass sun/security/x509/CertificateExtensions
instanceKlass sun/security/rsa/RSAUtil
instanceKlass java/security/interfaces/RSAPublicKey
instanceKlass java/security/interfaces/RSAKey
instanceKlass java/security/spec/PSSParameterSpec
instanceKlass java/security/spec/AlgorithmParameterSpec
instanceKlass java/security/spec/RSAPrivateKeySpec
instanceKlass java/security/spec/RSAPublicKeySpec
instanceKlass java/security/KeyFactorySpi
instanceKlass sun/security/rsa/SunRsaSignEntries
instanceKlass sun/security/jca/ProviderList$ServiceList$1
instanceKlass java/security/KeyFactory
instanceKlass  @bci java/security/spec/EncodedKeySpec <clinit> ()V 0 <appendix> argL0 ; # java/security/spec/EncodedKeySpec$$Lambda+0x000002c7220544a0
instanceKlass  @cpi java/security/spec/EncodedKeySpec 79 form vmentry <vmtarget> ; # java/lang/invoke/LambdaForm$DMH+0x000002c722000c00
instanceKlass jdk/internal/access/JavaSecuritySpecAccess
instanceKlass java/security/spec/EncodedKeySpec
instanceKlass java/security/spec/KeySpec
instanceKlass sun/security/util/BitArray
instanceKlass sun/security/x509/X509Key
instanceKlass java/security/PublicKey
instanceKlass java/security/Key
instanceKlass sun/security/x509/CertificateX509Key
instanceKlass java/util/Date
instanceKlass sun/util/calendar/CalendarUtils
instanceKlass sun/util/calendar/CalendarDate
instanceKlass sun/util/calendar/CalendarSystem$GregorianHolder
instanceKlass sun/util/calendar/CalendarSystem
instanceKlass sun/security/x509/CertificateValidity
instanceKlass sun/security/x509/AVA
instanceKlass sun/security/x509/RDN
instanceKlass javax/security/auth/x500/X500Principal
instanceKlass  @bci sun/security/x509/X500Name <clinit> ()V 153 <appendix> argL0 ; # sun/security/x509/X500Name$$Lambda+0x000002c722051da0
instanceKlass sun/security/x509/X500Name
instanceKlass sun/security/x509/GeneralNameInterface
instanceKlass sun/security/x509/CertificateAlgorithmId
instanceKlass sun/security/x509/SerialNumber
instanceKlass sun/security/x509/CertificateSerialNumber
instanceKlass sun/security/x509/CertificateVersion
instanceKlass sun/security/x509/X509CertInfo
instanceKlass sun/security/util/Cache$EqualByteArray
instanceKlass java/security/cert/X509Extension
instanceKlass java/lang/Byte$ByteCache
instanceKlass  @bci sun/security/util/DerInputStream seeOptionalContextSpecific (I)Z 2 <appendix> member <vmtarget> ; # sun/security/util/DerInputStream$$Lambda+0x000002c72204f6d0
instanceKlass  @cpi com/android/tools/r8/internal/sB 851 form vmentry <vmtarget> ; # java/lang/invoke/LambdaForm$DMH+0x000002c722000800
instanceKlass java/util/function/Predicate
instanceKlass sun/security/jca/GetInstance$Instance
instanceKlass jdk/internal/reflect/MethodHandleAccessorFactory$LazyStaticHolder
instanceKlass sun/security/util/Cache
instanceKlass jdk/internal/event/Event
instanceKlass sun/security/jca/GetInstance
instanceKlass java/security/cert/CertificateFactorySpi
instanceKlass java/security/cert/CertificateFactory
instanceKlass sun/security/x509/AlgorithmId
instanceKlass sun/security/util/ByteArrayTagOrder
instanceKlass sun/security/util/ByteArrayLexOrder
instanceKlass sun/security/util/DerValue
instanceKlass sun/security/util/ObjectIdentifier
instanceKlass sun/security/pkcs/ContentInfo
instanceKlass sun/security/util/DerEncoder
instanceKlass sun/security/util/DerInputStream
instanceKlass sun/security/pkcs/PKCS7
instanceKlass java/util/Collections$EmptyIterator
instanceKlass java/util/LinkedHashMap$LinkedHashIterator
instanceKlass sun/security/util/SecurityProviderConstants
instanceKlass java/security/Provider$UString
instanceKlass java/security/Provider$Service
instanceKlass sun/security/provider/NativePRNG$NonBlocking
instanceKlass sun/security/provider/NativePRNG$Blocking
instanceKlass sun/security/provider/NativePRNG
instanceKlass sun/security/provider/SunEntries$1
instanceKlass sun/security/provider/SunEntries
instanceKlass java/security/Permission
instanceKlass java/security/Guard
instanceKlass sun/security/util/SecurityConstants
instanceKlass java/security/Security$1
instanceKlass jdk/internal/access/JavaSecurityPropertiesAccess
instanceKlass java/util/concurrent/ConcurrentHashMap$MapEntry
instanceKlass java/io/FileInputStream$1
instanceKlass java/util/Properties$LineReader
instanceKlass  @bci java/security/Security <clinit> ()V 9 <appendix> argL0 ; # java/security/Security$$Lambda+0x80000000b
instanceKlass java/security/Security
instanceKlass sun/security/jca/ProviderList$2
instanceKlass java/util/SequencedSet
instanceKlass jdk/internal/math/FloatingDecimal$ASCIIToBinaryBuffer
instanceKlass jdk/internal/math/FloatingDecimal$PreparedASCIIToBinaryBuffer
instanceKlass jdk/internal/math/FloatingDecimal$ASCIIToBinaryConverter
instanceKlass jdk/internal/math/FloatingDecimal$BinaryToASCIIBuffer
instanceKlass jdk/internal/math/FloatingDecimal$ExceptionalBinaryToASCIIBuffer
instanceKlass jdk/internal/math/FloatingDecimal$BinaryToASCIIConverter
instanceKlass jdk/internal/math/FloatingDecimal
instanceKlass javax/security/auth/login/Configuration$Parameters
instanceKlass java/security/Policy$Parameters
instanceKlass java/security/cert/CertStoreParameters
instanceKlass java/security/SecureRandomParameters
instanceKlass java/security/Provider$EngineDescription
instanceKlass java/security/Provider$ServiceKey
instanceKlass sun/security/jca/ProviderConfig
instanceKlass sun/security/jca/ProviderList
instanceKlass sun/security/jca/Providers
instanceKlass  @bci com/android/tools/r8/internal/kx <init> (Lcom/android/tools/r8/internal/QJ$o;Lcom/android/tools/r8/internal/f00;)V 117 <appendix> form vmentry <vmtarget> ; # java/lang/invoke/LambdaForm$MH+0x000002c722000400
instanceKlass jdk/internal/org/objectweb/asm/FieldVisitor
instanceKlass java/lang/invoke/InvokerBytecodeGenerator$ClassData
instanceKlass jdk/internal/org/objectweb/asm/Frame
instanceKlass java/lang/invoke/LambdaFormBuffer
instanceKlass java/lang/invoke/LambdaFormEditor$TransformKey
instanceKlass java/lang/invoke/LambdaFormEditor
instanceKlass java/lang/invoke/DelegatingMethodHandle$Holder
instanceKlass java/lang/invoke/DirectMethodHandle$2
instanceKlass java/lang/invoke/ClassSpecializer$Factory
instanceKlass java/lang/invoke/ClassSpecializer$SpeciesData
instanceKlass java/lang/invoke/ClassSpecializer$1
instanceKlass java/lang/invoke/ClassSpecializer
instanceKlass sun/invoke/empty/Empty
instanceKlass sun/invoke/util/VerifyType
instanceKlass  @bci sun/security/util/ManifestDigester <init> ([B)V 350 <appendix> argL0 ; # sun/security/util/ManifestDigester$$Lambda+0x000002c7220430f0
instanceKlass java/lang/invoke/MethodHandles$Lookup$ClassDefiner
instanceKlass java/lang/invoke/MethodHandles$Lookup$ClassFile
instanceKlass jdk/internal/org/objectweb/asm/AnnotationVisitor
instanceKlass jdk/internal/org/objectweb/asm/Attribute
instanceKlass jdk/internal/org/objectweb/asm/Handler
instanceKlass jdk/internal/org/objectweb/asm/Label
instanceKlass jdk/internal/org/objectweb/asm/MethodVisitor
instanceKlass java/lang/invoke/LambdaProxyClassArchive
instanceKlass jdk/internal/org/objectweb/asm/ByteVector
instanceKlass jdk/internal/org/objectweb/asm/Symbol
instanceKlass jdk/internal/org/objectweb/asm/SymbolTable
instanceKlass jdk/internal/org/objectweb/asm/ClassVisitor
instanceKlass java/lang/invoke/InfoFromMemberName
instanceKlass java/lang/invoke/MethodHandleInfo
instanceKlass jdk/internal/org/objectweb/asm/ConstantDynamic
instanceKlass sun/invoke/util/BytecodeDescriptor
instanceKlass jdk/internal/org/objectweb/asm/Handle
instanceKlass sun/security/action/GetBooleanAction
instanceKlass jdk/internal/org/objectweb/asm/Type
instanceKlass java/lang/invoke/AbstractValidatingLambdaMetafactory
instanceKlass java/lang/invoke/MethodHandleImpl$1
instanceKlass jdk/internal/access/JavaLangInvokeAccess
instanceKlass java/lang/invoke/Invokers$Holder
instanceKlass java/lang/invoke/BootstrapMethodInvoker
instanceKlass java/lang/invoke/InvokerBytecodeGenerator$1
instanceKlass java/lang/invoke/InvokerBytecodeGenerator
instanceKlass java/lang/invoke/LambdaForm$Holder
instanceKlass java/lang/invoke/LambdaForm$Name
instanceKlass java/lang/invoke/Invokers
instanceKlass java/lang/invoke/MethodHandleImpl
instanceKlass sun/invoke/util/ValueConversions
instanceKlass java/lang/invoke/DirectMethodHandle$Holder
instanceKlass java/lang/invoke/LambdaForm$NamedFunction
instanceKlass sun/invoke/util/Wrapper$Format
instanceKlass java/lang/invoke/MethodTypeForm
instanceKlass java/lang/Void
instanceKlass jdk/internal/util/StrongReferenceKey
instanceKlass jdk/internal/util/ReferenceKey
instanceKlass jdk/internal/util/ReferencedKeyMap
instanceKlass java/lang/invoke/MethodType$1
instanceKlass java/lang/invoke/LambdaMetafactory
instanceKlass sun/security/util/ManifestDigester$Section
instanceKlass sun/security/util/ManifestDigester$Entry
instanceKlass sun/security/util/ManifestDigester$Position
instanceKlass sun/security/util/ManifestDigester
instanceKlass sun/security/util/ManifestEntryVerifier
instanceKlass jdk/internal/misc/ThreadTracker
instanceKlass java/util/jar/JarFile$ThreadTrackHolder
instanceKlass java/lang/reflect/Array
instanceKlass java/util/jar/Attributes$Name
instanceKlass java/util/SequencedMap
instanceKlass java/util/jar/Attributes
instanceKlass java/util/jar/JarVerifier
instanceKlass jdk/internal/loader/Resource
instanceKlass java/util/ArrayList$Itr
instanceKlass sun/security/action/GetIntegerAction
instanceKlass sun/security/util/Debug
instanceKlass sun/security/util/SignatureFileVerifier
instanceKlass java/util/zip/ZipFile$InflaterCleanupAction
instanceKlass java/util/zip/Inflater$InflaterZStreamRef
instanceKlass java/util/zip/Inflater
instanceKlass java/util/zip/ZipEntry
instanceKlass java/util/zip/ZipFile$2
instanceKlass java/nio/Bits$1
instanceKlass jdk/internal/misc/VM$BufferPool
instanceKlass java/nio/Bits
instanceKlass sun/nio/ch/DirectBuffer
instanceKlass jdk/internal/perf/PerfCounter$CoreCounters
instanceKlass jdk/internal/perf/Perf
instanceKlass jdk/internal/perf/Perf$GetPerfAction
instanceKlass jdk/internal/perf/PerfCounter
instanceKlass sun/util/locale/LocaleUtils
instanceKlass sun/util/locale/BaseLocale
instanceKlass java/util/Locale
instanceKlass java/nio/file/attribute/FileTime
instanceKlass java/util/zip/ZipUtils
instanceKlass java/util/zip/ZipFile$Source$End
instanceKlass java/io/RandomAccessFile$2
instanceKlass jdk/internal/access/JavaIORandomAccessFileAccess
instanceKlass java/io/RandomAccessFile
instanceKlass java/io/DataInput
instanceKlass java/io/DataOutput
instanceKlass sun/nio/fs/WindowsNativeDispatcher$CompletionStatus
instanceKlass sun/nio/fs/WindowsNativeDispatcher$AclInformation
instanceKlass sun/nio/fs/WindowsNativeDispatcher$Account
instanceKlass sun/nio/fs/WindowsNativeDispatcher$DiskFreeSpace
instanceKlass sun/nio/fs/WindowsNativeDispatcher$VolumeInformation
instanceKlass sun/nio/fs/WindowsNativeDispatcher$FirstStream
instanceKlass sun/nio/fs/WindowsNativeDispatcher$FirstFile
instanceKlass java/util/Enumeration
instanceKlass java/util/concurrent/ConcurrentHashMap$Traverser
instanceKlass jdk/internal/loader/NativeLibraries$3
instanceKlass jdk/internal/loader/NativeLibrary
instanceKlass java/util/ArrayDeque$DeqIterator
instanceKlass jdk/internal/loader/NativeLibraries$NativeLibraryContext$1
instanceKlass jdk/internal/loader/NativeLibraries$NativeLibraryContext
instanceKlass jdk/internal/loader/NativeLibraries$2
instanceKlass jdk/internal/loader/NativeLibraries$1
instanceKlass jdk/internal/loader/NativeLibraries$LibraryPaths
instanceKlass sun/nio/fs/WindowsNativeDispatcher
instanceKlass sun/nio/fs/NativeBuffer$Deallocator
instanceKlass sun/nio/fs/NativeBuffer
instanceKlass java/lang/ThreadLocal$ThreadLocalMap
instanceKlass java/lang/ThreadLocal
instanceKlass sun/nio/fs/NativeBuffers
instanceKlass sun/nio/fs/WindowsFileAttributes
instanceKlass java/nio/file/attribute/DosFileAttributes
instanceKlass sun/nio/fs/AbstractBasicFileAttributeView
instanceKlass sun/nio/fs/DynamicFileAttributeView
instanceKlass sun/nio/fs/WindowsFileAttributeViews
instanceKlass sun/nio/fs/Util
instanceKlass java/nio/file/attribute/BasicFileAttributeView
instanceKlass java/nio/file/attribute/FileAttributeView
instanceKlass java/nio/file/attribute/AttributeView
instanceKlass java/nio/file/Files
instanceKlass java/nio/file/CopyOption
instanceKlass java/nio/file/attribute/BasicFileAttributes
instanceKlass sun/nio/fs/WindowsPath
instanceKlass java/nio/file/Path
instanceKlass java/nio/file/Watchable
instanceKlass java/util/zip/ZipFile$Source$Key
instanceKlass java/util/concurrent/ForkJoinPool$ManagedBlocker
instanceKlass java/util/concurrent/locks/AbstractQueuedSynchronizer$Node
instanceKlass sun/nio/fs/WindowsPathParser$Result
instanceKlass sun/nio/fs/WindowsPathParser
instanceKlass java/nio/file/FileSystem
instanceKlass java/nio/file/OpenOption
instanceKlass java/nio/file/spi/FileSystemProvider
instanceKlass sun/nio/fs/DefaultFileSystemProvider
instanceKlass java/util/zip/ZipFile$Source
instanceKlass java/lang/ref/Cleaner$Cleanable
instanceKlass jdk/internal/ref/CleanerImpl
instanceKlass java/lang/ref/Cleaner$1
instanceKlass java/lang/ref/Cleaner
instanceKlass jdk/internal/ref/CleanerFactory$1
instanceKlass java/util/concurrent/ThreadFactory
instanceKlass jdk/internal/ref/CleanerFactory
instanceKlass java/util/zip/ZipCoder
instanceKlass java/util/zip/ZipFile$CleanableResource
instanceKlass java/lang/Runtime$Version
instanceKlass java/util/jar/JavaUtilJarAccessImpl
instanceKlass jdk/internal/access/JavaUtilJarAccess
instanceKlass java/nio/charset/CoderResult
instanceKlass java/lang/Readable
instanceKlass jdk/internal/loader/FileURLMapper
instanceKlass jdk/internal/loader/URLClassPath$JarLoader$1
instanceKlass java/util/zip/ZipFile$1
instanceKlass jdk/internal/access/JavaUtilZipFileAccess
instanceKlass java/util/zip/ZipFile
instanceKlass java/util/zip/ZipConstants
instanceKlass jdk/internal/loader/URLClassPath$Loader
instanceKlass jdk/internal/loader/URLClassPath$3
instanceKlass java/security/PrivilegedExceptionAction
instanceKlass sun/net/util/URLUtil
instanceKlass java/lang/StringCoding
instanceKlass sun/nio/cs/ArrayDecoder
instanceKlass java/nio/charset/CharsetDecoder
instanceKlass sun/launcher/LauncherHelper
instanceKlass java/lang/invoke/StringConcatFactory
instanceKlass java/lang/ModuleLayer$Controller
instanceKlass java/util/concurrent/CopyOnWriteArrayList
instanceKlass jdk/internal/module/ServicesCatalog$ServiceProvider
instanceKlass jdk/internal/loader/AbstractClassLoaderValue$Memoizer
instanceKlass java/util/ImmutableCollections$ListItr
instanceKlass java/util/ListIterator
instanceKlass java/lang/ModuleLayer
instanceKlass jdk/internal/module/ModuleLoaderMap$Modules
instanceKlass jdk/internal/module/ModuleLoaderMap$Mapper
instanceKlass jdk/internal/module/ModuleLoaderMap
instanceKlass java/util/AbstractMap$1$1
instanceKlass java/lang/module/ResolvedModule
instanceKlass java/lang/module/Configuration
instanceKlass jdk/internal/loader/BuiltinClassLoader$LoadedModule
instanceKlass jdk/internal/loader/AbstractClassLoaderValue
instanceKlass jdk/internal/module/ServicesCatalog
instanceKlass java/util/Deque
instanceKlass java/util/Queue
instanceKlass sun/net/util/IPAddressUtil$MASKS
instanceKlass sun/net/util/IPAddressUtil
instanceKlass java/net/URLStreamHandler
instanceKlass sun/net/www/ParseUtil
instanceKlass java/net/URL$3
instanceKlass jdk/internal/access/JavaNetURLAccess
instanceKlass java/net/URL$DefaultFactory
instanceKlass java/net/URLStreamHandlerFactory
instanceKlass jdk/internal/loader/URLClassPath
instanceKlass java/security/Principal
instanceKlass java/security/ProtectionDomain$Key
instanceKlass java/security/ProtectionDomain$JavaSecurityAccessImpl
instanceKlass jdk/internal/access/JavaSecurityAccess
instanceKlass java/lang/ClassLoader$ParallelLoaders
instanceKlass java/security/cert/Certificate
instanceKlass jdk/internal/loader/ArchivedClassLoaders
instanceKlass java/util/concurrent/ConcurrentHashMap$CollectionView
instanceKlass jdk/internal/loader/ClassLoaderHelper
instanceKlass jdk/internal/loader/NativeLibraries
instanceKlass java/lang/Module$EnableNativeAccess
instanceKlass jdk/internal/loader/BootLoader
instanceKlass java/util/Optional
instanceKlass jdk/internal/module/SystemModuleFinders$SystemModuleFinder
instanceKlass java/lang/module/ModuleFinder
instanceKlass jdk/internal/module/SystemModuleFinders$3
instanceKlass jdk/internal/module/ModuleHashes$HashSupplier
instanceKlass jdk/internal/module/SystemModuleFinders$2
instanceKlass java/util/function/Supplier
instanceKlass java/lang/module/ModuleReference
instanceKlass jdk/internal/module/ModuleResolution
instanceKlass java/util/Collections$UnmodifiableMap
instanceKlass jdk/internal/module/ModuleHashes$Builder
instanceKlass jdk/internal/module/ModuleHashes
instanceKlass jdk/internal/module/ModuleTarget
instanceKlass java/util/ImmutableCollections$Set12$1
instanceKlass java/lang/reflect/AccessFlag$18
instanceKlass java/lang/reflect/AccessFlag$17
instanceKlass java/lang/reflect/AccessFlag$16
instanceKlass java/lang/reflect/AccessFlag$15
instanceKlass java/lang/reflect/AccessFlag$14
instanceKlass java/lang/reflect/AccessFlag$13
instanceKlass java/lang/reflect/AccessFlag$12
instanceKlass java/lang/reflect/AccessFlag$11
instanceKlass java/lang/reflect/AccessFlag$10
instanceKlass java/lang/reflect/AccessFlag$9
instanceKlass java/lang/reflect/AccessFlag$8
instanceKlass java/lang/reflect/AccessFlag$7
instanceKlass java/lang/reflect/AccessFlag$6
instanceKlass java/lang/reflect/AccessFlag$5
instanceKlass java/lang/reflect/AccessFlag$4
instanceKlass java/lang/reflect/AccessFlag$3
instanceKlass java/lang/reflect/AccessFlag$2
instanceKlass java/lang/reflect/AccessFlag$1
instanceKlass java/lang/module/ModuleDescriptor$Version
instanceKlass java/lang/module/ModuleDescriptor$Provides
instanceKlass java/lang/module/ModuleDescriptor$Opens
instanceKlass java/util/ImmutableCollections$SetN$SetNIterator
instanceKlass java/lang/module/ModuleDescriptor$Exports
instanceKlass java/lang/module/ModuleDescriptor$Requires
instanceKlass jdk/internal/module/Builder
instanceKlass jdk/internal/module/SystemModules$default
instanceKlass jdk/internal/module/SystemModules
instanceKlass jdk/internal/module/SystemModulesMap
instanceKlass java/net/URI$1
instanceKlass jdk/internal/access/JavaNetUriAccess
instanceKlass java/net/URI
instanceKlass jdk/internal/module/SystemModuleFinders
instanceKlass jdk/internal/module/ArchivedModuleGraph
instanceKlass jdk/internal/module/ArchivedBootLayer
instanceKlass jdk/internal/module/ModuleBootstrap$Counters
instanceKlass jdk/internal/module/ModulePatcher
instanceKlass java/io/FileSystem
instanceKlass java/io/DefaultFileSystem
instanceKlass java/io/File
instanceKlass java/lang/module/ModuleDescriptor$1
instanceKlass jdk/internal/access/JavaLangModuleAccess
instanceKlass sun/invoke/util/VerifyAccess
instanceKlass java/util/KeyValueHolder
instanceKlass java/util/ImmutableCollections$MapN$MapNIterator
instanceKlass java/lang/StrictMath
instanceKlass java/lang/invoke/MethodHandles$Lookup
instanceKlass java/lang/invoke/MemberName$Factory
instanceKlass java/lang/invoke/MethodHandles
instanceKlass java/lang/module/ModuleDescriptor
instanceKlass jdk/internal/module/ModuleBootstrap
instanceKlass java/lang/Character$CharacterCache
instanceKlass java/util/HexFormat
instanceKlass jdk/internal/util/ClassFileDumper
instanceKlass sun/security/action/GetPropertyAction
instanceKlass java/lang/invoke/MethodHandleStatics
instanceKlass java/util/concurrent/locks/AbstractQueuedSynchronizer$ConditionObject
instanceKlass java/util/concurrent/locks/Condition
instanceKlass jdk/internal/misc/Blocker
instanceKlass java/util/Collections
instanceKlass java/lang/Thread$ThreadIdentifiers
instanceKlass sun/io/Win32ErrorMode
instanceKlass jdk/internal/misc/OSEnvironment
instanceKlass java/lang/Integer$IntegerCache
instanceKlass jdk/internal/misc/Signal$NativeHandler
instanceKlass java/util/Hashtable$Entry
instanceKlass jdk/internal/misc/Signal
instanceKlass java/lang/Terminator$1
instanceKlass jdk/internal/misc/Signal$Handler
instanceKlass java/lang/Terminator
instanceKlass java/nio/ByteOrder
instanceKlass java/nio/Buffer$2
instanceKlass jdk/internal/access/JavaNioAccess
instanceKlass java/nio/Buffer$1
instanceKlass jdk/internal/misc/ScopedMemoryAccess
instanceKlass java/nio/charset/CodingErrorAction
instanceKlass sun/nio/cs/SingleByte
instanceKlass java/lang/StringUTF16
instanceKlass sun/nio/cs/MS1252$Holder
instanceKlass sun/nio/cs/ArrayEncoder
instanceKlass java/nio/charset/CharsetEncoder
instanceKlass java/io/Writer
instanceKlass java/io/PrintStream$1
instanceKlass jdk/internal/access/JavaIOPrintStreamAccess
instanceKlass jdk/internal/misc/InternalLock
instanceKlass java/io/OutputStream
instanceKlass java/io/Flushable
instanceKlass java/io/FileDescriptor$1
instanceKlass jdk/internal/access/JavaIOFileDescriptorAccess
instanceKlass java/io/FileDescriptor
instanceKlass jdk/internal/util/StaticProperty
instanceKlass jdk/internal/reflect/MethodHandleAccessorFactory
instanceKlass java/lang/reflect/Modifier
instanceKlass java/lang/Class$1
instanceKlass java/lang/Class$Atomic
instanceKlass java/lang/Class$ReflectionData
instanceKlass java/nio/charset/StandardCharsets
instanceKlass sun/nio/cs/HistoricallyNamedCharset
instanceKlass java/nio/charset/spi/CharsetProvider
instanceKlass java/nio/charset/Charset
instanceKlass java/util/HashMap$HashIterator
instanceKlass java/util/concurrent/locks/LockSupport
instanceKlass java/util/concurrent/ConcurrentHashMap$Node
instanceKlass java/util/concurrent/ConcurrentHashMap$CounterCell
instanceKlass java/util/concurrent/locks/ReentrantLock
instanceKlass java/util/concurrent/locks/Lock
instanceKlass java/lang/CharacterData
instanceKlass java/util/Arrays
instanceKlass jdk/internal/util/Preconditions$3
instanceKlass jdk/internal/util/Preconditions$2
instanceKlass jdk/internal/util/Preconditions$4
instanceKlass java/util/function/BiFunction
instanceKlass jdk/internal/util/Preconditions$1
instanceKlass java/util/function/Function
instanceKlass jdk/internal/util/Preconditions
instanceKlass java/lang/Runtime
instanceKlass java/lang/VersionProps
instanceKlass java/lang/StringConcatHelper
instanceKlass java/util/HashMap$Node
instanceKlass java/util/Map$Entry
instanceKlass jdk/internal/util/ArraysSupport
instanceKlass jdk/internal/util/SystemProps$Raw
instanceKlass jdk/internal/util/SystemProps
instanceKlass java/lang/System$2
instanceKlass jdk/internal/access/JavaLangAccess
instanceKlass java/lang/ref/NativeReferenceQueue$Lock
instanceKlass java/lang/ref/ReferenceQueue
instanceKlass java/lang/ref/Reference$1
instanceKlass jdk/internal/access/JavaLangRefAccess
instanceKlass jdk/internal/reflect/ReflectionFactory
instanceKlass java/lang/Math
instanceKlass java/lang/StringLatin1
instanceKlass jdk/internal/reflect/Reflection
instanceKlass jdk/internal/reflect/ReflectionFactory$GetReflectionFactoryAction
instanceKlass java/security/PrivilegedAction
instanceKlass jdk/internal/access/SharedSecrets
instanceKlass java/lang/reflect/ReflectAccess
instanceKlass jdk/internal/access/JavaLangReflectAccess
instanceKlass java/util/ImmutableCollections
instanceKlass java/util/Objects
instanceKlass java/util/Set
instanceKlass jdk/internal/misc/CDS
instanceKlass java/lang/Module$ArchivedData
instanceKlass jdk/internal/misc/VM
instanceKlass java/lang/String$CaseInsensitiveComparator
instanceKlass java/util/Comparator
instanceKlass java/io/ObjectStreamField
instanceKlass jdk/internal/vm/FillerObject
instanceKlass jdk/internal/vm/vector/VectorSupport$VectorPayload
instanceKlass jdk/internal/vm/vector/VectorSupport
instanceKlass java/lang/reflect/RecordComponent
instanceKlass java/util/Iterator
instanceKlass java/lang/Number
instanceKlass java/lang/Character
instanceKlass java/lang/Boolean
instanceKlass java/util/concurrent/locks/AbstractOwnableSynchronizer
instanceKlass java/lang/LiveStackFrame
instanceKlass java/lang/StackFrameInfo
instanceKlass java/lang/StackWalker$StackFrame
instanceKlass java/lang/StackStreamFactory$AbstractStackWalker
instanceKlass java/lang/StackWalker
instanceKlass java/nio/Buffer
instanceKlass java/lang/StackTraceElement
instanceKlass java/util/RandomAccess
instanceKlass java/util/List
instanceKlass java/util/SequencedCollection
instanceKlass java/util/AbstractCollection
instanceKlass java/util/Collection
instanceKlass java/lang/Iterable
instanceKlass java/util/concurrent/ConcurrentMap
instanceKlass java/util/AbstractMap
instanceKlass java/security/CodeSource
instanceKlass jdk/internal/loader/ClassLoaders
instanceKlass java/util/jar/Manifest
instanceKlass java/lang/Enum
instanceKlass java/net/URL
instanceKlass java/io/InputStream
instanceKlass java/io/Closeable
instanceKlass java/lang/AutoCloseable
instanceKlass jdk/internal/module/Modules
instanceKlass jdk/internal/misc/Unsafe
instanceKlass jdk/internal/misc/UnsafeConstants
instanceKlass java/lang/AbstractStringBuilder
instanceKlass java/lang/Appendable
instanceKlass java/lang/AssertionStatusDirectives
instanceKlass java/lang/invoke/MethodHandleNatives$CallSiteContext
instanceKlass jdk/internal/foreign/abi/ABIDescriptor
instanceKlass jdk/internal/foreign/abi/NativeEntryPoint
instanceKlass java/lang/invoke/CallSite
instanceKlass java/lang/invoke/MethodType
instanceKlass java/lang/invoke/TypeDescriptor$OfMethod
instanceKlass java/lang/invoke/LambdaForm
instanceKlass java/lang/invoke/MethodHandleNatives
instanceKlass java/lang/invoke/ResolvedMethodName
instanceKlass java/lang/invoke/MemberName
instanceKlass java/lang/invoke/VarHandle
instanceKlass java/lang/invoke/MethodHandle
instanceKlass jdk/internal/reflect/CallerSensitive
instanceKlass java/lang/annotation/Annotation
instanceKlass jdk/internal/reflect/FieldAccessor
instanceKlass jdk/internal/reflect/ConstantPool
instanceKlass jdk/internal/reflect/ConstructorAccessor
instanceKlass jdk/internal/reflect/MethodAccessor
instanceKlass jdk/internal/reflect/MagicAccessorImpl
instanceKlass jdk/internal/vm/StackChunk
instanceKlass jdk/internal/vm/Continuation
instanceKlass jdk/internal/vm/ContinuationScope
instanceKlass java/lang/reflect/Parameter
instanceKlass java/lang/reflect/Member
instanceKlass java/lang/reflect/AccessibleObject
instanceKlass java/lang/Module
instanceKlass java/util/Map
instanceKlass java/util/Dictionary
instanceKlass java/lang/ThreadGroup
instanceKlass java/lang/Thread$UncaughtExceptionHandler
instanceKlass java/lang/Thread$Constants
instanceKlass java/lang/Thread$FieldHolder
instanceKlass java/lang/Thread
instanceKlass java/lang/Runnable
instanceKlass java/lang/ref/Reference
instanceKlass java/lang/Record
instanceKlass java/security/AccessController
instanceKlass java/security/AccessControlContext
instanceKlass java/security/ProtectionDomain
instanceKlass java/lang/SecurityManager
instanceKlass java/lang/Throwable
instanceKlass java/lang/System
instanceKlass java/lang/ClassLoader
instanceKlass java/lang/Cloneable
instanceKlass java/lang/Class
instanceKlass java/lang/invoke/TypeDescriptor$OfField
instanceKlass java/lang/invoke/TypeDescriptor
instanceKlass java/lang/reflect/Type
instanceKlass java/lang/reflect/GenericDeclaration
instanceKlass java/lang/reflect/AnnotatedElement
instanceKlass java/lang/String
instanceKlass java/lang/constant/ConstantDesc
instanceKlass java/lang/constant/Constable
instanceKlass java/lang/CharSequence
instanceKlass java/lang/Comparable
instanceKlass java/io/Serializable
ciInstanceKlass java/lang/Object 1 1 124 7 1 10 12 1 1 10 7 12 1 1 1 10 7 12 1 1 1 10 12 1 1 8 1 10 12 1 1 10 7 12 1 1 1 10 12 1 10 12 1 1 10 7 12 1 1 1 10 12 1 10 12 1 100 1 10 7 12 1 1 1 10 12 1 1 10 12 1 100 1 8 1 10 12 1 3 8 1 7 1 5 0 1 1 1 1 1 1 1 1 1 1 1 1 1 1 1 1 100 1 1 1 1 1 1 1 1 1 1 7 1 1 1 1 1 1 1 1 1 1 3 1 1
ciMethod java/lang/Object equals (Ljava/lang/Object;)Z 512 0 19832 0 -1
ciMethod java/lang/Object hashCode ()I 256 0 128 0 -1
ciInstanceKlass java/io/Serializable 1 0 7 100 1 100 1 1 1
ciInstanceKlass java/lang/System 1 1 834 10 7 12 1 1 1 9 7 12 1 1 1 10 12 1 10 12 1 1 10 12 1 1 10 12 1 9 12 1 1 10 7 12 1 1 1 11 100 12 1 1 1 10 100 12 1 1 1 10 12 1 1 10 12 1 1 100 1 8 1 10 12 1 10 7 12 1 1 1 10 7 12 1 1 1 18 12 1 1 10 7 12 1 1 1 7 1 10 12 1 1 10 7 12 1 1 1 10 12 1 10 7 12 1 1 1 9 100 12 1 1 1 10 7 12 1 1 1 11 7 12 1 1 1 10 12 1 1 10 7 12 1 1 1 7 1 10 10 12 1 1 8 1 10 12 1 8 1 10 12 1 9 12 1 1 8 1 10 7 12 1 1 1 10 12 1 1 100 1 8 1 10 9 12 1 1 8 1 10 12 1 1 10 100 12 1 1 1 8 1 10 12 1 7 1 10 12 1 8 1 10 12 1 10 12 1 1 100 1 10 12 10 12 1 9 12 1 1 9 12 1 1 10 7 12 1 1 1 10 7 12 1 1 1 10 12 1 1 10 12 1 10 12 1 10 7 12 1 1 1 10 12 1 100 1 100 1 8 1 10 12 1 10 12 1 1 7 1 10 12 1 100 1 8 1 10 10 12 1 100 1 8 1 10 8 1 10 7 12 1 1 8 1 10 12 100 1 8 1 10 10 12 1 1 10 7 12 1 1 1 100 1 18 12 1 100 1 9 100 12 1 1 1 10 12 1 100 1 10 12 1 1 10 12 1 1 10 7 12 1 1 1 10 12 1 1 10 12 1 10 12 1 10 12 1 1 10 12 1 7 1 10 12 1 9 7 12 1 1 1 10 7 12 1 1 1 10 12 1 10 12 1 10 7 12 1 1 1 7 1 8 1 10 9 12 1 9 12 1 10 12 1 10 7 12 1 1 10 12 1 10 12 1 1 8 1 10 12 1 1 8 1 11 12 1 10 12 11 12 1 1 11 7 12 1 1 1 11 7 12 1 1 11 12 1 1 7 1 11 12 1 10 12 1 8 1 10 12 1 1 8 1 8 1 8 1 8 1 11 12 1 10 12 1 10 12 1 10 12 1 8 1 10 12 1 1 8 1 9 12 1 8 1 10 7 12 1 1 8 1 7 1 9 7 12 1 1 1 10 12 1 7 1 9 12 10 9 12 7 1 10 12 9 12 1 1 8 1 10 12 1 1 8 1 10 7 12 1 1 10 12 1 10 12 1 1 11 7 12 1 1 10 12 10 7 12 1 1 1 9 12 1 1 7 1 8 1 10 12 1 1 10 7 12 1 1 1 7 1 10 12 1 1 10 12 1 8 1 8 1 10 8 1 8 1 8 1 8 1 10 10 7 12 1 1 10 12 1 10 12 1 1 10 12 1 1 10 12 1 10 100 12 1 1 1 10 7 1 8 1 10 10 10 12 1 1 10 12 1 1 8 1 10 12 1 8 1 8 1 10 12 1 10 7 12 1 1 1 10 12 1 1 7 1 10 10 12 1 10 12 1 9 12 1 1 3 1 3 1 1 1 1 1 1 1 1 1 1 1 1 100 1 1 100 1 1 1 1 1 1 1 1 1 1 1 100 1 7 1 1 1 1 1 1 1 1 1 1 1 1 1 1 1 1 1 1 1 1 1 1 1 1 1 1 1 1 1 1 1 1 1 1 1 1 1 1 1 1 1 1 1 1 1 1 1 1 1 1 1 1 1 1 1 1 1 1 100 1 1 1 1 1 1 1 1 1 1 1 1 1 1 1 1 1 1 1 1 1 1 1 1 1 1 1 1 1 1 1 1 1 100 1 1 16 15 10 12 1 1 16 15 10 12 16 1 15 10 100 12 1 1 1 1 1 1 1 1 1 100 1 100 1 1
staticfield java/lang/System in Ljava/io/InputStream; java/io/BufferedInputStream
staticfield java/lang/System out Ljava/io/PrintStream; java/io/PrintStream
staticfield java/lang/System err Ljava/io/PrintStream; java/io/PrintStream
ciInstanceKlass java/lang/SecurityManager 0 0 576 10 7 12 1 1 1 9 7 12 1 1 1 10 7 12 1 1 1 100 1 8 1 10 12 1 10 12 1 1 10 7 12 1 1 1 10 7 1 10 100 1 10 9 100 12 1 1 1 10 7 12 1 1 1 10 12 1 1 10 7 12 1 1 100 1 8 1 10 9 12 1 1 9 12 1 8 1 9 12 1 7 1 10 8 1 10 12 1 1 10 12 1 10 12 1 1 100 1 10 10 12 1 1 100 1 8 1 10 12 1 8 1 8 1 8 1 8 1 8 1 8 1 10 12 1 8 1 8 1 8 1 8 1 8 1 10 7 12 1 1 1 10 12 1 1 8 1 100 1 8 1 10 8 1 8 1 8 1 8 1 8 1 10 100 12 1 1 8 1 100 1 8 1 8 1 10 8 1 10 12 1 100 1 8 1 10 10 12 1 1 10 12 1 10 12 1 10 12 1 10 100 12 1 1 1 10 12 1 10 100 12 1 1 11 100 12 1 1 1 18 12 1 1 11 100 12 1 1 1 18 12 1 1 11 12 1 1 18 18 11 12 1 18 12 1 11 12 1 1 9 12 1 1 9 12 1 9 12 1 9 12 1 100 1 10 100 12 1 1 10 12 1 10 12 1 18 12 1 18 10 100 12 1 1 1 18 12 1 10 12 1 18 18 8 1 10 12 1 9 12 1 1 11 7 12 1 1 1 8 1 100 1 10 12 1 10 12 1 1 10 12 1 1 9 12 1 1 10 12 1 10 12 1 1 8 1 100 1 10 9 12 1 8 1 10 12 1 8 1 100 1 10 10 100 12 1 1 10 100 1 9 7 12 1 1 1 11 12 1 1 10 12 1 11 12 1 10 12 1 7 1 10 10 12 1 1 10 12 1 1 1 1 1 1 1 1 1 1 1 7 1 1 1 1 1 1 1 1 1 1 1 1 1 1 1 1 1 1 1 1 1 1 1 1 1 1 1 1 1 1 1 1 1 1 1 1 1 1 1 1 1 1 1 1 1 1 1 1 1 1 1 1 1 1 1 1 3 1 1 1 1 1 1 1 1 1 1 100 1 1 1 1 1 1 1 1 1 1 1 1 1 1 1 1 1 1 1 1 1 1 1 1 1 1 1 1 1 1 1 1 1 1 1 1 1 1 16 15 10 7 12 1 1 1 16 1 16 15 10 12 16 1 15 10 12 16 15 11 7 1 16 1 16 1 15 10 12 16 15 10 12 16 15 10 12 1 16 1 15 11 12 1 15 10 12 16 15 10 16 1 15 10 100 12 1 1 1 1 1 1 100 1 100 1 1
ciInstanceKlass java/security/AccessController 1 1 295 10 7 12 1 1 1 10 7 12 1 1 1 10 7 12 1 1 1 10 12 1 1 10 12 1 1 10 7 12 1 1 1 10 12 1 1 10 12 1 10 12 1 1 10 12 1 100 1 8 1 10 12 1 10 12 1 10 12 1 1 10 12 1 7 1 7 1 10 12 1 1 10 12 1 10 12 1 10 12 1 1 10 7 12 1 1 1 10 12 1 1 9 100 12 1 1 1 10 7 12 1 1 1 10 12 1 10 12 1 9 100 12 1 1 1 10 12 1 10 12 1 1 9 12 1 1 10 100 1 10 11 7 12 1 1 1 10 7 12 1 1 11 7 1 100 1 10 12 1 10 12 1 10 12 1 8 1 10 12 1 1 8 1 10 100 12 1 1 1 8 1 7 1 10 10 12 1 1 10 12 1 10 7 12 1 1 1 10 12 1 8 1 10 7 12 1 1 8 1 8 1 10 12 1 8 1 10 12 1 10 12 1 1 10 12 1 1 1 1 1 1 1 1 1 1 1 1 1 1 1 1 1 1 1 1 1 1 1 1 1 1 1 1 100 1 1 1 1 1 1 1 1 1 1 1 1 1 1 1 1 1 1 1 1 1 1 1 1 1 1 1 1 1 1 1 1 1 1 100 1 100 1 1 1 1 1 1 1 1 1 3 1 1 1
staticfield java/security/AccessController $assertionsDisabled Z 1
ciInstanceKlass java/security/ProtectionDomain 1 1 348 10 7 12 1 1 1 9 7 12 1 1 1 7 1 10 9 12 1 1 9 12 1 1 9 12 1 1 10 7 12 1 1 7 1 9 12 1 9 12 1 1 7 1 9 12 1 1 9 12 1 10 100 12 1 1 10 100 12 1 1 1 10 12 1 1 10 12 1 9 12 1 9 100 12 1 1 10 12 1 1 10 100 1 10 12 1 1 8 1 7 1 8 1 10 12 1 10 11 10 7 12 1 1 1 10 12 1 1 8 1 11 8 1 10 12 1 8 1 8 1 10 12 1 1 10 12 1 10 12 1 1 10 12 1 8 1 10 12 1 8 1 8 1 10 7 12 1 1 1 9 100 12 1 1 1 10 12 1 1 9 100 12 1 1 1 10 7 12 1 1 1 100 1 18 12 1 1 10 7 12 1 1 1 10 7 1 10 12 1 10 12 1 1 11 100 12 1 1 11 12 1 100 1 11 7 12 1 1 1 10 12 1 10 11 12 1 1 11 12 1 1 10 12 1 10 7 12 1 1 10 100 12 1 1 11 12 1 10 12 10 12 1 8 1 8 1 10 7 12 1 1 1 7 1 10 10 7 12 1 1 1 1 1 1 1 1 1 1 7 1 1 7 1 1 1 1 1 1 1 1 1 1 1 1 1 1 1 1 1 1 1 1 1 1 1 1 1 1 1 1 1 1 1 1 1 1 1 1 1 1 1 1 1 1 1 1 7 1 1 1 1 1 1 100 1 1 16 15 10 12 16 15 10 100 12 1 1 1 1 1 1 1 100 1 100 1 1
staticfield java/security/ProtectionDomain filePermCompatInPD Z 0
ciInstanceKlass java/security/CodeSource 1 1 398 10 7 12 1 1 1 9 7 12 1 1 1 9 12 1 1 9 12 1 1 9 12 1 1 10 7 12 1 1 1 9 12 1 1 10 7 12 1 1 10 7 10 7 12 1 1 1 10 100 12 1 1 1 10 12 1 1 7 1 10 10 7 12 1 1 1 10 7 12 1 1 1 10 12 1 1 7 1 10 12 1 1 10 12 1 1 10 12 1 1 10 12 1 10 10 10 12 1 1 10 7 12 1 1 1 10 12 1 10 12 1 10 12 1 8 1 10 12 1 10 12 1 10 12 1 1 10 12 1 8 1 10 12 1 1 10 7 1 10 10 12 1 1 8 1 10 12 1 10 12 1 10 12 1 8 1 8 1 9 12 1 1 100 1 8 1 10 12 1 10 12 1 1 8 1 10 12 1 8 1 8 1 8 1 10 100 12 1 1 10 12 1 1 10 12 1 10 12 1 1 10 12 1 1 10 12 1 1 100 1 100 1 10 12 1 10 12 10 12 1 1 10 100 12 1 1 10 12 1 7 1 10 12 10 100 12 1 1 1 10 8 1 10 12 1 10 12 1 10 12 1 1 100 1 10 12 1 1 100 1 7 1 8 1 8 1 10 10 12 1 1 10 100 12 1 1 1 7 1 10 12 10 12 1 1 11 7 12 1 1 10 10 12 1 11 10 12 1 8 1 100 1 10 12 1 10 12 1 1 10 12 1 11 12 1 1 7 1 1 1 1 5 0 1 1 1 1 1 1 1 1 1 1 1 1 1 1 1 1 1 1 1 1 1 1 1 1 1 1 1 1 1 1 1 1 1 1 1 1 1 1 1 1 1 1 1 1 1 1 1 1 1 1 1 1 1 1 1 1 1 1 1 1 1 1 1 1 1 1 100 1 1 1 1 1 1 1
ciInstanceKlass java/lang/Boolean 1 1 152 10 7 12 1 1 1 9 7 12 1 1 1 10 12 1 1 10 12 1 8 1 10 7 12 1 1 9 12 1 1 9 12 1 10 12 1 1 10 12 1 1 10 12 1 1 10 7 12 1 1 1 100 1 100 1 10 12 1 1 9 100 12 1 1 9 12 10 100 12 1 1 1 10 12 1 1 8 1 10 7 12 1 1 1 9 12 1 1 7 1 7 1 7 1 1 1 1 1 1 5 0 1 1 1 1 1 1 1 1 1 1 3 1 1 1 1 1 1 1 1 1 1 1 1 1 1 1 1 1 1 7 1 1 1 1 1 1 1 1 1 1 100 1 1 1 1 1 1 1 1 1
staticfield java/lang/Boolean TRUE Ljava/lang/Boolean; java/lang/Boolean
staticfield java/lang/Boolean FALSE Ljava/lang/Boolean; java/lang/Boolean
staticfield java/lang/Boolean TYPE Ljava/lang/Class; java/lang/Class
ciInstanceKlass java/lang/Comparable 1 0 12 100 1 100 1 1 1 1 1 1 1 1
ciInstanceKlass java/lang/constant/Constable 1 0 11 100 1 100 1 1 1 1 1 1 1
ciInstanceKlass java/util/Map 1 1 263 11 7 12 1 1 1 11 12 1 1 10 7 12 1 1 11 12 1 1 11 7 12 1 1 1 11 7 12 1 1 1 11 12 1 1 7 1 11 12 1 11 12 1 100 1 100 1 10 12 1 1 11 7 12 1 1 1 11 100 12 1 1 1 11 12 1 11 12 1 10 12 1 1 11 12 1 11 7 12 1 9 7 12 1 1 1 100 1 10 12 7 1 7 1 10 12 1 7 1 10 7 1 11 12 1 11 12 1 1 11 12 1 1 7 1 11 12 1 1 1 1 1 1 1 1 1 1 1 1 1 1 1 1 1 1 1 1 1 1 1 1 1 1 1 1 1 1 1 1 1 1 1 1 1 1 1 1 1 1 1 1 1 1 1 1 1 1 1 1 1 1 1 1 1 1 1 1 1 1 1 1 1 1 1 1 1 1 1 1 1 1 1 1 1 1 1 1 1 1 1 1 1 1 1 1 1 1 1 1 1 1 1 1 1 1 1 1 1 1 1 1 1 1 1 1 1 1 1 1 1 1 1 1 1 1 1 1 1 1 1 1 1 1 100 1 1 1 1 1 1 1 1 1 1 1 1 1 1 1 1 1 1
ciInstanceKlass java/lang/Class 1 1 1698 10 7 12 1 1 1 9 7 12 1 1 1 9 12 1 1 10 12 1 1 8 1 10 12 1 8 1 8 1 10 12 1 1 10 7 12 1 1 1 10 12 1 7 1 10 10 12 1 10 12 1 1 10 12 1 1 10 12 1 1 10 100 12 1 1 10 12 1 10 12 1 10 12 1 8 1 10 12 1 8 1 10 12 1 8 1 8 1 10 12 1 1 10 100 12 1 1 1 18 12 1 1 11 100 12 1 1 1 8 1 8 1 8 1 10 100 12 1 1 1 11 12 1 1 8 1 10 12 1 10 11 100 12 1 1 1 11 7 12 1 1 1 11 8 1 18 8 1 10 12 1 10 7 12 1 1 10 12 1 1 10 7 12 1 1 1 10 12 1 1 10 12 1 1 10 7 12 1 1 1 10 12 9 100 12 1 1 1 10 7 12 1 1 1 10 12 1 10 7 12 1 1 1 10 12 1 1 18 12 1 1 10 7 12 1 1 1 10 7 12 1 10 12 1 1 10 7 1 7 1 10 12 1 1 9 12 1 1 100 1 8 1 10 12 1 10 12 1 1 10 12 1 1 10 7 12 1 1 1 7 1 10 12 1 100 1 100 1 10 10 12 1 1 10 12 1 1 100 1 10 7 12 1 1 1 10 12 1 1 10 12 1 1 9 12 1 1 10 12 1 10 12 1 1 9 12 1 1 9 12 1 1 10 12 1 1 10 7 1 10 12 1 10 12 1 10 12 1 1 10 9 12 1 10 12 1 8 1 10 12 1 1 10 12 1 1 10 12 1 10 12 1 1 10 12 1 1 10 12 1 1 9 7 12 1 1 1 10 100 12 1 1 10 12 10 12 1 10 12 1 10 12 1 10 12 1 9 100 12 1 1 1 9 12 1 10 12 1 10 100 12 1 1 1 10 12 1 1 10 100 12 1 1 10 12 1 10 12 1 1 10 100 12 1 1 1 10 12 1 10 12 1 1 10 12 1 10 12 1 10 12 1 1 10 7 1 10 10 10 12 1 1 10 12 1 1 10 12 10 10 12 1 1 7 1 8 1 10 10 12 1 1 10 12 1 100 1 11 12 1 10 100 12 1 1 10 12 1 10 12 1 10 100 12 1 1 10 10 12 1 1 8 1 10 12 1 10 12 1 1 8 1 10 12 1 9 12 1 10 12 1 10 12 1 10 12 1 10 12 7 1 9 12 1 10 12 1 9 12 1 10 12 1 10 12 1 10 12 1 10 10 12 1 10 12 1 10 100 12 1 1 10 12 1 10 12 1 10 12 1 1 10 12 1 10 12 1 10 12 1 100 1 10 12 1 10 12 1 1 10 12 1 1 10 12 1 1 10 12 1 1 10 12 1 1 10 12 1 1 100 1 10 10 12 1 1 10 12 1 1 10 12 1 1 10 10 12 1 10 12 1 1 10 12 1 1 10 12 1 1 10 12 1 1 7 1 10 10 12 11 7 12 1 1 10 12 1 10 12 1 10 7 12 1 1 1 10 12 1 1 10 10 12 1 1 7 1 10 10 12 1 1 10 7 12 1 1 1 100 1 100 1 10 12 1 1 10 12 1 10 10 12 1 1 10 12 1 10 12 1 10 12 1 10 100 12 1 1 1 11 100 12 1 1 10 12 1 10 12 1 9 12 1 10 12 1 1 10 12 1 9 12 1 1 100 1 10 9 12 1 1 10 12 7 1 10 12 1 9 12 1 10 100 12 1 1 1 10 12 1 10 12 1 10 100 12 1 1 1 10 12 1 10 12 10 12 1 1 100 1 10 8 1 10 12 1 11 11 12 1 1 11 7 12 1 1 11 12 1 8 1 10 12 1 10 12 1 1 9 12 1 9 12 1 1 10 7 12 1 1 9 12 1 10 12 1 1 10 10 12 1 10 7 12 1 1 1 10 7 12 1 1 10 7 12 1 1 9 12 1 1 10 12 1 9 12 1 10 12 1 10 12 1 1 9 12 1 1 9 12 1 10 12 1 10 12 1 1 9 12 1 100 1 10 10 12 1 1 7 1 10 12 1 1 100 11 7 1 9 12 1 1 9 12 1 7 1 10 12 1 9 12 1 1 9 12 1 10 12 1 10 12 1 1 9 12 1 100 1 10 10 12 1 1 10 10 12 1 10 12 10 10 12 1 9 12 1 10 12 1 1 10 7 12 1 1 1 10 12 1 1 10 12 1 8 10 100 8 1 18 8 1 8 1 10 12 1 9 12 1 9 12 1 1 10 12 1 7 1 7 1 10 12 1 9 12 1 1 7 1 10 10 12 1 10 7 1 9 12 1 8 1 10 12 1 7 1 10 12 1 10 12 1 1 100 1 7 1 9 12 1 100 1 8 1 10 10 7 12 1 1 1 10 12 11 7 12 1 1 1 10 12 1 10 12 1 1 10 8 1 8 1 10 12 1 1 9 100 12 1 1 11 12 7 1 11 7 12 1 1 9 12 1 10 100 12 1 1 1 10 100 12 1 1 10 12 1 1 9 12 1 9 10 12 1 1 10 12 1 1 10 12 1 1 10 12 1 1 10 12 1 1 11 12 1 100 1 11 12 1 10 100 12 1 1 1 10 12 1 11 12 1 10 100 12 1 1 1 10 12 1 10 100 12 1 1 1 11 12 1 11 12 1 1 10 12 1 10 12 1 1 9 12 1 1 9 100 12 1 1 10 12 1 10 100 12 1 1 1 10 12 1 1 10 12 1 10 12 1 10 12 1 10 7 12 1 1 1 10 12 1 8 1 10 12 1 10 12 1 10 12 1 100 1 10 12 10 100 12 1 1 1 11 100 12 1 1 1 10 12 1 1 10 12 1 18 12 1 1 11 12 1 1 18 11 12 1 18 12 1 11 12 1 10 12 1 1 10 12 1 10 12 1 10 12 1 10 12 1 10 12 10 12 1 8 1 10 12 1 7 1 9 12 1 1 7 1 7 1 7 1 7 1 1 1 3 1 3 1 3 1 1 1 1 1 1 1 5 0 1 1 1 1 1 1 1 1 1 1 1 1 1 1 1 1 1 1 1 1 1 1 1 1 100 1 1 1 1 1 1 1 100 1 1 1 1 1 7 1 1 1 1 1 1 1 1 1 1 1 1 1 1 1 1 1 1 1 1 1 1 1 1 1 1 1 1 1 1 1 1 1 1 1 1 1 1 1 1 1 1 100 1 1 1 1 1 1 1 1 1 1 1 1 1 1 1 1 1 1 1 1 1 1 1 1 1 1 1 1 1 1 1 100 1 1 1 1 1 1 1 1 1 1 1 1 1 1 1 1 1 1 1 1 3 1 1 1 1 1 1 1 1 1 1 1 1 1 1 1 1 1 1 1 1 1 1 1 1 1 1 1 1 1 1 1 1 1 1 1 7 1 7 1 1 1 1 1 1 1 1 1 1 1 1 1 1 1 1 1 1 1 1 1 1 1 1 1 1 1 1 1 1 1 1 1 1 1 1 1 1 1 1 1 1 1 1 1 1 1 1 1 1 1 1 1 1 1 1 1 1 1 1 1 1 1 1 1 1 1 1 1 1 1 1 1 1 1 1 1 1 1 1 1 1 1 1 1 1 1 1 1 1 1 1 1 1 1 1 1 1 1 1 1 1 1 1 1 1 1 1 1 1 1 1 1 1 1 1 1 1 1 1 1 1 1 1 1 1 1 1 1 1 1 1 16 15 10 12 16 15 11 12 16 1 16 15 16 15 10 12 16 16 15 10 12 16 15 16 1 15 10 12 16 15 10 100 12 1 1 1 1 1 1 1 1 1 1 1 1 7 1 1 100 1 100 1 1 100 1 100 1 1 100 1 100 1 1
staticfield java/lang/Class EMPTY_CLASS_ARRAY [Ljava/lang/Class; 0 [Ljava/lang/Class;
staticfield java/lang/Class serialPersistentFields [Ljava/io/ObjectStreamField; 0 [Ljava/io/ObjectStreamField;
ciInstanceKlass java/lang/reflect/AnnotatedElement 1 1 164 11 7 12 1 1 1 11 12 1 1 7 1 10 100 12 1 1 1 10 12 1 1 10 12 1 1 10 12 1 10 100 12 1 1 1 11 12 1 1 11 7 12 1 1 10 7 12 1 1 1 10 12 1 10 100 12 1 1 1 18 12 1 1 11 100 12 1 1 18 12 1 18 12 1 1 10 100 12 1 1 1 11 100 12 1 1 1 7 1 10 100 12 1 1 1 1 1 1 1 1 1 1 1 1 1 1 1 1 1 1 1 1 1 1 1 1 1 100 1 1 1 1 1 1 1 1 1 1 1 16 15 16 1 16 1 15 11 12 16 16 1 15 10 100 12 1 1 1 16 1 15 10 100 12 1 1 1 1 100 1 100 1 1
ciInstanceKlass java/lang/invoke/TypeDescriptor 1 0 17 100 1 100 1 1 1 1 1 1 100 1 100 1 1 1 1
ciInstanceKlass java/lang/reflect/GenericDeclaration 1 0 30 7 1 7 1 7 1 1 1 1 1 1 1 1 100 1 8 1 1 12 10 1 1 1 8 1 1 1 8 1
ciInstanceKlass java/lang/reflect/Type 1 1 17 11 100 12 1 1 1 100 1 1 1 1 1 1 1 1 1
ciInstanceKlass java/lang/invoke/TypeDescriptor$OfField 1 0 21 100 1 100 1 100 1 1 1 1 1 1 1 1 1 1 1 1 1 1 1
ciInstanceKlass java/lang/StringBuilder 1 1 422 10 7 12 1 1 1 10 12 1 10 12 1 10 12 1 1 10 7 12 1 1 1 10 7 12 1 1 1 10 12 1 10 12 1 10 12 1 10 12 1 10 12 1 10 12 1 10 12 1 10 12 1 10 12 1 10 12 1 10 12 1 10 12 1 10 12 1 10 12 1 1 10 12 1 10 12 1 1 10 12 1 1 10 12 1 10 12 1 10 12 1 10 12 1 10 12 1 10 12 1 10 12 1 10 12 10 12 1 10 12 1 10 12 1 10 12 1 1 10 12 1 10 12 1 10 12 10 12 1 1 10 12 1 10 12 1 10 12 1 10 100 12 1 1 1 9 12 1 1 10 12 1 10 12 1 1 10 12 1 1 9 12 1 1 10 100 12 1 1 1 10 100 1 10 12 1 1 10 100 12 1 1 10 12 1 10 12 1 1 100 1 100 1 8 1 10 10 12 1 1 10 12 1 10 12 1 10 12 1 1 10 12 1 10 12 1 10 12 1 10 12 1 10 12 1 10 12 10 12 1 10 12 1 10 12 1 10 12 1 10 12 1 10 12 1 10 12 1 10 12 1 10 12 1 1 10 12 1 1 10 12 1 10 12 1 10 12 1 10 12 10 12 10 12 1 10 12 1 10 12 1 10 12 10 12 1 10 12 1 10 12 1 10 12 1 10 12 1 10 12 1 10 12 1 10 12 1 10 12 1 1 10 12 1 10 12 1 1 10 12 1 10 12 1 1 10 12 1 10 12 1 1 10 12 1 10 12 1 10 12 1 10 10 12 1 10 12 1 7 1 7 1 7 1 7 1 1 1 1 5 0 1 1 1 1 1 1 1 1 1 1 1 1 1 1 1 1 1 1 1 1 1 1 1 1 1 1 1 1 1 1 1 1 1 1 1 1 1 1 1 1 1 1 1 1 100 1 1 1 7 1 1 1 1 1 1 1 1 1 1 1
instanceKlass java/lang/StringBuilder
instanceKlass java/lang/StringBuffer
ciInstanceKlass java/lang/AbstractStringBuilder 1 1 605 7 1 10 7 12 1 1 1 9 7 12 1 1 1 9 12 1 9 12 1 1 9 12 1 1 10 100 12 1 1 1 10 12 1 1 7 1 3 3 10 12 1 10 12 1 1 11 7 1 100 1 7 1 10 8 1 10 12 1 10 12 1 10 12 1 1 10 12 1 10 12 1 9 12 1 10 12 1 9 12 1 1 10 12 1 1 10 7 12 1 1 1 10 10 12 1 10 12 1 10 12 1 1 10 12 1 1 10 7 12 1 1 1 10 7 12 1 1 1 7 1 8 1 10 10 12 1 1 100 1 10 12 10 12 1 1 10 10 12 1 1 10 12 1 1 10 12 1 1 10 12 1 1 10 10 7 12 1 1 1 10 12 1 100 1 10 10 7 12 1 1 1 9 12 1 1 9 12 1 10 12 1 1 10 10 12 1 1 10 12 10 12 1 10 12 1 1 10 12 1 1 10 12 1 1 10 12 1 10 12 1 1 10 12 1 1 10 12 1 10 12 1 1 8 1 10 12 1 1 10 12 1 10 12 1 10 12 1 10 12 1 10 12 1 10 12 1 10 7 12 1 1 10 12 1 10 12 1 10 100 12 1 1 1 100 1 100 1 10 12 1 10 100 12 1 1 10 12 1 10 12 1 10 12 1 10 12 1 1 10 12 1 10 12 1 1 10 12 1 1 10 10 7 12 1 1 1 10 12 1 10 12 1 10 12 1 1 10 12 1 10 12 1 10 12 1 10 12 1 10 12 1 10 12 1 10 12 1 10 12 1 10 12 1 1 10 12 1 10 12 1 10 12 10 12 1 1 18 12 1 1 100 1 10 100 12 1 1 1 18 10 12 1 1 10 12 1 10 12 1 1 11 12 1 1 10 12 1 10 12 10 12 1 10 10 10 12 1 10 5 0 10 10 12 1 1 100 1 8 1 10 10 12 1 1 10 100 12 1 1 1 10 12 1 10 12 1 1 100 1 10 12 100 1 10 100 1 10 7 1 1 1 1 1 1 1 1 1 1 1 100 1 1 1 1 1 1 1 1 1 1 1 1 1 1 1 1 1 1 1 1 1 1 1 1 1 1 1 1 1 1 1 1 1 1 1 1 1 1 1 1 1 1 1 1 1 1 1 1 1 1 1 1 1 1 1 1 1 1 1 1 1 1 1 1 1 1 1 1 1 1 1 1 1 1 1 1 1 1 1 1 1 1 1 1 1 1 1 1 1 1 1 1 1 1 1 1 1 1 1 1 100 1 1 1 1 1 1 1 1 1 1 1 1 1 1 1 1 1 100 1 1 1 1 1 1 7 1 1 16 1 15 10 12 16 15 10 12 15 10 100 12 1 1 1 1 1 1 1 100 1 100 1 1
staticfield java/lang/AbstractStringBuilder EMPTYVALUE [B 0
ciInstanceKlass java/lang/Appendable 1 0 14 100 1 100 1 1 1 1 100 1 1 1 1 1
ciInstanceKlass java/lang/CharSequence 1 1 131 11 7 12 1 1 1 18 12 1 1 100 1 10 100 12 1 1 1 18 10 100 12 1 1 1 11 12 1 1 11 7 1 11 12 1 1 10 100 12 1 1 1 11 12 1 1 100 1 10 12 1 1 10 100 12 1 1 1 100 1 10 10 12 1 1 7 1 1 1 1 1 1 1 1 1 1 1 1 1 1 1 1 1 1 1 1 1 1 1 1 1 1 1 1 1 1 1 1 1 16 1 15 11 12 16 15 11 12 15 10 100 12 1 1 1 1 1 100 1 100 1 1 100 1 1 100 1 100 1 1
ciInstanceKlass java/lang/AutoCloseable 1 0 12 100 1 100 1 1 1 1 100 1 1 1
ciInstanceKlass java/io/Closeable 1 0 14 100 1 100 1 100 1 1 1 1 100 1 1 1
instanceKlass java/security/GeneralSecurityException
instanceKlass java/lang/InterruptedException
instanceKlass com/android/tools/r8/shaking/g4
instanceKlass java/lang/CloneNotSupportedException
instanceKlass com/android/tools/r8/internal/Sf0
instanceKlass sun/nio/fs/WindowsException
instanceKlass com/android/tools/r8/ResourceException
instanceKlass com/android/tools/r8/CompilationFailedException
instanceKlass java/util/concurrent/ExecutionException
instanceKlass java/io/IOException
instanceKlass java/lang/ReflectiveOperationException
instanceKlass java/lang/RuntimeException
ciInstanceKlass java/lang/Exception 1 1 40 10 7 12 1 1 1 10 12 1 10 12 1 10 12 1 10 12 1 100 1 1 1 1 5 0 1 1 1 1 1 1 1 1 1 1 1 1 1 1
instanceKlass java/lang/Exception
instanceKlass java/lang/Error
ciInstanceKlass java/lang/Throwable 1 1 404 10 7 12 1 1 1 9 7 12 1 1 1 9 12 1 1 9 12 1 9 12 1 1 9 12 1 10 12 1 1 9 12 1 1 10 12 1 1 10 12 1 100 1 7 1 10 8 1 10 12 1 1 8 1 10 100 12 1 1 10 10 12 1 100 1 8 1 10 10 12 1 1 10 7 12 1 1 10 12 1 8 1 9 7 12 1 1 1 10 12 1 1 100 1 10 12 10 12 1 10 100 12 1 1 1 100 1 10 12 10 12 1 10 12 1 100 1 10 10 7 12 1 1 1 11 100 12 1 1 1 10 12 1 1 10 12 1 1 8 1 10 12 1 10 12 1 1 8 1 8 1 10 12 1 1 10 12 1 8 1 8 1 9 12 1 1 10 12 1 1 100 1 10 11 12 1 8 1 8 1 10 7 12 1 1 8 1 10 12 1 8 1 100 1 10 12 1 9 12 1 1 10 12 1 10 100 12 1 9 12 1 1 10 12 1 1 100 1 8 1 10 12 1 10 100 12 1 1 10 12 1 1 7 1 10 100 12 1 1 1 10 12 1 11 7 12 1 1 1 11 7 12 1 1 11 12 1 8 1 10 12 1 1 8 1 10 10 9 100 12 1 1 1 8 1 10 12 1 1 11 10 100 1 8 1 10 11 12 1 1 8 1 9 12 1 10 100 12 1 1 11 9 12 1 1 11 12 1 1 100 10 12 1 10 12 1 1 7 1 1 1 1 5 0 1 1 1 1 1 1 1 1 1 1 1 1 1 7 1 1 1 1 1 1 1 1 1 1 1 1 1 1 1 1 1 1 1 1 1 1 1 1 1 1 1 1 1 1 1 1 1 1 1 1 1 1 1 1 1 1 1 1 100 1 7 1 1 1 1 1 1 1 1 1 1 1 1 1 1 1 1 1 1
staticfield java/lang/Throwable UNASSIGNED_STACK [Ljava/lang/StackTraceElement; 0 [Ljava/lang/StackTraceElement;
staticfield java/lang/Throwable SUPPRESSED_SENTINEL Ljava/util/List; java/util/Collections$EmptyList
staticfield java/lang/Throwable EMPTY_THROWABLE_ARRAY [Ljava/lang/Throwable; 0 [Ljava/lang/Throwable;
staticfield java/lang/Throwable $assertionsDisabled Z 1
instanceKlass java/security/Provider
ciInstanceKlass java/util/Properties 1 1 690 10 7 12 1 1 1 100 1 10 7 12 1 1 7 1 10 12 1 9 12 1 1 9 12 1 1 9 12 1 1 10 7 12 1 1 1 10 12 1 1 8 1 10 7 12 1 1 1 7 1 10 12 1 10 12 1 1 8 1 10 12 1 7 1 10 12 10 12 1 1 9 12 1 1 10 12 1 1 7 1 10 12 1 10 12 1 10 12 1 1 100 1 8 1 10 12 1 10 12 1 10 12 1 1 10 12 1 7 1 3 10 10 100 12 1 1 1 10 12 1 10 12 1 1 8 1 10 12 1 10 12 1 1 8 1 10 100 12 1 1 10 12 1 1 10 12 1 10 12 1 1 100 1 10 12 1 10 12 1 1 100 1 9 100 12 1 1 1 10 12 1 10 12 1 1 10 12 1 1 10 12 1 1 100 1 9 12 1 1 7 1 7 1 10 12 1 7 1 11 7 12 1 1 1 11 12 1 1 11 7 12 1 1 1 11 7 12 1 1 1 11 12 1 1 11 12 1 11 12 1 10 12 1 1 8 1 10 12 1 10 100 12 1 1 10 12 1 100 1 10 10 12 1 10 12 1 100 1 10 10 12 1 1 10 7 12 1 1 9 100 12 1 1 10 12 1 1 10 100 12 1 1 1 100 1 100 1 100 1 10 8 1 8 1 10 12 1 10 12 1 10 12 1 1 10 10 12 1 1 10 12 1 1 7 1 10 10 12 1 11 7 12 1 1 10 7 12 1 1 1 8 1 10 100 12 1 1 11 11 7 1 8 1 10 100 1 11 10 12 1 10 10 12 1 10 12 1 1 10 12 1 1 10 12 1 1 10 12 1 10 12 1 10 10 12 1 10 12 1 10 12 1 10 10 12 1 1 10 12 1 1 10 10 12 1 10 12 1 10 12 1 10 12 1 10 12 1 1 10 12 1 1 10 12 1 10 12 1 10 12 1 1 10 12 10 12 1 1 10 12 1 1 10 12 1 10 12 1 1 10 12 1 1 10 12 10 11 12 1 4 11 10 12 1 1 10 100 12 1 1 11 12 1 10 12 1 1 10 100 12 1 1 10 12 1 100 1 8 1 10 12 1 10 10 100 12 1 1 1 100 1 6 0 10 12 1 1 11 100 12 1 1 1 10 12 1 10 12 1 1 1 1 1 5 0 1 1 1 1 1 1 1 1 1 1 1 1 1 1 1 1 1 1 1 1 1 1 1 1 1 1 1 1 1 1 1 1 1 1 1 1 1 1 1 100 1 1 1 1 1 1 1 1 1 1 1 1 1 1 1 1 1 1 1 1 100 1 1 1 1 1 1 1 1 1 1 1 1 7 1 7 1 1 1 1 1 100 1 1 1 1 1 1 1 1 1 1 1 1 1 1 1 1 1 1 1 1 1 1 1 1 1 1 1 1 1 1 1 1 1 1 1 1 1 1 1 1 1 1 1 1 1 1 1 1 1 1 1 1 1 1 1 1 1 1 1 1 1 1 1 1 1 1 1 1 1 1 1 1 1 1 1 1 1 7 1 1 1 1 1 1 1 1 1 1 1 100 1 1
staticfield java/util/Properties UNSAFE Ljdk/internal/misc/Unsafe; jdk/internal/misc/Unsafe
instanceKlass java/util/Hashtable
ciInstanceKlass java/util/Dictionary 1 1 36 10 7 12 1 1 1 100 1 1 1 1 1 1 1 1 1 1 1 1 1 1 1 1 1 1 1 1 1 1 1 1 1 1 1 1
instanceKlass java/util/Properties
ciInstanceKlass java/util/Hashtable 1 1 516 7 1 10 7 12 1 1 1 9 7 12 1 1 1 100 1 7 1 10 8 1 10 12 1 1 10 12 1 10 12 1 1 10 12 1 10 7 12 1 1 1 8 1 10 12 1 9 12 1 1 7 1 9 12 1 1 4 10 7 12 1 1 1 9 12 1 4 10 12 1 11 7 12 1 1 1 10 12 1 1 10 12 1 1 9 12 1 10 12 1 1 100 1 10 9 12 1 1 10 7 12 1 1 1 9 12 1 1 10 12 1 10 12 1 3 9 12 1 9 12 1 3 10 12 1 10 12 1 10 12 1 1 11 12 1 1 11 100 12 1 1 1 11 7 12 1 1 1 11 12 1 100 1 11 12 1 11 12 1 10 12 1 1 10 12 1 1 10 12 1 9 12 1 1 9 12 9 12 1 1 10 100 1 7 1 10 12 1 10 8 1 10 10 12 1 8 1 10 8 1 10 100 12 1 1 1 7 1 10 12 1 10 12 1 100 1 10 12 1 10 12 1 1 100 1 10 100 1 10 10 12 1 1 11 12 1 1 11 12 1 7 1 10 10 10 100 12 1 1 11 100 12 1 1 1 100 1 10 11 100 12 1 1 11 100 12 1 10 12 1 10 12 1 1 10 100 12 1 1 10 12 1 1 10 12 1 1 10 12 1 1 10 100 12 1 1 1 8 10 100 12 1 1 100 1 8 1 10 4 4 10 12 1 1 10 12 1 8 1 4 10 12 10 100 12 1 1 1 100 1 11 100 12 1 1 1 10 100 12 1 1 1 10 12 1 10 12 1 1 10 7 1 7 1 1 1 1 1 1 5 0 1 1 1 1 1 3 1 3 1 3 1 1 1 1 1 1 1 1 1 1 1 1 1 1 1 1 1 1 1 1 1 1 1 1 1 100 1 1 1 1 1 1 1 1 1 1 1 1 1 1 1 1 1 1 1 1 1 1 1 1 1 1 1 1 1 7 1 1 1 1 1 1 1 1 1 1 1 1 1 1 7 1 1 1 1 1 1 1 1 1 1 1 1 1 1 1 1 1 1 1 1 1 1 1 1 1 1 1 1 1 1 1 1 1 1 1 1 1 1 1 1 1 1 1 1 100 1 1 1 7 1 1 1 1 1 7 1 1 1 1 1 1 1 1 1 1 1 1 1 1 1 1 1 1
ciInstanceKlass java/lang/String 1 1 1443 10 7 12 1 1 1 8 1 9 7 12 1 1 1 9 12 1 1 9 12 1 1 9 12 1 1 10 12 1 10 12 1 1 10 12 1 1 9 12 1 10 7 12 1 1 1 10 7 1 10 7 12 1 1 1 10 12 1 1 10 12 1 1 10 12 1 10 12 1 1 10 12 1 10 7 12 1 1 1 7 1 9 7 12 1 1 1 10 7 12 1 1 1 10 7 12 1 1 1 10 12 1 1 10 12 1 1 10 12 1 1 10 12 1 1 9 7 12 1 1 10 12 9 7 12 1 1 10 12 1 1 3 10 12 1 1 7 1 11 12 1 1 11 12 1 11 12 1 1 10 100 12 1 1 1 10 12 1 1 9 100 12 1 1 1 10 12 1 1 10 12 1 11 12 1 1 10 12 1 1 10 12 10 12 1 1 10 7 12 1 1 1 10 12 1 1 10 12 1 1 100 1 7 1 10 12 1 10 12 1 10 12 1 1 100 1 10 12 1 1 100 1 10 12 1 1 10 12 1 1 10 12 1 10 10 12 1 100 1 100 1 100 1 10 12 1 10 12 1 1 10 12 1 1 10 12 1 10 12 1 1 10 12 1 1 10 100 12 1 1 100 1 11 10 7 12 1 1 11 12 1 11 12 1 10 12 1 1 10 12 1 10 12 10 12 1 1 10 10 100 12 1 1 1 10 100 12 1 1 10 12 1 1 10 100 12 1 1 10 12 1 10 12 1 1 10 12 1 1 10 12 1 10 12 1 10 12 1 1 100 1 10 12 1 1 10 12 10 12 1 10 12 1 1 10 12 1 1 10 7 12 1 1 1 10 12 1 10 12 1 1 10 12 1 10 12 1 3 3 10 12 1 1 10 12 1 10 12 1 1 10 12 1 1 10 12 1 1 10 12 1 10 12 1 1 10 12 1 1 10 12 1 10 12 1 10 12 1 10 12 1 1 10 12 1 10 12 1 10 12 1 10 12 1 10 12 1 10 12 1 10 7 1 10 8 1 10 12 1 1 10 12 1 8 1 10 12 1 1 10 12 10 12 1 8 1 10 10 12 1 1 10 12 1 1 10 12 1 1 10 7 1 10 10 12 1 10 12 1 10 12 1 10 10 12 1 10 12 1 10 12 1 10 12 1 10 12 1 10 12 1 10 12 1 1 10 12 1 1 10 12 1 1 10 10 12 1 1 10 10 12 1 100 1 10 10 12 1 1 10 12 1 1 10 7 1 10 12 1 10 12 1 10 7 12 1 1 1 10 12 1 10 12 1 1 10 12 1 11 7 1 11 12 10 12 1 10 12 1 1 10 12 1 1 10 10 12 1 10 12 1 9 12 1 1 11 7 12 1 1 1 10 12 10 10 12 1 10 12 1 1 10 10 12 1 10 12 1 10 12 1 1 10 12 1 1 10 10 12 1 1 10 12 1 10 10 12 1 10 12 10 10 12 10 10 12 1 10 12 1 10 10 12 10 7 12 1 1 1 10 12 10 10 12 10 12 1 10 12 10 12 10 10 12 1 10 12 1 1 10 12 1 1 10 10 12 1 10 7 12 1 1 1 10 12 1 1 10 10 100 12 1 1 1 11 10 12 1 10 12 1 1 10 12 1 1 10 100 12 1 1 1 10 12 1 10 12 1 10 12 1 10 12 1 10 12 1 10 12 1 100 1 7 1 8 1 10 10 10 12 1 10 12 1 1 8 1 10 12 1 3 3 10 12 1 10 12 1 1 10 12 7 1 10 10 12 1 1 10 12 1 10 12 1 10 12 1 1 10 12 1 1 11 7 12 1 1 1 7 1 10 12 1 10 12 1 1 8 1 10 12 1 1 10 12 1 11 7 12 1 1 1 11 7 12 1 1 11 12 1 10 12 1 10 12 1 1 10 10 100 12 1 1 1 10 12 1 10 12 1 10 10 12 10 12 1 1 10 10 12 1 10 10 12 1 10 10 12 1 10 10 12 1 10 12 1 1 10 10 12 1 8 1 10 12 1 1 18 12 1 1 11 100 12 1 1 1 7 1 3 18 12 1 18 12 1 8 1 10 100 12 1 1 1 11 12 1 1 10 12 10 10 12 1 10 11 12 1 1 10 12 1 1 11 12 1 18 3 11 10 12 1 11 11 10 12 1 10 12 1 1 8 1 10 12 1 10 12 1 10 12 1 1 10 10 12 1 11 100 12 1 100 1 100 1 10 12 100 1 10 10 100 12 1 1 1 100 1 10 100 1 10 10 12 1 10 10 12 1 8 1 10 10 12 1 8 1 8 1 10 12 1 10 12 1 10 10 12 10 7 12 1 1 10 7 12 1 1 10 7 12 1 1 8 1 10 12 1 10 12 1 10 9 12 1 10 12 9 7 12 1 1 1 10 12 1 10 12 1 10 12 1 10 12 1 10 12 1 8 1 10 100 12 1 1 1 10 12 10 12 1 1 10 12 10 10 12 10 12 7 1 9 12 1 1 7 1 10 7 1 7 1 7 1 7 1 1 1 1 1 1 5 0 1 1 1 1 1 3 1 3 1 1 1 1 1 1 1 1 1 1 1 1 1 1 1 100 1 1 1 1 1 1 1 1 1 1 1 1 1 1 1 1 1 1 1 1 1 1 1 1 1 1 1 1 1 1 1 100 1 1 1 1 1 1 1 1 1 1 7 1 1 1 1 1 1 1 1 1 1 1 1 1 1 1 1 1 1 1 1 1 1 1 1 1 1 1 1 1 1 1 1 1 1 1 1 1 1 1 1 1 1 1 1 1 1 1 1 1 1 1 1 1 1 1 1 1 1 1 1 1 1 1 1 1 1 1 1 1 1 1 1 1 1 1 1 1 1 1 1 1 1 1 1 1 1 1 1 1 1 1 1 1 1 1 1 1 1 1 1 1 1 1 1 1 1 1 1 1 1 1 1 1 1 1 1 1 1 1 1 1 1 1 1 1 1 1 1 1 1 1 1 1 1 1 1 1 1 1 1 1 1 1 1 1 1 1 1 1 1 1 1 1 1 1 1 1 1 1 1 1 1 1 1 1 1 1 1 1 1 1 1 1 1 1 100 1 1 1 1 1 1 1 1 1 1 1 1 1 1 1 1 1 1 1 1 1 1 1 100 1 1 1 1 1 1 1 1 1 1 1 1 1 1 1 7 1 1 1 1 1 1 1 1 1 1 1 1 1 1 1 16 15 10 12 16 15 10 12 15 10 12 15 10 12 15 10 100 12 1 1 1 1 1 1 1 100 1 100 1 1 1
staticfield java/lang/String COMPACT_STRINGS Z 1
staticfield java/lang/String serialPersistentFields [Ljava/io/ObjectStreamField; 0 [Ljava/io/ObjectStreamField;
staticfield java/lang/String CASE_INSENSITIVE_ORDER Ljava/util/Comparator; java/lang/String$CaseInsensitiveComparator
ciInstanceKlass java/lang/constant/ConstantDesc 1 0 37 100 1 100 1 1 1 1 100 1 1 1 1 100 1 100 1 100 1 100 1 100 1 100 1 100 1 100 1 100 1 1 100 1 100 1 1
ciInstanceKlass java/lang/InternalError 0 0 34 10 100 12 1 1 1 10 12 1 10 12 1 10 12 1 100 1 1 1 1 5 0 1 1 1 1 1 1 1 1 1 1 1
instanceKlass java/lang/AssertionError
instanceKlass java/lang/VirtualMachineError
instanceKlass java/lang/LinkageError
ciInstanceKlass java/lang/Error 1 1 40 10 7 12 1 1 1 10 12 1 10 12 1 10 12 1 10 12 1 100 1 1 1 1 5 0 1 1 1 1 1 1 1 1 1 1 1 1 1 1
instanceKlass java/lang/StackOverflowError
instanceKlass java/lang/OutOfMemoryError
instanceKlass java/lang/InternalError
ciInstanceKlass java/lang/VirtualMachineError 1 1 34 10 100 12 1 1 1 10 12 1 10 12 1 10 12 1 100 1 1 1 1 5 0 1 1 1 1 1 1 1 1 1 1 1
ciInstanceKlass java/util/Set 1 1 144 100 1 10 100 12 1 1 1 9 7 12 1 1 1 7 1 10 12 1 1 10 12 1 7 1 7 1 10 12 1 7 1 7 1 11 100 12 1 1 1 11 12 1 1 100 1 10 12 1 10 12 1 1 11 12 1 1 1 1 1 1 1 1 1 1 1 1 1 1 1 1 1 1 1 1 1 1 1 1 1 1 1 1 1 1 1 1 1 1 1 1 1 1 1 1 1 1 1 1 1 1 1 1 1 1 1 1 1 1 1 1 1 1 1 1 1 1 1 1 1 1 1 1 1 1 1 1 1 1 1 1 1 1 1 1 1 1 1 1 1 1 1 1
ciInstanceKlass java/util/Iterator 1 1 53 100 1 8 1 10 12 1 1 10 7 12 1 1 1 11 7 12 1 1 1 11 12 1 1 11 7 12 1 1 1 7 1 1 1 1 1 1 1 1 1 1 1 1 1 1 1 1 1 1 1 1 1
ciInstanceKlass java/util/Map$Entry 1 0 178 18 12 1 1 7 1 100 1 18 10 100 12 1 1 1 18 12 1 18 100 1 11 7 12 1 1 1 11 12 1 11 7 12 1 1 1 10 100 12 1 1 1 10 7 12 1 1 1 8 1 10 12 1 1 8 1 8 1 8 1 10 12 1 10 12 1 8 10 7 1 10 12 1 8 10 12 1 8 1 10 12 1 8 10 12 1 8 1 10 12 1 1 8 1 100 1 8 1 10 12 1 1 11 12 7 1 11 12 1 1 1 1 1 1 1 1 1 1 1 1 1 1 1 1 1 1 1 1 1 1 1 1 1 1 1 1 1 1 1 1 1 1 1 1 1 1 1 16 15 11 12 16 3 3 15 11 12 15 11 12 15 11 12 15 10 100 12 1 1 1 1 1 100 1 100 1 1
instanceKlass java/util/jar/JarVerifier$VerifierStream
instanceKlass java/util/zip/ZipFile$ZipFileInputStream
instanceKlass java/io/FilterInputStream
instanceKlass java/io/FileInputStream
instanceKlass java/io/ByteArrayInputStream
ciInstanceKlass java/io/InputStream 1 1 195 7 1 10 7 12 1 1 1 100 1 10 10 7 12 1 1 1 10 7 12 1 1 1 10 12 1 100 1 3 10 12 1 1 100 1 8 1 10 12 1 10 7 12 1 1 1 3 7 1 8 1 10 10 7 12 1 1 1 7 1 10 11 7 12 1 1 1 10 12 1 1 11 12 1 1 11 7 12 1 1 1 11 12 1 1 7 1 10 7 12 1 1 1 5 0 10 12 1 10 12 1 1 100 1 10 8 1 10 8 1 8 1 10 12 1 1 10 100 12 1 1 1 7 1 5 0 10 12 1 100 1 7 1 1 1 1 3 1 3 1 1 1 1 1 1 1 1 1 1 1 1 1 1 1 1 1 1 1 1 1 1 1 1 1 1 1 1 1 1 1 1 1 1 1 1 1 1 1 1 1 1 1 1 1 1 1 1 1 1 1 1 1 1 1
ciInstanceKlass jdk/internal/misc/Unsafe 1 1 1287 10 7 12 1 1 1 9 7 12 1 1 1 9 12 1 1 10 12 1 1 10 7 12 1 1 1 10 12 1 1 10 12 1 1 10 12 1 1 10 12 1 1 10 12 1 1 10 12 1 1 10 12 1 1 10 12 1 1 10 12 1 1 10 12 1 1 10 12 1 1 10 12 1 1 10 12 1 1 10 12 1 10 12 1 100 1 10 10 12 1 1 10 12 1 1 5 0 10 12 1 1 10 12 1 1 10 7 12 1 1 1 10 12 1 1 10 12 1 10 12 1 10 12 1 1 10 12 1 1 10 12 1 10 12 1 7 1 7 1 10 8 1 10 12 1 1 10 12 1 8 1 10 12 1 1 10 12 1 10 12 1 10 12 1 1 10 12 1 10 12 1 1 10 12 1 1 10 12 1 10 12 1 10 12 1 10 12 1 1 10 12 1 10 12 1 10 12 1 1 10 12 1 5 0 5 0 5 0 10 12 1 10 12 1 10 12 1 10 12 1 10 12 1 10 12 1 10 12 1 10 12 1 10 12 1 1 10 12 1 10 12 1 7 1 8 1 10 100 1 10 10 12 1 1 10 12 1 1 10 12 1 10 12 1 1 10 12 1 1 10 12 1 10 12 1 1 10 12 1 9 7 12 1 1 9 12 1 100 1 10 10 12 1 1 8 1 10 8 1 8 1 10 12 1 1 9 7 12 1 1 1 9 7 1 9 7 1 9 7 1 9 9 7 1 9 7 1 9 7 1 10 12 1 1 10 12 1 1 10 12 1 1 10 12 1 1 5 0 5 0 9 12 1 1 10 12 1 10 12 1 10 12 1 1 10 12 1 1 10 12 1 8 1 3 10 12 1 1 10 12 1 1 10 12 1 10 12 1 1 10 12 1 1 10 12 1 10 12 1 10 12 1 10 12 1 10 12 1 10 12 1 1 10 12 1 1 10 12 1 10 12 1 10 12 1 10 12 1 10 12 1 10 12 1 1 10 12 1 1 10 12 1 10 12 1 10 12 1 10 12 1 10 12 1 10 12 1 1 10 12 1 1 10 12 1 1 10 12 1 1 10 12 1 10 12 1 10 12 1 10 12 1 10 12 1 10 12 1 10 12 1 1 10 12 1 1 10 12 1 10 12 1 10 12 1 10 12 1 10 12 1 10 12 1 10 12 1 1 10 12 1 1 10 12 1 10 12 1 10 12 1 10 12 1 10 12 1 10 12 1 10 12 1 10 12 1 1 10 12 1 10 12 1 10 12 1 10 12 1 10 12 1 1 10 12 1 10 12 1 10 12 1 10 12 1 10 12 1 10 12 1 10 12 1 10 12 1 1 10 12 1 10 12 1 10 12 1 10 12 1 10 12 1 10 12 1 1 10 12 1 10 12 1 10 12 1 1 10 12 1 10 12 1 10 12 1 10 12 1 10 12 1 10 12 1 10 12 1 10 12 1 10 12 1 10 12 1 10 12 1 10 12 1 10 12 1 10 12 1 10 12 1 10 12 1 10 12 1 10 12 1 10 12 1 10 12 1 10 12 1 10 12 1 10 12 1 100 1 10 100 1 10 9 12 1 5 0 10 12 1 1 5 0 10 12 1 5 0 10 12 1 10 12 1 10 12 1 1 10 12 1 1 10 12 1 10 12 1 10 12 1 10 12 1 1 10 12 1 10 12 1 10 12 1 10 12 1 10 12 1 1 10 12 1 10 12 1 10 12 1 10 12 1 1 10 12 1 10 12 1 10 12 1 1 10 12 1 10 12 1 10 12 1 10 12 1 1 10 12 1 10 10 12 1 1 10 12 1 10 12 1 1 10 12 1 10 12 5 0 5 0 5 0 10 12 1 1 10 12 1 10 12 1 10 12 10 100 12 1 1 8 1 100 1 11 12 1 1 8 1 11 12 1 1 10 100 12 1 1 10 12 1 10 12 1 10 12 1 10 12 1 10 12 1 1 10 12 1 10 12 1 10 12 1 10 12 1 10 12 1 10 12 1 10 7 1 10 12 1 9 12 1 7 1 9 12 1 7 1 9 12 1 7 1 9 12 1 7 1 9 12 1 7 1 9 12 1 7 1 9 12 1 7 1 9 12 1 7 1 9 12 1 10 12 1 9 12 1 9 12 1 9 12 1 9 12 1 9 12 1 9 12 1 9 12 1 9 12 1 9 12 1 9 12 1 1 1 3 1 1 1 1 1 1 1 1 1 1 1 1 1 1 1 1 1 1 1 1 1 1 1 1 1 1 1 1 1 1 1 1 1 1 1 1 1 1 1 1 1 1 1 1 1 1 1 1 1 1 1 1 1 1 1 1 1 1 1 1 1 1 1 1 1 1 1 1 1 1 1 1 1 1 1 1 1 1 1 1 1 1 1 1 1 1 1 1 1 100 1 1 1 1 1 1 1 1 1 1 1 1 1 1 1 1 1 1 1 1 1 1 1 1 1 1 1 1 1 1 1 1 1 1 1 1 1 1 1 1 1 1 1 1 1 1 1 1 1 1 1 1 1 1 1 1 1 1 1 1 1 1 1 1 1 1 1 1 1 1 1 1 1 1 1 1 1 1 1 1 1 1 1 1 1 1 1 1 1 1 1 1 1 1 1 1 1 1 1 1 1 1 1 1 1 1 1 1 1 1 1 1 1 1 1 1 1 1 1 1 1 1 1 1 1 1 1 1 1 1 1 1 1 1 1 1 1 1 1 1 1 1 1 1 1 1 1 1 1 1 1 1 1 1 1 1 1 1 1 1 1 1 1 1 1 1 1 1 1 1 1 1 1 1 1 1 1 1 1 1 1 1 1 1 1 1 1 1 1 1 1 1 1 1 1 1 1 1 1 1 1 1 1 1 1 1 3 1 1 1 1 1 1 1 1 1 1 1 1 1 1 1 1 1 1 1 1 1
staticfield jdk/internal/misc/Unsafe theUnsafe Ljdk/internal/misc/Unsafe; jdk/internal/misc/Unsafe
staticfield jdk/internal/misc/Unsafe ARRAY_BOOLEAN_BASE_OFFSET I 16
staticfield jdk/internal/misc/Unsafe ARRAY_BYTE_BASE_OFFSET I 16
staticfield jdk/internal/misc/Unsafe ARRAY_SHORT_BASE_OFFSET I 16
staticfield jdk/internal/misc/Unsafe ARRAY_CHAR_BASE_OFFSET I 16
staticfield jdk/internal/misc/Unsafe ARRAY_INT_BASE_OFFSET I 16
staticfield jdk/internal/misc/Unsafe ARRAY_LONG_BASE_OFFSET I 16
staticfield jdk/internal/misc/Unsafe ARRAY_FLOAT_BASE_OFFSET I 16
staticfield jdk/internal/misc/Unsafe ARRAY_DOUBLE_BASE_OFFSET I 16
staticfield jdk/internal/misc/Unsafe ARRAY_OBJECT_BASE_OFFSET I 16
staticfield jdk/internal/misc/Unsafe ARRAY_BOOLEAN_INDEX_SCALE I 1
staticfield jdk/internal/misc/Unsafe ARRAY_BYTE_INDEX_SCALE I 1
staticfield jdk/internal/misc/Unsafe ARRAY_SHORT_INDEX_SCALE I 2
staticfield jdk/internal/misc/Unsafe ARRAY_CHAR_INDEX_SCALE I 2
staticfield jdk/internal/misc/Unsafe ARRAY_INT_INDEX_SCALE I 4
staticfield jdk/internal/misc/Unsafe ARRAY_LONG_INDEX_SCALE I 8
staticfield jdk/internal/misc/Unsafe ARRAY_FLOAT_INDEX_SCALE I 4
staticfield jdk/internal/misc/Unsafe ARRAY_DOUBLE_INDEX_SCALE I 8
staticfield jdk/internal/misc/Unsafe ARRAY_OBJECT_INDEX_SCALE I 4
staticfield jdk/internal/misc/Unsafe ADDRESS_SIZE I 8
instanceKlass jdk/internal/reflect/DelegatingClassLoader
instanceKlass java/security/SecureClassLoader
ciInstanceKlass java/lang/ClassLoader 1 1 1108 9 7 12 1 1 1 10 7 12 1 1 1 9 12 1 1 10 7 12 1 1 1 7 1 10 12 1 1 10 12 1 1 9 12 1 1 10 12 1 1 100 1 10 12 1 10 12 1 1 10 7 12 1 1 1 100 1 8 1 10 12 1 10 7 12 1 1 1 10 7 12 1 10 7 1 10 7 1 7 1 7 1 10 12 1 10 12 1 9 12 1 1 10 10 7 12 1 1 1 9 12 1 1 9 12 1 9 12 1 1 9 12 1 9 12 1 1 9 12 1 1 7 1 10 12 1 9 12 1 1 10 12 1 1 10 7 12 1 1 1 9 12 1 9 12 1 1 9 12 1 10 12 1 1 9 12 10 12 1 1 7 1 10 8 1 10 12 1 1 10 12 1 10 7 1 7 1 10 12 1 1 10 7 12 1 1 1 8 1 10 12 1 10 12 1 10 12 1 1 10 12 1 1 10 12 1 1 10 12 1 1 10 12 1 1 10 12 1 7 1 10 12 1 10 100 12 1 1 1 10 12 1 1 10 12 1 10 12 1 10 12 1 10 12 1 10 12 1 1 10 10 12 1 10 12 1 10 100 12 1 1 10 12 1 1 10 12 1 1 10 12 1 100 1 10 12 1 7 1 10 12 1 10 7 12 1 1 1 10 10 12 1 1 10 12 1 1 7 1 8 1 10 8 1 10 12 1 10 12 1 100 1 8 1 10 12 1 1 10 12 1 1 10 10 12 1 1 10 12 1 1 10 12 1 1 10 7 1 10 12 1 1 10 12 1 1 10 12 1 1 10 12 1 1 10 12 1 1 10 12 1 1 10 12 1 10 100 12 1 1 1 10 12 1 10 12 1 10 12 1 1 10 12 1 10 12 1 10 12 1 10 12 1 1 10 12 1 10 12 1 1 8 1 9 12 1 10 12 1 1 8 1 8 1 10 7 12 1 1 100 1 10 10 12 10 12 1 10 12 1 10 12 1 10 12 1 1 10 7 12 1 1 10 12 1 10 7 1 7 1 10 12 1 1 10 12 1 10 7 1 10 12 1 100 1 18 12 1 10 100 12 1 1 1 10 100 12 1 1 1 10 7 12 1 1 10 12 1 10 12 1 100 1 10 12 1 8 1 10 10 12 1 1 10 12 1 10 12 1 1 100 1 10 12 1 10 12 1 1 10 7 12 1 1 10 12 1 8 1 100 1 10 10 12 1 9 12 1 10 7 12 1 1 10 12 1 7 1 8 1 10 12 1 10 8 1 8 1 10 12 1 1 10 12 1 1 10 12 1 1 10 7 12 1 1 7 1 100 1 10 12 1 1 7 1 7 1 10 7 12 1 1 10 12 1 10 12 1 1 10 12 1 10 12 1 1 10 12 1 1 9 100 12 1 1 1 10 12 1 1 10 12 1 10 12 1 10 12 1 1 10 12 1 8 1 7 1 18 12 1 1 10 12 1 1 10 12 1 10 12 1 10 12 1 8 1 10 12 1 10 12 1 18 12 1 11 100 12 1 1 1 100 1 10 12 1 1 10 12 1 10 11 12 1 1 10 18 10 12 1 1 11 7 12 1 18 12 1 11 12 1 1 10 12 10 12 1 1 10 12 1 1 100 1 8 1 10 10 12 1 8 1 8 1 10 100 12 1 1 10 12 1 100 1 10 10 12 1 8 1 8 1 8 1 10 12 1 10 12 1 1 10 12 1 10 7 12 1 1 1 11 7 12 1 1 100 1 10 11 10 12 1 10 12 1 10 12 1 1 9 7 12 1 1 9 12 1 1 9 12 9 12 1 9 12 1 9 12 1 8 10 12 1 1 10 7 12 1 1 1 10 12 1 1 10 12 1 1 10 12 1 10 10 12 1 11 12 1 1 10 100 12 1 1 1 100 1 10 12 1 10 12 1 10 12 1 1 1 1 1 1 1 1 1 1 1 1 1 1 1 1 1 1 1 1 1 1 1 1 1 1 1 1 100 1 1 1 1 1 1 1 1 1 1 1 1 1 1 1 1 1 1 1 1 1 100 1 1 1 1 1 1 1 1 1 1 100 1 1 1 1 1 1 1 1 1 1 1 1 1 1 1 1 1 1 1 1 1 1 1 1 1 1 1 1 1 1 1 1 1 1 1 1 1 1 1 1 1 100 1 1 1 1 1 1 1 1 1 1 1 1 1 1 1 1 1 1 1 7 1 1 1 1 1 1 1 1 1 1 1 1 1 1 1 1 1 1 1 1 1 1 1 1 1 1 1 1 1 1 1 1 1 1 1 1 1 1 1 1 1 1 1 1 1 1 1 1 1 1 100 1 1 1 1 1 1 1 1 1 1 1 1 1 1 1 1 1 1 1 1 1 1 1 1 1 1 1 1 1 1 1 1 1 1 1 1 1 1 1 1 1 1 1 1 1 1 16 1 15 10 12 16 1 16 15 10 12 16 1 16 1 15 10 12 16 15 10 12 16 15 10 12 16 15 10 100 12 1 1 1 1 1 100 1 100 1 1
staticfield java/lang/ClassLoader nocerts [Ljava/security/cert/Certificate; 0 [Ljava/security/cert/Certificate;
staticfield java/lang/ClassLoader $assertionsDisabled Z 1
ciInstanceKlass java/lang/reflect/Constructor 1 1 439 10 100 12 1 1 1 10 100 12 1 1 9 7 12 1 1 1 10 12 1 1 10 12 1 1 10 100 12 1 1 9 12 1 1 10 7 12 1 1 1 9 12 1 1 9 12 1 1 9 12 1 9 12 1 1 9 12 1 9 12 1 1 9 12 1 1 9 12 1 100 1 8 1 10 12 1 10 12 1 9 12 1 1 10 7 12 1 1 10 7 12 1 1 1 10 12 1 1 10 12 1 1 10 12 1 7 1 100 1 8 1 10 10 12 1 10 12 1 10 12 1 1 10 12 1 1 9 100 12 1 1 1 10 7 12 1 1 10 12 1 1 10 12 1 10 12 1 1 10 7 12 1 1 1 10 100 12 1 1 10 12 1 1 10 12 1 10 7 12 1 1 1 8 1 10 10 12 1 100 1 8 1 10 12 1 10 12 1 1 10 12 1 1 10 12 1 10 12 1 10 12 1 1 10 12 1 1 9 12 1 1 10 12 1 1 10 12 1 1 10 12 1 1 11 7 12 1 1 1 10 12 1 1 10 12 1 10 12 1 10 12 1 8 1 9 12 1 1 10 7 12 1 1 1 10 7 12 1 1 10 12 1 1 10 12 1 1 10 12 1 1 10 12 1 1 10 12 1 9 7 12 1 1 10 12 1 10 12 1 10 12 1 100 1 8 1 10 10 12 1 1 10 12 1 10 10 12 1 1 10 12 1 1 10 100 12 1 1 1 11 100 12 1 1 1 10 12 1 1 9 100 12 1 1 1 10 100 12 1 1 1 10 12 1 1 1 1 1 1 1 1 1 1 1 1 1 1 1 1 1 1 1 1 1 1 1 1 1 1 1 1 1 1 1 1 1 1 1 1 1 1 1 1 1 1 1 1 1 1 1 1 1 1 1 1 100 1 100 1 100 1 100 1 1 1 1 1 1 1 1 1 1 1 1 1 1 1 1 1 1 1 1 1 1 1 1 1 1 1 1 1 1 1 1 1 100 1 1
instanceKlass java/lang/reflect/Executable
instanceKlass java/lang/reflect/Field
ciInstanceKlass java/lang/reflect/AccessibleObject 1 1 400 10 7 12 1 1 1 9 100 12 1 1 1 10 7 12 1 1 1 10 7 12 1 1 10 7 12 1 1 1 10 100 12 1 1 1 10 12 1 1 10 12 1 1 9 12 1 1 7 1 10 7 12 1 1 1 11 12 1 7 1 10 12 1 7 1 100 1 10 12 1 10 12 1 1 10 12 1 1 10 12 1 1 10 12 1 1 7 1 10 7 12 1 1 1 10 12 1 1 11 10 7 12 1 1 1 10 12 1 1 10 12 1 10 12 1 10 12 1 1 10 12 1 8 1 7 1 7 1 10 10 12 1 1 8 1 10 12 1 10 12 1 8 1 8 1 8 1 8 1 8 1 8 1 8 1 8 1 8 1 100 1 10 12 1 10 12 1 9 12 1 1 10 12 1 1 10 12 1 10 7 1 100 1 8 1 10 8 1 10 12 1 8 1 10 12 1 10 12 1 1 10 100 1 8 1 10 11 7 12 1 1 1 10 12 1 1 10 12 1 1 10 12 1 1 9 12 1 1 100 1 10 12 1 7 1 10 12 1 10 12 1 1 10 100 1 10 12 1 10 12 10 12 1 10 12 1 10 12 1 1 10 12 1 9 12 1 10 100 12 1 1 8 1 10 100 12 1 1 1 8 1 10 7 12 1 1 1 9 12 1 7 1 10 7 1 10 10 7 12 1 1 1 7 1 10 10 7 12 1 1 1 7 1 9 12 1 1 1 1 1 1 1 1 1 1 1 1 1 1 1 1 1 1 1 1 1 1 1 1 1 1 1 1 1 1 1 1 1 1 1 1 1 1 1 1 1 1 1 1 1 1 1 1 1 1 1 1 1 1 1 1 1 1 1 1 1 1 1 1 1 1 1 1 1 1 1 1 1 1 1 1 1 1 1 1 1 1 1 1
staticfield java/lang/reflect/AccessibleObject reflectionFactory Ljdk/internal/reflect/ReflectionFactory; jdk/internal/reflect/ReflectionFactory
instanceKlass java/lang/reflect/Constructor
instanceKlass java/lang/reflect/Method
ciInstanceKlass java/lang/reflect/Executable 1 1 581 10 7 12 1 1 1 10 7 12 1 1 1 10 7 12 1 1 1 11 7 12 1 1 1 10 7 12 1 1 1 10 12 1 1 10 100 12 1 1 1 10 7 12 1 1 1 10 12 1 8 1 10 10 12 1 1 10 12 1 1 10 100 12 1 1 1 18 12 1 1 11 100 12 1 1 1 8 1 8 1 8 1 10 100 12 1 1 1 11 12 1 1 7 1 8 1 8 1 10 12 1 7 1 8 1 10 12 1 8 1 11 100 12 1 1 1 7 1 11 7 12 1 1 1 11 12 1 8 1 18 8 1 10 12 1 10 12 1 1 18 8 1 10 12 1 100 1 10 12 1 10 12 1 11 12 1 10 12 1 1 8 1 8 1 10 12 1 1 10 12 1 1 10 10 12 1 9 100 12 1 1 1 10 100 12 1 1 1 10 12 1 10 12 1 1 10 100 12 1 1 10 12 1 10 12 1 10 12 1 10 7 12 1 1 7 1 10 100 12 1 1 1 10 12 1 1 10 7 12 1 1 10 12 1 10 12 1 1 9 100 12 1 1 1 10 100 10 12 1 8 1 10 12 1 10 12 1 3 100 1 8 1 10 12 1 10 12 1 10 10 12 1 10 12 1 1 8 1 8 1 8 1 9 12 1 1 9 12 1 10 12 1 100 1 8 1 10 12 1 10 12 1 10 12 1 1 10 12 1 1 10 12 1 10 12 10 12 1 100 1 10 12 1 10 12 1 1 100 1 10 7 12 1 1 1 7 1 10 7 12 1 1 1 10 12 1 1 11 7 12 1 1 10 12 1 10 100 12 1 1 1 10 12 1 1 9 12 1 10 12 1 1 10 12 1 10 12 1 1 9 100 12 1 1 1 10 100 12 1 1 1 10 12 1 10 12 1 1 9 12 1 10 10 10 10 100 12 1 1 1 10 12 1 9 12 1 10 12 1 1 9 12 1 7 1 7 1 1 1 1 1 1 1 1 1 1 1 1 1 1 1 1 1 1 1 1 1 1 1 1 1 1 1 1 1 1 1 1 1 1 1 1 100 1 1 1 1 1 1 1 1 1 1 1 1 1 1 1 1 1 1 1 100 1 1 1 1 1 1 1 1 1 1 1 1 1 1 1 1 1 1 1 1 1 1 1 1 1 1 1 1 1 1 1 1 1 1 1 1 1 1 1 1 1 1 1 7 1 1 1 1 1 1 1 1 1 1 1 1 1 1 1 1 1 1 1 1 1 1 7 1 1 16 15 16 1 16 1 15 10 12 16 15 10 100 12 1 1 1 1 1 1 100 1 1 100 1 100 1 1
ciInstanceKlass java/lang/reflect/Member 1 1 37 100 1 10 12 1 1 100 1 100 1 1 1 1 3 1 3 1 1 1 1 1 1 1 1 1 1 1 1 1 1 1 1 1 1 1 1
instanceKlass java/util/logging/LogManager$Cleaner
instanceKlass jdk/internal/misc/InnocuousThread
instanceKlass java/util/concurrent/ForkJoinWorkerThread
instanceKlass java/lang/ref/Finalizer$FinalizerThread
instanceKlass java/lang/ref/Reference$ReferenceHandler
instanceKlass java/lang/BaseVirtualThread
ciInstanceKlass java/lang/Thread 1 1 870 10 7 12 1 1 1 9 12 1 1 10 7 12 1 1 10 12 1 10 100 12 1 1 100 1 8 1 10 12 1 1 9 12 1 9 12 1 1 9 12 1 1 7 1 10 12 1 1 10 12 1 10 100 12 1 1 1 10 12 9 12 1 1 10 12 1 7 1 10 12 1 100 1 8 1 10 9 100 12 1 1 1 10 12 1 1 10 12 1 1 10 12 1 1 10 12 1 10 12 1 1 3 8 1 7 1 5 0 10 7 12 1 1 1 9 12 1 10 12 1 1 10 7 12 1 1 1 10 7 12 1 1 1 10 12 1 1 10 12 1 1 9 12 1 1 10 7 1 8 1 10 7 1 10 12 1 9 12 1 1 10 7 12 1 1 1 10 10 12 1 1 9 100 12 1 1 1 10 12 1 1 10 12 1 1 10 7 12 1 1 10 12 1 10 12 1 10 7 12 1 1 9 12 1 10 7 12 1 1 1 10 12 1 1 9 12 1 1 9 12 1 1 10 7 12 1 1 1 9 12 1 1 10 100 12 1 1 10 100 12 1 1 1 10 12 1 10 12 1 10 7 12 1 1 9 12 1 8 1 9 7 12 1 1 9 12 1 1 5 0 100 1 10 100 1 10 100 1 10 7 1 10 8 1 10 12 1 1 10 100 12 1 10 12 1 10 12 1 100 1 8 1 10 10 12 1 10 12 1 1 10 100 12 1 1 1 10 100 12 1 1 1 10 12 1 7 1 9 12 1 1 100 1 10 10 12 1 9 12 1 1 10 12 1 1 10 12 1 1 10 12 1 10 12 1 9 12 1 1 10 10 12 1 1 10 12 1 1 11 7 12 1 1 10 7 12 1 1 9 12 1 9 12 1 1 9 12 1 1 10 100 12 1 1 10 12 1 1 9 100 12 1 1 1 10 100 12 1 1 10 12 1 10 12 1 100 1 10 10 12 9 12 1 1 10 12 1 11 100 12 1 1 10 12 1 10 12 1 10 12 1 9 12 1 10 10 12 1 10 12 1 1 9 12 1 9 12 10 12 1 8 1 10 12 1 10 12 1 10 12 1 10 12 1 10 12 1 1 10 12 1 10 12 1 1 10 12 1 10 12 1 10 12 1 10 12 1 10 12 1 1 9 7 12 1 1 1 8 1 10 9 12 1 10 12 1 7 1 8 1 10 10 12 1 8 1 10 12 1 1 9 12 10 12 8 1 10 10 12 1 10 12 1 8 1 10 12 1 10 8 1 10 100 12 1 1 10 12 1 1 100 1 8 1 10 9 12 1 9 12 1 1 10 12 1 1 10 10 12 1 10 12 1 100 10 7 12 1 1 1 9 12 1 10 12 1 1 10 12 1 1 10 100 12 1 1 1 11 7 12 1 1 1 9 100 12 1 1 1 10 100 12 1 1 1 7 1 10 12 1 100 1 10 12 1 10 12 1 1 10 12 1 1 8 1 9 12 1 10 12 1 10 12 1 1 11 7 12 1 1 1 10 12 1 1 1 1 3 1 3 1 3 1 3 1 1 1 1 1 1 1 1 1 1 1 1 1 1 1 1 1 1 1 1 1 7 1 1 1 1 1 1 1 1 1 1 1 1 1 1 1 1 1 1 1 1 1 1 100 1 1 1 1 1 1 1 1 1 1 1 1 1 1 1 1 7 1 7 1 1 1 1 1 1 1 1 1 1 1 1 1 1 1 1 1 1 1 1 1 1 1 1 1 1 1 1 1 1 1 1 1 1 1 1 1 1 1 1 1 1 1 1 1 1 1 1 1 1 1 1 1 1 1 1 1 1 1 1 1 1 1 1 1 1 1 1 1 1 1 1 1 1 1 1 100 100 1 1 1 1 1 1 1 1 1 1 1 1 1 1 1 1 1 1 1 1 1 1 1 1 1 1 100 1 100 1 100 1 100 1 100 1 1 100 1 1 1 1 1 1 1 1 1 1 1 1 1 1 1
staticfield java/lang/Thread NEW_THREAD_BINDINGS Ljava/lang/Object; java/lang/Class
staticfield java/lang/Thread EMPTY_STACK_TRACE [Ljava/lang/StackTraceElement; 0 [Ljava/lang/StackTraceElement;
ciInstanceKlass java/lang/Runnable 1 0 11 100 1 100 1 1 1 1 1 1 1
ciInstanceKlass java/net/URL 1 1 771 10 7 12 1 1 1 10 12 1 10 7 12 1 1 9 12 1 1 9 12 1 10 7 12 1 1 1 10 12 1 1 10 12 1 1 9 12 1 1 10 7 12 1 1 1 8 1 10 12 1 1 7 1 10 10 12 1 1 8 1 10 12 1 1 9 12 1 100 1 8 1 10 12 1 10 12 1 8 1 9 12 1 10 12 1 1 9 12 1 10 12 1 10 12 1 9 12 1 9 12 1 8 1 9 12 1 10 12 1 1 8 1 9 12 1 1 10 12 1 1 10 7 12 1 1 1 8 1 10 12 1 7 1 10 12 1 10 12 1 10 12 1 10 12 1 1 10 12 1 1 8 1 10 12 1 1 10 12 1 8 1 9 12 1 8 1 10 12 1 10 7 12 1 1 1 7 1 10 12 1 10 12 1 1 10 100 12 1 1 1 100 1 8 1 10 10 12 1 8 1 10 12 1 1 10 12 1 10 12 1 10 12 1 10 12 1 10 12 1 10 12 1 8 1 10 12 1 8 1 10 10 100 1 10 10 12 1 8 1 10 7 12 1 1 1 10 12 1 9 100 12 1 1 1 10 7 12 1 1 1 9 12 1 1 10 12 1 10 100 12 1 1 1 100 1 100 1 10 12 1 10 12 1 10 12 1 10 12 1 10 12 1 10 12 10 10 12 1 10 12 1 10 12 1 1 8 1 9 100 12 1 1 1 10 100 12 1 1 1 10 12 1 1 9 100 12 1 1 1 10 12 1 1 100 1 10 12 1 10 12 1 10 10 12 1 1 10 12 1 1 10 12 1 10 12 1 10 12 1 10 7 12 1 1 1 10 12 1 1 10 12 1 9 12 1 1 9 12 1 1 7 1 8 1 10 10 12 1 9 12 1 1 10 7 12 1 1 8 1 10 100 12 1 1 8 1 10 12 1 1 10 12 1 8 1 8 1 10 7 12 1 1 1 7 1 10 7 12 1 1 1 10 12 1 10 12 1 100 1 10 9 100 12 1 1 1 10 100 12 1 1 10 12 1 1 10 12 1 8 1 100 1 10 10 7 12 1 1 1 10 12 1 8 9 100 12 1 1 1 10 12 1 1 10 12 1 10 12 1 1 10 100 12 1 1 11 7 12 1 1 10 12 1 10 12 1 9 12 1 10 12 1 1 10 100 12 1 1 10 100 12 1 1 1 8 10 100 12 1 1 100 1 10 8 8 10 12 1 8 8 8 100 1 10 12 1 9 12 1 1 10 12 1 10 12 1 1 10 12 1 10 12 10 12 1 1 10 12 1 1 10 10 10 12 1 10 12 1 10 12 1 10 12 1 10 12 1 10 10 12 1 100 1 8 1 10 10 10 12 1 1 10 12 1 10 12 1 1 8 1 7 1 10 10 7 1 10 12 1 9 7 12 1 1 1 9 12 1 1 7 1 10 10 7 12 1 1 1 7 1 1 1 1 1 5 0 1 1 1 1 1 1 1 1 1 1 1 1 1 1 1 1 1 1 1 1 1 1 1 1 1 1 1 1 1 1 1 1 1 1 1 1 1 1 1 1 1 1 1 1 1 1 1 1 7 1 1 1 1 1 1 1 1 1 1 1 1 1 1 1 1 1 1 1 1 1 1 1 1 1 1 1 1 1 1 1 1 1 1 1 1 1 100 1 1 1 1 1 1 1 1 1 1 1 1 1 1 1 1 1 100 1 1 1 1 1 1 1 1 1 1 1 1 1 1 1 1 1 1 1
staticfield java/net/URL defaultFactory Ljava/net/URLStreamHandlerFactory; java/net/URL$DefaultFactory
staticfield java/net/URL streamHandlerLock Ljava/lang/Object; java/lang/Object
staticfield java/net/URL serialPersistentFields [Ljava/io/ObjectStreamField; 7 [Ljava/io/ObjectStreamField;
ciMethod java/lang/System identityHashCode (Ljava/lang/Object;)I 256 0 128 0 -1
ciInstanceKlass java/lang/Module 1 1 1070 10 7 12 1 1 1 9 7 12 1 1 1 10 7 12 1 1 1 9 12 1 9 12 1 1 9 12 1 1 10 12 1 1 10 12 1 10 12 1 1 10 7 12 1 1 1 7 1 10 7 12 1 1 1 10 12 1 1 11 7 12 1 1 1 10 12 1 1 10 7 12 1 1 1 10 12 1 1 10 7 12 1 1 1 9 100 12 1 1 1 10 7 12 1 1 1 10 12 1 8 1 10 7 12 1 1 1 10 7 12 1 1 1 10 7 12 1 1 1 10 12 1 10 12 1 9 12 1 1 10 100 12 1 1 100 1 7 1 10 8 1 10 12 1 1 10 12 1 10 12 10 12 1 10 7 12 1 1 8 1 8 1 10 8 1 8 1 9 12 1 1 8 1 10 100 12 1 1 1 10 12 1 9 12 1 1 11 12 1 9 100 12 1 1 10 100 12 1 1 1 10 100 12 1 1 1 10 12 1 1 8 1 10 12 1 1 10 12 1 10 12 1 1 9 7 12 1 1 1 10 12 1 1 10 12 1 1 9 12 1 10 12 1 10 12 1 9 12 1 1 11 7 12 1 1 10 12 1 1 9 12 1 9 12 1 10 12 1 10 12 1 100 1 8 1 10 10 12 1 1 10 12 1 8 1 10 12 1 1 8 1 8 1 10 12 1 1 10 12 1 10 12 1 1 18 12 1 1 10 12 1 1 11 12 1 9 12 1 11 12 10 100 12 1 1 100 1 8 1 10 11 12 1 1 10 7 12 1 1 1 10 12 1 10 12 1 1 11 12 1 1 11 7 12 1 1 11 12 1 1 9 12 1 11 12 1 10 12 1 1 10 12 1 1 9 12 1 10 12 10 7 12 1 1 10 7 1 18 12 1 1 11 100 12 1 1 1 18 12 1 11 12 1 1 10 100 12 1 1 1 11 12 1 1 10 7 12 1 1 7 1 11 12 1 7 1 7 1 10 12 1 10 7 12 1 1 1 10 11 7 12 1 8 1 10 10 12 1 1 10 7 12 1 1 10 12 1 10 12 1 7 1 10 12 1 10 11 12 1 1 10 12 10 12 1 1 9 12 1 1 100 1 10 10 12 1 1 11 7 1 10 12 1 1 11 12 1 10 10 12 1 11 10 12 1 1 10 12 1 1 10 12 1 1 10 7 12 1 1 10 12 1 10 12 1 1 10 10 12 1 1 10 12 1 18 12 1 11 12 1 18 12 1 10 12 1 10 12 1 10 12 7 1 10 12 1 10 12 1 10 12 1 9 12 1 7 1 10 10 10 10 12 1 10 12 1 10 12 1 10 12 1 1 10 12 1 1 10 12 1 9 12 1 18 12 1 1 10 7 12 1 1 1 100 1 8 1 10 12 1 1 10 12 1 1 10 7 12 1 1 7 1 10 12 1 1 7 1 8 1 10 12 1 1 100 1 11 12 1 1 10 100 12 1 1 1 18 12 1 1 11 100 12 1 1 1 100 1 10 12 1 10 12 1 1 7 1 7 1 10 12 8 1 10 12 1 1 10 12 1 1 10 100 12 1 1 10 12 1 1 10 12 1 10 12 10 12 1 1 7 1 10 10 12 1 1 10 7 12 1 1 1 100 1 10 12 1 1 10 7 12 1 1 8 1 18 12 1 1 100 1 100 1 9 12 1 1 9 12 1 9 12 1 11 100 12 1 1 1 100 1 11 12 1 1 100 1 10 12 1 8 1 10 12 1 10 12 10 12 1 8 1 10 10 100 12 1 1 7 1 10 10 12 1 10 7 12 1 1 9 12 1 9 12 1 9 12 1 9 12 1 10 12 11 12 1 10 12 1 7 1 1 1 1 1 1 1 1 1 1 1 1 1 1 1 1 1 1 1 100 1 1 1 1 1 1 1 1 1 1 1 1 1 1 1 1 1 1 1 1 1 1 1 1 1 1 1 1 1 1 1 1 1 1 1 1 1 1 1 1 1 1 1 1 1 1 1 1 1 1 1 1 1 1 1 1 1 1 1 1 1 1 1 1 1 1 1 1 1 1 1 1 1 1 1 1 1 1 1 1 1 1 1 1 1 1 1 1 1 1 1 1 1 1 1 100 100 1 1 1 1 1 1 1 1 1 1 1 1 1 1 1 1 1 1 1 1 1 1 1 1 1 1 1 100 1 100 1 1 1 1 1 1 1 1 1 1 1 1 1 1 1 1 1 1 1 1 100 1 1 1 1 1 1 1 1 1 1 1 1 1 1 1 1 1 1 1 1 1 1 1 16 15 10 12 16 16 15 10 12 16 16 15 10 16 1 15 10 12 16 1 15 10 12 16 1 16 15 10 12 16 16 1 15 10 12 16 15 10 100 12 1 1 1 15 10 100 12 1 1 1 1 1 1 1 1 1 1 1 100 1 100 1 1 100 1 100 1 1
staticfield java/lang/Module ALL_UNNAMED_MODULE Ljava/lang/Module; java/lang/Module
staticfield java/lang/Module ALL_UNNAMED_MODULE_SET Ljava/util/Set; java/util/ImmutableCollections$Set12
staticfield java/lang/Module EVERYONE_MODULE Ljava/lang/Module; java/lang/Module
staticfield java/lang/Module EVERYONE_SET Ljava/util/Set; java/util/ImmutableCollections$Set12
staticfield java/lang/Module $assertionsDisabled Z 1
ciInstanceKlass jdk/internal/util/ArraysSupport 1 1 378 7 1 7 1 8 1 10 12 1 1 10 12 1 1 10 7 12 1 1 9 7 12 1 1 1 9 12 1 1 10 7 12 1 1 1 9 12 1 1 10 7 12 1 1 1 9 12 1 10 12 9 12 1 10 12 1 1 10 12 7 1 10 12 1 1 10 12 1 100 1 10 12 1 1 10 12 100 1 10 12 1 100 1 10 12 1 100 1 7 1 10 8 1 10 12 1 1 10 12 1 10 12 1 1 10 9 12 1 1 11 100 12 1 1 1 9 12 1 9 12 1 10 12 1 1 9 12 1 9 12 1 9 12 1 9 12 1 9 12 1 9 12 1 9 12 1 10 12 1 1 10 7 12 1 1 1 9 12 1 9 12 1 10 12 1 1 10 12 1 9 12 1 10 12 1 10 7 12 1 1 1 9 12 1 9 12 1 10 12 1 10 12 1 10 7 12 1 1 1 3 10 12 1 7 1 8 1 8 1 8 1 10 10 100 12 1 1 1 11 7 12 1 1 1 10 12 1 10 7 12 1 1 1 10 12 1 1 10 12 1 1 9 12 1 10 12 1 9 12 1 9 12 1 9 12 1 9 12 1 9 12 1 9 12 1 9 12 1 7 1 10 7 12 1 1 1 1 1 3 1 3 1 3 1 3 1 3 1 3 1 3 1 3 1 1 1 1 1 1 1 1 1 1 1 1 1 1 1 1 1 1 1 1 1 1 1 1 1 1 1 1 1 1 1 1 1 1 1 1 1 1 1 1 1 1 1 1 1 1 1 1 1 1 1 1 1 1 1 1 1 1 1 1 1 1 1 1 1 1 1 1 1 1 1 1 1 1 1 1 1 1 1 100 1 1 1 1
staticfield jdk/internal/util/ArraysSupport U Ljdk/internal/misc/Unsafe; jdk/internal/misc/Unsafe
staticfield jdk/internal/util/ArraysSupport BIG_ENDIAN Z 0
staticfield jdk/internal/util/ArraysSupport LOG2_ARRAY_BOOLEAN_INDEX_SCALE I 0
staticfield jdk/internal/util/ArraysSupport LOG2_ARRAY_BYTE_INDEX_SCALE I 0
staticfield jdk/internal/util/ArraysSupport LOG2_ARRAY_CHAR_INDEX_SCALE I 1
staticfield jdk/internal/util/ArraysSupport LOG2_ARRAY_SHORT_INDEX_SCALE I 1
staticfield jdk/internal/util/ArraysSupport LOG2_ARRAY_INT_INDEX_SCALE I 2
staticfield jdk/internal/util/ArraysSupport LOG2_ARRAY_LONG_INDEX_SCALE I 3
staticfield jdk/internal/util/ArraysSupport LOG2_ARRAY_FLOAT_INDEX_SCALE I 2
staticfield jdk/internal/util/ArraysSupport LOG2_ARRAY_DOUBLE_INDEX_SCALE I 3
staticfield jdk/internal/util/ArraysSupport LOG2_BYTE_BIT_SIZE I 3
staticfield jdk/internal/util/ArraysSupport JLA Ljdk/internal/access/JavaLangAccess; java/lang/System$2
ciInstanceKlass java/lang/Character 1 1 604 7 1 7 1 100 1 9 12 1 1 8 1 9 12 1 1 7 1 9 12 1 1 10 7 12 1 1 1 10 100 12 1 1 1 10 100 12 1 1 1 10 7 12 1 1 1 9 7 12 1 1 1 10 12 1 10 12 1 1 10 12 1 1 10 7 12 1 1 10 12 1 1 3 3 3 3 3 10 12 1 1 10 12 1 3 11 7 12 1 1 1 11 12 1 1 10 12 1 1 10 12 1 1 100 1 10 10 12 1 3 10 12 1 1 10 12 1 10 12 1 1 100 1 8 1 10 12 1 1 10 12 1 10 12 1 10 12 1 10 100 12 1 1 1 10 12 1 10 12 1 10 12 1 1 10 12 1 10 7 12 1 1 10 10 12 1 10 10 12 1 10 12 1 1 10 12 1 10 10 12 1 10 12 1 10 12 1 10 12 1 10 12 1 10 12 1 10 12 1 10 12 10 10 12 10 10 12 1 10 10 12 1 10 10 12 1 10 10 12 1 10 12 1 10 12 1 10 12 1 10 12 1 10 12 1 10 12 1 10 10 12 1 10 10 12 1 10 10 12 1 1 10 10 12 1 10 5 0 10 12 1 10 12 1 10 10 12 1 10 10 12 1 1 10 10 12 1 10 10 12 1 9 12 1 1 100 1 10 10 12 1 10 12 1 1 3 10 100 12 1 1 1 10 12 1 10 100 12 1 1 7 1 10 10 12 1 1 10 12 1 1 10 12 1 1 8 1 10 12 1 9 100 12 1 1 1 10 12 1 10 10 12 1 10 12 1 1 10 12 1 10 10 12 1 1 10 10 12 1 1 7 1 8 1 10 12 1 1 10 7 12 1 1 1 8 1 10 12 1 1 9 12 1 1 7 1 7 1 7 1 1 1 1 3 1 3 1 3 1 3 1 1 1 1 1 3 1 1 3 1 3 1 3 1 3 1 3 1 3 1 3 1 3 1 3 1 3 1 3 1 3 1 3 1 3 1 3 1 3 1 3 1 3 1 3 1 3 1 3 1 3 1 3 1 3 1 3 1 3 1 3 1 3 1 1 1 1 1 1 1 1 1 1 1 1 1 1 1 1 1 1 1 3 1 1 1 1 1 1 1 3 1 1 3 1 1 1 1 1 3 1 1 5 0 1 1 1 1 1 1 1 1 1 1 1 1 1 1 1 1 1 1 1 1 1 1 1 1 1 1 1 1 1 1 1 1 1 1 1 1 1 1 1 1 1 1 1 1 1 1 1 1 1 1 1 1 1 1 1 1 1 1 1 1 1 1 1 1 1 1 1 1 1 1 1 1 1 1 1 1 1 1 1 1 1 1 1 1 1 1 1 1 1 1 100 1 100 1 1 1 1 1 1
staticfield java/lang/Character TYPE Ljava/lang/Class; java/lang/Class
staticfield java/lang/Character $assertionsDisabled Z 1
ciInstanceKlass java/util/Arrays 1 1 1029 10 7 12 1 1 1 10 100 12 1 1 1 10 7 12 1 1 1 10 12 1 10 12 1 10 12 1 10 12 1 10 12 1 10 12 1 10 100 12 1 1 1 100 1 7 1 10 8 1 10 12 1 1 10 12 1 8 1 8 1 10 12 1 1 10 12 1 100 1 10 12 1 9 100 12 1 1 1 10 7 12 1 1 100 1 10 12 1 1 10 7 12 1 1 10 7 12 1 1 1 100 1 10 12 1 10 12 1 1 7 1 9 7 12 1 1 1 10 12 1 1 10 7 12 1 1 10 12 1 10 12 1 1 10 12 1 10 12 1 1 7 1 11 12 1 1 10 12 1 10 7 12 1 1 1 10 12 10 12 1 10 12 1 10 12 10 12 1 11 100 12 1 1 1 10 7 12 1 1 1 100 1 10 12 1 10 100 1 10 12 1 10 100 1 10 12 1 10 100 1 10 12 1 10 10 12 1 1 10 12 1 10 12 1 10 12 1 10 12 1 10 12 1 10 7 12 1 1 1 10 12 1 10 7 12 1 1 1 10 12 1 10 12 1 10 7 12 1 1 1 10 12 1 10 12 1 10 12 1 10 12 1 10 12 1 10 12 1 10 12 1 10 12 1 10 12 1 10 12 1 10 12 1 10 12 1 10 12 1 10 12 1 10 12 1 10 12 1 1 10 12 1 1 10 7 12 1 1 1 10 7 1 10 100 1 10 7 1 10 100 1 10 100 1 10 100 1 10 100 1 10 100 1 10 12 1 8 1 10 12 1 1 10 12 1 1 10 12 1 1 10 12 1 1 10 12 1 1 10 12 1 1 10 12 1 1 10 12 1 1 10 12 1 1 7 1 10 12 10 12 1 1 10 12 1 10 12 1 1 10 12 1 1 9 7 12 1 1 1 10 12 1 9 7 1 10 12 1 9 7 1 10 12 1 9 7 1 10 12 1 9 7 1 10 12 1 9 7 1 10 12 1 9 10 12 1 10 12 1 10 12 1 9 12 1 100 1 10 10 12 1 1 10 12 1 10 12 1 10 12 1 10 12 1 10 12 1 10 12 1 10 12 1 10 12 1 10 12 1 8 1 8 1 10 12 1 10 12 1 8 1 10 12 1 10 12 1 10 12 1 10 7 12 1 1 1 3 10 100 1 10 10 12 1 1 11 100 12 1 1 10 12 1 1 10 12 1 10 12 1 10 12 1 10 12 1 10 12 1 10 12 1 10 12 1 10 12 1 11 12 1 8 1 10 11 12 1 11 100 12 1 1 1 11 100 12 1 1 1 11 12 1 1 18 12 1 1 11 12 1 1 11 100 12 1 1 1 18 12 1 11 100 12 1 1 1 18 12 1 11 100 12 1 1 1 18 12 1 100 1 10 100 12 1 1 1 10 12 1 10 12 1 10 12 1 10 12 1 10 12 1 10 12 1 10 12 1 10 12 1 1 10 12 1 10 100 12 1 1 10 12 1 10 12 1 10 12 1 1 10 12 1 10 12 1 10 12 1 1 10 12 1 10 12 1 10 12 1 1 10 12 1 10 12 1 10 12 1 10 12 1 10 12 10 12 1 10 12 10 12 10 12 1 10 12 10 12 1 10 12 1 10 12 1 1 1 1 3 1 3 1 1 1 1 1 1 1 1 1 1 1 1 1 1 1 1 1 1 1 1 1 1 1 1 1 1 1 1 1 1 1 1 1 1 1 1 1 1 1 1 1 1 1 1 1 1 1 1 1 1 1 1 1 1 1 1 1 1 1 1 1 1 1 1 1 1 1 1 1 1 1 1 1 1 1 1 1 1 1 1 1 1 1 1 1 1 1 1 1 1 1 1 1 1 1 1 1 1 1 1 1 1 1 1 1 1 1 1 1 1 1 1 1 1 1 1 1 1 1 1 1 1 1 1 1 1 1 1 1 1 1 1 1 1 1 1 1 1 1 1 1 1 1 1 1 1 1 1 1 1 1 1 1 1 1 1 1 1 1 1 1 1 1 1 1 1 1 1 1 1 1 1 1 1 1 1 1 1 1 1 1 1 1 1 1 1 1 1 1 1 1 1 1 1 1 1 1 1 1 1 1 1 1 1 1 1 1 1 1 1 1 1 1 1 1 1 1 1 1 1 1 1 1 1 1 1 1 1 1 1 1 1 1 1 1 1 1 1 1 1 1 1 1 1 1 1 1 1 1 1 1 1 1 1 100 1 1 16 15 10 12 15 10 12 15 10 12 15 10 12 15 10 100 12 1 1 1 1 1 100 1 100 1 1 1 1 100 1 1 1 1 1 1 100 1 1 100 1 1 100 1 1 1 100 1 100 1 1
staticfield java/util/Arrays $assertionsDisabled Z 1
ciInstanceKlass java/lang/OutOfMemoryError 1 1 26 10 100 12 1 1 1 10 12 1 100 1 1 1 1 5 0 1 1 1 1 1 1 1 1 1
ciInstanceKlass java/lang/Integer 1 1 453 7 1 7 1 7 1 7 1 10 12 1 1 9 12 1 1 9 12 1 1 10 100 12 1 1 1 10 12 1 1 10 100 12 1 1 1 10 10 12 1 1 10 7 12 1 1 1 10 12 1 10 12 1 1 10 100 12 1 1 1 10 12 1 1 10 12 1 1 10 12 1 10 12 1 10 12 1 1 10 10 12 1 9 12 1 1 9 12 1 100 1 8 1 10 12 1 7 1 10 12 1 8 1 10 12 1 1 10 12 1 8 1 10 12 1 8 1 10 12 1 1 3 10 12 1 1 3 10 12 1 1 10 12 1 1 10 7 12 1 1 1 11 7 1 10 12 1 1 11 10 12 1 1 8 1 10 12 1 1 8 1 7 1 10 12 1 1 10 12 1 1 5 0 8 1 10 12 1 10 12 1 10 12 1 10 12 1 1 7 1 9 12 1 1 9 12 1 1 10 12 1 10 7 1 9 12 1 10 12 1 10 12 1 10 12 1 1 10 7 12 1 1 1 100 1 100 1 10 12 1 1 10 12 1 1 8 1 8 1 10 12 1 1 8 1 8 1 8 1 8 1 8 1 8 1 10 12 1 10 12 1 5 0 3 3 3 3 10 12 1 10 12 1 3 10 12 1 10 100 12 1 1 1 10 12 1 1 10 12 1 1 8 1 10 7 12 1 1 1 9 12 1 1 7 1 7 1 7 1 1 1 1 3 1 1 1 3 1 3 1 1 5 0 1 1 1 1 1 1 1 1 1 100 1 1 1 1 1 1 1 1 1 1 1 1 1 1 1 1 1 1 1 1 1 1 1 1 1 1 1 1 1 1 1 1 1 1 1 1 1 1 1 1 3 1 1 1 1 1 1 1 1 1 1 1 1 1 1 1 1 7 1 1 1 1 1 1 1 1 1 1 1 1 1 1 1 1 1 1 1 1 1 1 1 1 1 1 1 1 1 1 1 1 1 1 1 1 1 1 1 1 1 1 1 1 1 1 7 1 1 1 1 1 1 1 1 1 100 1 100 1 1
staticfield java/lang/Integer TYPE Ljava/lang/Class; java/lang/Class
staticfield java/lang/Integer digits [C 36
staticfield java/lang/Integer DigitTens [B 100
staticfield java/lang/Integer DigitOnes [B 100
instanceKlass java/math/BigInteger
instanceKlass java/util/concurrent/atomic/AtomicLong
instanceKlass java/util/concurrent/atomic/AtomicInteger
instanceKlass java/lang/Long
instanceKlass java/lang/Integer
instanceKlass java/lang/Short
instanceKlass java/lang/Byte
instanceKlass java/lang/Double
instanceKlass java/lang/Float
ciInstanceKlass java/lang/Number 1 1 37 10 7 12 1 1 1 10 100 12 1 1 1 100 1 1 1 1 5 0 1 1 1 1 1 1 1 1 1 1 1 1 1 1 1 1 1
ciInstanceKlass java/lang/Thread$FieldHolder 1 1 48 10 7 12 1 1 1 9 7 12 1 1 1 9 12 1 1 9 12 1 1 9 12 1 1 9 12 1 1 1 1 1 1 1 1 1 1 100 1 100 1 1 1 1 100 1 1 1
ciInstanceKlass java/lang/Thread$Constants 0 0 59 7 1 10 7 12 1 1 1 100 1 10 10 7 12 1 1 1 7 1 8 1 10 12 1 9 7 12 1 1 1 7 1 7 1 10 12 1 10 12 1 9 12 1 1 1 1 1 1 1 1 1 1 1 1 1 1 1 1
ciInstanceKlass java/lang/ThreadGroup 1 1 411 10 7 12 1 1 1 9 7 12 1 1 1 8 1 9 12 1 1 7 1 9 12 1 1 9 12 1 1 10 7 12 1 1 1 10 12 1 1 10 12 1 10 12 1 10 12 1 10 12 1 1 10 12 1 1 10 12 1 10 12 1 1 10 12 1 10 12 1 10 100 12 1 1 1 10 12 1 1 18 12 1 1 11 7 12 1 1 1 10 7 12 1 1 1 10 7 12 1 10 12 1 1 10 12 1 1 10 12 1 1 10 100 12 1 1 1 10 12 1 11 12 1 1 11 7 12 1 1 11 12 1 1 10 12 1 1 10 12 1 10 12 1 11 12 1 11 12 1 1 100 1 10 10 12 1 100 1 10 18 12 1 1 11 7 12 1 1 1 11 12 1 1 9 12 1 1 10 12 1 1 8 1 10 7 12 1 1 1 10 100 12 1 1 1 10 12 1 1 11 12 10 12 1 1 10 12 1 1 11 7 1 9 12 1 7 1 10 8 1 10 12 1 1 10 12 1 1 8 1 10 12 1 10 7 12 1 1 1 10 12 1 1 10 7 1 8 1 10 8 1 10 12 1 10 12 1 8 1 9 12 1 1 9 12 1 10 100 12 1 1 1 100 9 12 1 1 7 1 9 12 1 10 12 10 12 1 1 100 10 12 9 12 1 10 12 1 100 1 10 11 12 1 1 7 1 10 10 12 1 10 12 1 1 1 1 1 1 1 1 1 1 1 1 1 1 1 1 1 1 3 1 1 1 1 1 1 1 1 1 1 1 1 100 1 1 1 1 1 1 1 1 1 1 1 1 1 1 1 1 1 1 1 1 1 1 1 1 1 1 1 1 1 1 1 1 1 1 1 1 1 1 1 1 1 1 1 16 15 10 12 16 16 15 10 12 16 15 10 100 12 1 1 1 1 1 100 1 100 1 1
staticfield java/lang/ThreadGroup $assertionsDisabled Z 1
ciInstanceKlass java/lang/Thread$UncaughtExceptionHandler 1 0 16 100 1 100 1 1 1 1 1 1 1 1 100 1 1 1
ciInstanceKlass java/security/AccessControlContext 1 1 374 9 7 12 1 1 1 9 12 1 1 10 100 12 1 1 1 8 1 10 100 12 1 1 1 10 7 12 1 1 1 9 12 1 9 12 1 1 9 12 1 1 10 7 12 1 1 7 1 10 12 1 11 7 12 1 1 1 11 12 1 11 12 1 11 12 1 1 7 1 11 12 1 1 10 12 1 10 7 12 1 1 1 9 100 12 1 1 1 10 7 12 1 1 1 11 100 12 1 1 1 10 7 1 100 1 8 1 10 12 1 10 12 1 1 7 1 10 7 12 1 1 1 9 12 1 9 12 1 9 12 1 9 12 1 1 9 12 1 1 9 12 1 9 12 1 10 7 12 1 1 1 9 12 1 10 12 1 1 10 12 1 1 8 1 10 12 1 1 10 12 1 1 10 7 12 1 1 1 7 1 10 10 12 1 1 10 7 12 1 1 1 10 8 1 10 7 12 1 1 8 1 10 7 12 1 1 8 1 8 1 10 12 1 8 1 10 12 1 8 1 10 12 1 10 12 1 10 12 1 1 8 1 8 1 100 1 10 12 1 10 12 1 1 100 1 10 12 1 8 1 10 12 1 10 12 1 10 8 1 10 12 1 1 10 12 1 1 10 12 1 1 10 12 1 1 10 12 1 10 12 1 11 10 12 1 10 12 1 1 10 10 10 12 1 1 1 1 1 1 1 1 1 1 1 1 1 1 1 1 1 1 1 1 1 1 1 1 100 1 1 1 1 1 1 1 1 1 1 1 1 1 1 1 1 1 1 1 1 1 1 1 1 1 1 1 1 1 1 1 1 1 1 1 1 1 1 1 1 1 1 1 1 1 1 1 1 1 1 1 1 3 1 1
instanceKlass java/lang/ThreadBuilders$BoundVirtualThread
instanceKlass java/lang/VirtualThread
ciInstanceKlass java/lang/BaseVirtualThread 0 0 36 10 100 12 1 1 1 100 1 1 1 1 1 1 1 1 1 1 1 1 1 1 1 1 1 1 1 1 100 1 100 1 1 100 1 1
ciInstanceKlass java/lang/VirtualThread 0 0 907 9 7 12 1 1 1 10 7 12 1 1 1 10 100 12 1 1 1 10 7 12 1 1 1 9 12 1 1 9 12 1 1 100 1 10 12 1 9 12 1 1 18 12 1 1 9 12 1 1 10 12 1 1 100 1 10 12 1 10 12 1 1 10 12 1 1 10 12 1 1 10 12 1 10 7 12 1 10 12 1 10 12 1 10 12 1 10 12 1 11 100 12 1 1 1 100 1 10 12 1 1 10 100 12 1 1 1 10 100 12 1 1 1 10 12 1 100 1 10 10 12 1 10 12 1 1 9 12 1 1 10 12 1 1 9 12 1 1 10 12 1 9 12 1 1 9 12 1 100 1 10 10 12 1 10 100 12 1 1 10 9 10 10 12 1 1 10 12 1 1 10 100 12 1 1 10 100 1 10 9 10 10 12 1 7 1 10 12 1 1 10 12 1 10 12 1 10 12 1 1 9 12 1 10 12 1 10 12 1 9 12 1 1 10 12 1 10 12 1 9 12 1 1 10 12 1 10 12 1 10 12 1 11 100 12 1 1 10 12 1 1 10 12 1 1 10 12 1 1 9 12 1 10 100 1 10 12 1 1 10 12 1 1 10 12 1 10 12 1 10 12 1 10 12 9 12 1 1 10 100 12 1 1 10 12 1 10 12 1 1 10 100 12 1 1 10 12 1 100 1 8 1 10 12 1 10 12 1 1 10 12 1 10 12 1 10 100 12 1 1 10 12 1 10 12 1 1 10 12 1 10 12 1 1 10 7 12 1 1 10 12 1 1 10 12 1 1 100 1 10 10 12 1 7 1 9 12 1 1 10 7 12 1 1 10 9 12 1 1 18 9 100 12 1 1 1 11 100 12 1 1 1 11 100 1 11 12 10 12 1 10 12 1 1 10 12 1 100 1 10 10 12 1 10 12 1 1 10 12 1 1 10 12 1 10 12 1 10 12 1 9 12 1 1 11 100 12 1 1 10 12 9 100 12 1 1 1 9 12 1 10 12 1 1 9 12 1 9 12 1 9 12 1 7 1 10 10 12 1 1 10 12 1 10 12 7 1 7 1 10 8 1 10 12 1 1 10 12 1 10 12 1 10 10 12 1 8 1 10 10 12 1 10 12 1 10 7 12 1 1 8 1 8 1 10 9 100 12 1 1 1 10 12 1 1 10 12 1 10 10 10 12 9 12 1 10 12 1 1 9 12 1 10 12 1 1 9 12 1 10 12 1 1 18 12 1 1 18 12 1 10 7 12 1 1 1 8 1 10 100 12 1 1 1 10 7 12 1 1 1 18 12 1 10 100 12 1 1 1 100 1 10 12 1 8 1 10 12 1 8 1 10 12 1 1 8 1 8 1 10 100 12 1 1 8 1 10 12 1 8 1 8 1 10 100 12 1 1 1 10 12 1 10 12 1 1 10 12 1 18 12 1 1 18 12 1 1 5 0 9 12 1 10 12 1 18 12 1 100 1 10 12 10 7 12 1 1 10 12 1 1 7 1 8 1 10 10 12 1 10 12 1 1 10 12 1 9 12 1 8 10 12 1 1 8 8 9 12 1 8 10 12 1 1 3 1 3 1 3 1 3 1 3 1 3 1 3 1 3 1 3 1 3 1 3 1 3 3 1 3 1 1 1 1 1 1 1 1 1 1 1 1 1 1 7 1 1 1 1 1 1 1 1 1 1 1 1 1 1 7 1 1 1 1 1 1 1 1 1 1 1 7 1 1 1 1 1 1 1 1 1 1 1 1 1 1 1 1 1 1 1 1 1 1 1 1 1 1 1 1 1 1 1 1 1 1 1 1 1 1 1 100 1 1 1 1 1 1 1 1 1 1 1 1 1 1 1 1 1 1 1 1 1 1 1 1 1 1 1 1 1 1 1 1 1 1 1 100 1 1 1 1 1 1 1 1 1 1 1 1 1 1 100 1 1 16 15 10 12 15 16 15 10 12 16 15 10 12 16 16 15 10 12 16 15 10 12 16 15 10 12 16 15 10 12 16 1 15 10 100 12 1 1 1 1 1 1 1 7 1 1 100 1 100 1 1
ciInstanceKlass java/lang/ThreadBuilders$BoundVirtualThread 0 0 132 10 7 12 1 1 1 9 7 12 1 1 1 10 7 12 1 1 1 9 12 1 1 10 12 1 1 10 12 1 1 9 12 1 1 10 7 12 1 1 1 10 12 1 1 7 1 8 1 10 12 1 10 12 1 1 10 12 1 1 10 12 1 1 10 7 12 1 1 1 8 1 10 12 1 8 1 10 12 1 1 10 100 12 1 1 9 100 12 1 1 1 10 12 1 1 10 10 12 1 1 1 1 1 1 1 1 1 1 1 1 1 1 1 1 1 1 1 1 1 1 1 1 1 1 1 1 100 1 1 1 1
ciInstanceKlass jdk/internal/vm/ContinuationScope 0 0 50 10 100 12 1 1 1 10 100 12 1 1 1 100 1 9 100 12 1 1 1 10 12 1 1 10 100 12 1 1 1 10 12 1 1 10 12 1 1 1 1 1 1 1 1 1 1 1 1 1
ciInstanceKlass jdk/internal/vm/StackChunk 0 0 32 10 100 12 1 1 1 9 100 12 1 1 1 9 12 1 1 9 12 1 1 1 1 1 1 1 1 1 1 1 1 1
ciInstanceKlass java/lang/Float 1 1 279 7 1 7 1 10 100 12 1 1 1 10 100 12 1 1 1 4 7 1 10 12 1 1 10 12 1 1 8 1 8 1 10 7 12 1 1 1 10 12 1 1 10 12 1 1 10 100 1 4 10 7 12 1 1 9 12 1 1 10 12 1 1 10 12 1 10 10 12 1 1 10 12 1 10 12 1 3 3 100 1 4 4 4 3 10 12 1 1 9 12 1 1 100 1 10 3 3 4 4 10 12 1 3 3 3 10 12 1 1 10 12 1 1 10 12 1 10 100 12 1 1 1 10 12 1 1 10 12 1 1 10 7 12 1 1 1 8 1 10 12 1 1 9 12 1 1 7 1 7 1 7 1 1 1 1 4 1 4 1 1 1 4 1 1 3 1 3 1 3 1 3 1 3 1 1 1 1 5 0 1 1 1 1 1 1 1 1 1 1 100 1 1 1 1 1 1 1 1 1 1 1 1 1 3 1 1 1 1 1 1 1 1 1 1 1 1 1 1 1 1 1 1 1 1 1 1 1 1 1 1 1 1 1 1 1 1 1 1 1 1 1 1 1 1 1 1 1 1 1 1 1 1 1 1 1 1 1 1 1 1 1 1 1 1 1 7 1 1 1 1 1 1 1 100 1 100 1 1
staticfield java/lang/Float TYPE Ljava/lang/Class; java/lang/Class
staticfield java/lang/Float $assertionsDisabled Z 1
ciInstanceKlass java/lang/Double 1 1 290 7 1 7 1 10 100 12 1 1 1 10 12 1 1 10 7 1 10 12 1 1 10 100 12 1 1 1 6 0 8 1 10 12 1 1 8 1 10 12 1 1 8 1 6 0 10 12 1 1 100 1 5 0 5 0 8 1 8 1 10 7 12 1 1 1 10 7 12 1 1 1 8 1 10 12 1 1 8 1 8 1 8 1 10 12 1 1 10 12 1 10 12 1 1 10 12 1 10 12 1 10 12 1 1 10 12 1 10 7 1 6 0 10 7 12 1 1 9 12 1 1 10 12 1 10 12 1 10 12 1 10 12 1 10 12 1 5 0 10 12 1 1 10 12 1 10 12 1 10 100 12 1 1 1 10 12 1 1 10 12 1 1 8 1 10 7 12 1 1 1 9 12 1 1 7 1 7 1 7 1 1 1 6 0 1 6 0 1 6 0 1 1 1 6 0 1 1 3 1 3 1 3 1 3 1 3 1 1 1 1 5 0 1 1 1 1 1 1 1 1 1 1 1 1 1 1 1 1 100 1 1 1 1 1 1 1 1 1 1 1 1 3 1 1 1 1 1 1 1 1 1 1 1 1 1 1 1 1 1 1 1 1 1 1 1 1 1 1 1 1 1 1 1 1 1 1 7 1 1 1 1 1 1 1 100 1 100 1 1
staticfield java/lang/Double TYPE Ljava/lang/Class; java/lang/Class
ciInstanceKlass java/lang/Byte 1 1 213 7 1 100 1 10 7 12 1 1 1 9 12 1 1 8 1 9 12 1 1 7 1 10 12 1 1 10 12 1 1 10 100 12 1 1 1 10 100 12 1 1 1 9 7 12 1 1 1 10 12 1 1 100 1 7 1 10 12 1 1 8 1 10 12 1 1 8 1 10 12 1 10 12 1 10 12 1 10 12 1 1 10 12 1 10 12 1 10 12 1 1 10 8 1 8 1 10 7 1 9 12 1 1 10 12 1 1 10 12 1 1 10 12 1 1 10 12 1 5 0 10 12 1 1 8 1 10 7 12 1 1 1 9 12 1 1 7 1 7 1 1 1 3 1 3 1 1 1 1 3 1 3 1 1 5 0 1 1 1 1 1 1 1 1 1 1 1 1 1 1 1 1 1 1 1 1 1 1 1 1 1 1 1 1 1 1 1 1 1 1 1 1 1 1 1 1 1 1 1 1 1 1 1 1 1 1 1 1 1 1 1 1
staticfield java/lang/Byte TYPE Ljava/lang/Class; java/lang/Class
ciInstanceKlass java/lang/Short 1 1 222 7 1 7 1 100 1 10 7 12 1 1 1 10 12 1 1 100 1 7 1 10 12 1 1 8 1 10 12 1 1 8 1 10 12 1 10 12 1 10 12 1 10 12 1 1 10 12 1 1 10 12 1 9 12 1 1 8 1 9 12 1 1 7 1 10 12 1 1 10 12 1 10 100 12 1 1 1 10 100 12 1 1 1 9 100 12 1 1 1 10 12 1 10 12 1 1 10 8 1 8 1 10 7 1 9 12 1 1 10 12 1 1 10 12 1 1 10 12 1 1 10 12 1 3 3 5 0 10 12 1 1 8 1 10 7 12 1 1 1 9 12 1 1 7 1 7 1 1 1 3 1 3 1 1 1 1 3 1 3 1 1 5 0 1 1 1 1 1 1 1 1 1 1 1 1 1 1 1 1 1 1 1 1 1 1 1 1 1 1 1 3 1 1 1 1 1 1 1 1 1 1 1 1 1 1 1 1 1 1 1 1 1 1 1 1 1 1 1 1 1 1
staticfield java/lang/Short TYPE Ljava/lang/Class; java/lang/Class
ciInstanceKlass java/lang/Long 1 1 524 7 1 7 1 7 1 7 1 10 12 1 1 9 12 1 1 9 7 12 1 1 1 10 100 12 1 1 1 10 12 1 1 10 100 12 1 1 1 10 10 12 10 12 1 10 12 1 10 12 1 5 0 5 0 7 1 10 12 1 1 10 12 1 1 10 12 1 10 12 1 10 12 1 10 12 1 1 10 100 12 1 1 10 12 1 10 12 1 1 10 12 1 1 10 12 1 1 10 12 1 1 10 100 12 1 1 1 10 12 1 1 10 12 1 10 12 1 10 12 1 10 12 1 1 10 10 12 1 5 0 5 0 9 12 1 1 9 12 1 5 0 100 1 8 1 10 12 1 8 1 10 12 1 8 1 8 1 10 12 1 1 5 0 10 12 1 1 5 0 10 12 1 1 10 12 1 1 10 100 12 1 1 1 11 7 1 10 12 1 1 11 10 12 1 1 8 1 10 12 1 1 8 1 7 1 10 12 1 1 10 12 1 8 1 8 1 11 12 1 1 10 12 1 10 12 1 10 12 1 5 0 5 0 9 7 12 1 1 1 10 12 1 10 12 1 1 8 1 8 1 10 12 1 1 8 1 8 1 8 1 8 1 8 1 8 1 10 12 1 10 7 1 9 12 1 1 10 12 1 10 12 1 1 10 12 1 1 10 7 12 1 1 1 100 1 100 1 10 12 1 1 10 12 1 1 5 0 10 12 1 10 12 1 5 0 5 0 5 0 10 12 1 1 10 12 1 5 0 5 0 10 12 1 10 12 1 10 100 12 1 1 1 10 12 1 1 10 12 1 1 8 1 10 7 12 1 1 1 9 12 1 1 7 1 7 1 7 1 1 1 1 5 0 1 1 1 1 3 1 3 1 5 0 1 1 1 1 1 1 1 1 1 100 1 1 1 1 1 1 1 1 1 1 1 1 1 1 1 1 1 1 1 1 1 1 1 1 1 1 1 1 1 1 1 1 1 1 1 1 1 1 1 1 1 1 1 1 1 1 1 1 1 1 1 1 1 1 1 3 1 1 1 1 1 1 1 1 1 1 1 1 1 1 1 7 1 1 1 1 1 1 1 1 1 1 1 1 1 1 1 1 1 1 1 1 1 1 1 1 1 1 1 1 1 1 1 1 1 1 1 1 1 1 1 1 1 1 1 7 1 1 1 1 1 1 1 1 1 100 1 100 1 1
staticfield java/lang/Long TYPE Ljava/lang/Class; java/lang/Class
ciInstanceKlass jdk/internal/vm/vector/VectorSupport 0 0 573 100 1 10 100 12 1 1 1 9 12 1 1 10 12 1 1 100 1 10 12 1 11 100 12 1 1 1 11 100 12 1 1 1 11 100 12 1 1 11 100 12 1 1 11 100 12 1 1 1 11 100 12 1 1 11 100 12 1 1 11 100 12 1 1 11 100 12 1 1 11 100 12 1 1 11 100 12 1 1 11 100 12 1 1 1 11 100 12 1 1 11 100 12 1 1 1 11 100 12 1 1 1 11 100 12 1 1 11 100 12 1 1 1 11 100 12 1 1 100 1 10 12 1 1 11 100 12 1 1 11 100 12 1 1 11 100 12 1 1 11 100 12 1 1 11 100 12 1 1 11 100 12 1 1 9 12 1 1 10 100 12 1 1 11 100 12 1 1 10 12 1 1 10 100 12 1 1 1 10 12 1 10 12 1 1 10 12 1 1 1 1 1 3 1 3 1 3 1 3 1 3 1 3 1 3 1 3 1 3 1 3 1 3 1 3 1 3 1 3 1 3 1 3 1 3 1 3 1 3 1 3 1 3 1 3 1 3 1 3 1 3 1 3 1 3 1 3 1 3 1 3 1 3 1 3 1 3 1 3 1 3 1 3 1 3 1 3 1 3 1 3 1 3 1 3 1 3 1 3 1 3 1 3 1 3 1 3 1 3 1 3 1 3 1 3 1 3 1 1 1 1 1 1 1 1 1 1 1 1 1 1 1 1 1 1 1 1 1 1 1 1 1 1 1 1 1 1 1 1 1 1 1 1 1 1 1 1 1 1 1 1 1 1 1 1 1 1 1 1 1 1 1 1 1 1 1 1 1 1 1 1 1 1 1 1 1 1 1 1 1 1 1 1 1 1 1 1 1 1 1 1 1 1 1 1 1 1 1 1 1 1 1 1 1 1 1 1 1 1 1 1 1 1 1 1 1 1 1 1 1 1 1 1 1 1 1 1 1 1 1 1 1 1 1 1 1 1 1 1 1 1 1 1 1 1 1 1 1 1 1 1 1 1 1 1 1 1 1 1 1 1 1 1 1 1 1 1 1 1 1 1 1 1 1 1 1 1 1 1 1 1 1 1 1 1 1 1 1 1 1 1 1 1 1 1 1 1 1 1 1 1 1 1 1 1 1 1 1 1 1 1 1 1 1 1 1 1 1 1 1 1 1 1 1 1 1 1 1 1 1 1 1 1 1 1 1 1 1 1 1 1 1 100 1 100 1 100 1 100 1 100 1 1 1 1 1 1 1 1 1 1 1 1 1 1 1 1 1 1 1 1 1 1 1 1 1 1 1 1 1 1 1
instanceKlass jdk/internal/vm/vector/VectorSupport$VectorShuffle
instanceKlass jdk/internal/vm/vector/VectorSupport$VectorMask
instanceKlass jdk/internal/vm/vector/VectorSupport$Vector
ciInstanceKlass jdk/internal/vm/vector/VectorSupport$VectorPayload 0 0 32 10 100 12 1 1 1 9 100 12 1 1 1 10 100 12 1 1 1 1 1 1 1 1 1 1 1 1 1 1 1 1
ciInstanceKlass jdk/internal/vm/vector/VectorSupport$Vector 0 0 28 10 100 12 1 1 1 100 1 1 1 1 1 1 1 1 1 1 1 1 1 1 1 100 1 1 1 1
ciInstanceKlass jdk/internal/vm/vector/VectorSupport$VectorMask 0 0 28 10 100 12 1 1 1 100 1 1 1 1 1 1 1 1 1 1 1 1 1 1 1 100 1 1 1 1
ciInstanceKlass jdk/internal/vm/vector/VectorSupport$VectorShuffle 0 0 28 10 100 12 1 1 1 100 1 1 1 1 1 1 1 1 1 1 1 1 1 1 1 100 1 1 1 1
ciInstanceKlass jdk/internal/vm/FillerObject 0 0 16 10 100 12 1 1 1 100 1 1 1 1 1 1 1 1
instanceKlass java/lang/ref/PhantomReference
instanceKlass java/lang/ref/FinalReference
instanceKlass java/lang/ref/WeakReference
instanceKlass java/lang/ref/SoftReference
ciInstanceKlass java/lang/ref/Reference 1 1 190 9 7 12 1 1 1 9 7 12 1 1 10 12 1 1 10 12 1 1 9 12 1 1 10 12 1 1 9 12 1 1 9 12 1 1 7 1 10 12 1 10 7 12 1 1 10 12 1 10 12 1 1 10 12 1 7 1 8 1 10 12 1 1 7 1 10 12 1 1 10 12 1 1 10 12 1 9 12 1 10 12 1 1 10 12 1 10 12 1 9 12 1 7 1 100 1 10 12 9 12 1 9 12 1 100 1 10 10 12 1 10 10 7 12 1 1 7 1 10 10 7 12 1 1 1 1 1 1 1 1 1 1 1 1 1 1 1 1 1 1 1 7 1 1 1 100 1 1 1 1 1 1 1 1 1 1 1 1 1 1 1 1 1 1 1 1 1 1 1 1 1 1 1 1 1 1 1 1 1 1 1 7 1 7 1 7 1 1 1
staticfield java/lang/ref/Reference processPendingLock Ljava/lang/Object; java/lang/Object
staticfield java/lang/ref/Reference $assertionsDisabled Z 1
instanceKlass sun/security/util/MemoryCache$SoftCacheEntry
instanceKlass java/lang/invoke/LambdaFormEditor$Transform
ciInstanceKlass java/lang/ref/SoftReference 1 1 47 10 7 12 1 1 1 9 7 12 1 1 1 9 12 1 10 12 1 10 12 1 1 1 1 1 1 1 1 1 1 1 1 1 1 1 1 1 1 1 1 100 1 1 1 1 1
instanceKlass java/util/logging/LogManager$LoggerWeakRef
instanceKlass java/util/logging/Level$KnownLevel
instanceKlass jdk/internal/util/WeakReferenceKey
instanceKlass java/lang/ThreadLocal$ThreadLocalMap$Entry
instanceKlass java/util/WeakHashMap$Entry
ciInstanceKlass java/lang/ref/WeakReference 1 1 31 10 7 12 1 1 1 10 12 1 100 1 1 1 1 1 1 1 1 1 1 1 1 1 1 1 1 1 1 1 1
instanceKlass java/lang/ref/Finalizer
ciInstanceKlass java/lang/ref/FinalReference 1 1 50 10 7 12 1 1 1 10 7 12 1 1 1 10 12 1 1 7 1 8 1 10 12 1 1 1 1 1 1 1 1 1 1 1 1 1 1 1 1 1 1 1 1 1 1 1 1 1 7 1
instanceKlass jdk/internal/ref/PhantomCleanable
instanceKlass jdk/internal/ref/Cleaner
ciInstanceKlass java/lang/ref/PhantomReference 1 1 39 10 100 12 1 1 1 10 7 12 1 1 1 1 1 1 1 1 1 1 1 1 1 1 1 1 1 1 1 1 1 1 1 1 1 1 1 1 1
ciInstanceKlass java/lang/ref/Finalizer 1 1 155 9 7 12 1 1 1 10 7 12 1 1 1 9 12 1 1 9 12 1 1 9 12 1 9 12 1 9 12 1 1 10 12 1 7 1 8 1 10 12 1 10 12 1 1 9 12 1 100 1 10 12 1 7 1 11 100 12 1 1 10 12 1 7 1 10 12 1 100 1 10 12 1 10 7 12 1 1 1 10 100 12 1 1 1 100 1 10 10 12 1 7 1 10 12 1 7 1 10 12 1 1 10 12 1 1 10 12 1 10 7 12 1 1 1 7 1 10 7 1 10 10 12 1 1 1 1 1 1 1 1 1 1 1 1 1 1 1 1 1 1 1 1 1 1 1 1 1 1 1 1 1 1 1 1
staticfield java/lang/ref/Finalizer lock Ljava/lang/Object; java/lang/Object
staticfield java/lang/ref/Finalizer ENABLED Z 1
staticfield java/lang/ref/Finalizer $assertionsDisabled Z 1
instanceKlass java/util/stream/MatchOps$MatchKind
instanceKlass com/android/tools/r8/internal/If0
instanceKlass com/android/tools/r8/internal/SS
instanceKlass com/android/tools/r8/internal/Gx0
instanceKlass com/android/tools/r8/internal/vw
instanceKlass com/android/tools/r8/internal/U60$a
instanceKlass com/android/tools/r8/internal/W5
instanceKlass com/android/tools/r8/internal/XJ
instanceKlass com/android/tools/r8/internal/tX
instanceKlass com/android/tools/r8/internal/oy
instanceKlass com/android/tools/r8/internal/PK
instanceKlass com/android/tools/r8/internal/H6
instanceKlass com/android/tools/r8/internal/ze$a
instanceKlass com/android/tools/r8/internal/LY
instanceKlass com/android/tools/r8/graph/V2
instanceKlass com/android/tools/r8/internal/Eb$a
instanceKlass com/android/tools/r8/internal/W8$a
instanceKlass com/android/tools/r8/internal/sa
instanceKlass com/android/tools/r8/internal/nb$a
instanceKlass com/android/tools/r8/internal/Ox0
instanceKlass com/android/tools/r8/internal/aC
instanceKlass com/android/tools/r8/internal/MW
instanceKlass com/android/tools/r8/internal/I20
instanceKlass com/android/tools/r8/internal/Mx0
instanceKlass com/android/tools/r8/internal/Fs0$a
instanceKlass com/android/tools/r8/graph/k1
instanceKlass com/android/tools/r8/ir/optimize/N$a
instanceKlass com/android/tools/r8/graph/G3$k
instanceKlass com/android/tools/r8/internal/Ac0
instanceKlass com/android/tools/r8/ProgramResource$Kind
instanceKlass com/android/tools/r8/graph/C2
instanceKlass com/android/tools/r8/dex/W$b
instanceKlass com/android/tools/r8/AssertionsConfiguration$a
instanceKlass com/android/tools/r8/internal/QJ$i
instanceKlass com/android/tools/r8/internal/S70
instanceKlass sun/util/logging/PlatformLogger$Level
instanceKlass jdk/internal/logger/BootstrapLogger$LoggingBackend
instanceKlass com/android/tools/r8/internal/O40
instanceKlass com/android/tools/r8/internal/Vs
instanceKlass com/android/tools/r8/dex/W$a
instanceKlass java/util/stream/Collector$Characteristics
instanceKlass java/util/stream/StreamShape
instanceKlass java/util/stream/StreamOpFlag$Type
instanceKlass java/util/stream/StreamOpFlag
instanceKlass com/android/tools/r8/internal/B2
instanceKlass com/android/tools/r8/internal/ZV
instanceKlass java/nio/file/AccessMode
instanceKlass com/android/tools/r8/CompilationMode
instanceKlass com/android/tools/r8/internal/QJ$f
instanceKlass com/android/tools/r8/OutputMode
instanceKlass com/android/tools/r8/DiagnosticsLevel
instanceKlass java/math/RoundingMode
instanceKlass com/android/tools/r8/l
instanceKlass jdk/internal/icu/util/CodePointTrie$ValueWidth
instanceKlass jdk/internal/icu/util/CodePointTrie$Type
instanceKlass java/text/Normalizer$Form
instanceKlass java/time/temporal/ChronoUnit
instanceKlass java/time/temporal/ChronoField
instanceKlass java/util/regex/Pattern$Qtype
instanceKlass sun/security/util/DisabledAlgorithmConstraints$Constraint$Operator
instanceKlass java/lang/System$Logger$Level
instanceKlass sun/security/rsa/RSAUtil$KeyType
instanceKlass sun/security/util/KnownOIDs
instanceKlass java/lang/invoke/MethodHandles$Lookup$ClassOption
instanceKlass java/lang/invoke/VarHandle$AccessType
instanceKlass java/lang/invoke/VarHandle$AccessMode
instanceKlass java/lang/invoke/MethodHandleImpl$Intrinsic
instanceKlass java/lang/invoke/LambdaForm$BasicType
instanceKlass java/lang/invoke/LambdaForm$Kind
instanceKlass sun/invoke/util/Wrapper
instanceKlass java/util/zip/ZipCoder$Comparison
instanceKlass java/nio/file/LinkOption
instanceKlass sun/nio/fs/WindowsPathType
instanceKlass java/util/concurrent/TimeUnit
instanceKlass java/nio/file/StandardOpenOption
instanceKlass java/io/File$PathStatus
instanceKlass java/lang/module/ModuleDescriptor$Requires$Modifier
instanceKlass java/lang/reflect/AccessFlag$Location
instanceKlass java/lang/reflect/AccessFlag
instanceKlass java/lang/module/ModuleDescriptor$Modifier
instanceKlass java/lang/reflect/ClassFileFormatVersion
instanceKlass java/lang/Thread$State
ciInstanceKlass java/lang/Enum 1 1 204 9 7 12 1 1 1 9 12 1 1 10 7 12 1 1 1 9 12 1 10 7 12 1 1 1 100 1 10 10 12 1 1 10 12 1 7 1 10 10 7 12 1 1 10 12 1 1 18 12 1 1 10 100 12 1 1 1 10 12 1 1 11 7 12 1 1 1 100 1 8 1 10 12 1 100 1 7 1 10 8 1 10 12 1 1 10 12 1 1 8 1 10 12 1 10 100 1 8 1 10 10 12 1 1 10 100 12 1 1 1 7 1 7 1 7 1 1 1 1 1 1 1 1 1 1 1 1 1 1 1 1 1 1 1 1 1 1 1 1 1 1 1 1 1 1 1 1 1 1 1 1 1 1 1 1 1 1 1 1 1 1 1 3 1 1 1 1 100 1 7 1 1 100 1 1 1 1 1 1 1 1 1 1 1 16 15 10 12 16 15 10 100 12 1 1 1 1 1 100 1 100 1 1
ciInstanceKlass java/lang/reflect/Method 1 1 472 9 7 12 1 1 1 10 100 12 1 1 1 10 100 12 1 1 9 12 1 1 10 12 1 1 10 12 1 1 10 100 12 1 1 10 7 12 1 1 1 9 12 1 1 9 12 1 9 12 1 1 9 12 1 9 12 1 9 12 1 1 9 12 1 9 12 1 1 9 12 1 9 12 1 9 12 1 1 100 1 8 1 10 12 1 10 12 1 9 12 1 1 8 1 10 7 12 1 1 10 7 12 1 1 1 10 12 1 1 10 12 1 1 10 12 1 10 12 1 1 10 12 1 1 9 100 12 1 1 1 10 12 1 1 10 12 10 7 12 1 1 10 12 1 1 10 12 1 10 12 1 10 12 1 10 7 12 1 1 1 10 12 1 1 10 7 1 10 7 12 1 1 1 10 100 12 1 1 10 12 1 1 10 12 1 1 10 12 1 10 7 12 1 1 1 10 12 1 10 8 1 10 12 1 10 12 1 100 1 8 1 8 1 8 1 10 12 1 10 12 1 1 10 12 1 1 10 10 12 1 1 10 12 1 11 7 1 10 12 1 9 12 1 1 10 12 1 1 10 12 1 10 12 1 1 10 12 1 1 11 7 12 1 1 1 11 12 1 9 12 1 1 10 12 1 10 12 1 10 12 1 10 12 1 10 12 1 10 12 1 9 12 1 1 10 7 12 1 1 1 10 7 12 1 1 10 12 1 1 10 100 12 1 1 1 10 100 12 1 1 1 10 100 12 1 1 1 11 100 12 1 1 1 10 100 12 1 1 1 100 1 100 1 100 1 10 12 1 10 12 1 1 10 12 1 100 1 8 1 10 12 1 10 10 12 1 1 10 12 1 1 10 12 1 1 10 12 1 1 8 1 10 12 1 1 1 1 1 1 1 1 1 1 1 1 1 1 1 1 1 1 1 1 1 1 1 1 1 1 1 1 1 1 1 1 1 1 1 1 1 1 1 1 1 1 1 1 1 1 1 1 1 1 1 1 1 100 1 100 1 100 1 1 1 1 1 1 1 1 1 1 1 1 1 1 1 1 1 1 1 1 1 1 1 1 1 1 1 1 1 1
ciInstanceKlass java/lang/reflect/Field 1 1 457 9 7 12 1 1 1 10 12 1 1 10 100 12 1 1 1 10 100 12 1 1 9 12 1 1 10 12 1 1 10 12 1 1 10 100 12 1 1 10 7 12 1 1 1 9 12 1 1 9 12 1 9 12 1 9 12 1 1 9 12 1 1 9 12 1 9 12 1 1 9 12 1 1 100 1 8 1 10 12 1 10 12 1 9 12 1 1 9 12 1 10 12 1 10 7 12 1 1 10 12 1 1 10 12 1 1 10 12 1 10 12 1 1 9 100 12 1 1 1 10 100 12 1 1 1 100 1 10 12 1 1 10 12 1 1 10 12 1 1 10 12 1 10 12 1 10 7 1 10 7 12 1 1 7 1 10 8 1 10 12 1 1 10 12 1 1 8 1 10 12 10 12 1 8 1 8 1 10 11 7 1 9 12 1 10 12 1 1 10 12 1 1 11 7 12 1 1 1 10 12 1 11 12 1 1 11 12 1 1 11 12 1 1 11 12 1 1 11 12 1 1 11 12 1 1 11 12 1 1 11 12 1 1 11 12 1 1 11 12 1 1 11 12 1 1 11 12 1 1 11 12 1 1 11 12 1 1 11 12 1 1 11 12 1 1 11 12 1 1 10 12 1 10 7 12 1 1 10 12 1 10 12 1 10 12 1 9 12 1 1 10 100 12 1 1 1 10 12 1 1 10 12 1 10 100 12 1 1 10 12 1 1 11 7 1 10 12 1 7 1 10 100 12 1 1 1 10 100 12 1 1 1 9 12 1 10 100 12 1 1 1 11 100 12 1 1 1 10 12 1 1 10 12 1 1 9 100 12 1 1 10 100 12 1 1 1 10 12 1 1 7 1 1 1 1 1 1 1 1 1 1 1 1 1 1 1 1 1 1 1 1 1 1 1 1 1 1 1 1 1 1 1 1 1 1 1 1 1 1 1 100 1 1 1 1 1 1 1 1 1 1 1 1 1 1 1 1 1 1 1 1 1 1 1 1 1 1 1 1 1 1 1 1 7 1 1 1 1 1 1 1 1 1 100 1 1
ciInstanceKlass java/lang/reflect/Parameter 0 0 243 10 7 12 1 1 1 9 7 12 1 1 1 9 12 1 1 9 12 1 1 9 12 1 10 12 1 1 10 12 1 1 10 7 12 1 1 1 7 1 10 10 12 1 1 11 7 12 1 1 1 10 12 1 10 100 12 1 1 1 10 12 1 1 10 12 1 10 12 1 8 1 8 1 10 7 12 1 1 1 10 12 1 10 12 9 100 12 1 1 1 10 100 12 1 1 1 10 12 1 8 1 10 12 1 9 12 1 1 10 12 1 1 9 12 1 1 10 12 1 1 10 12 1 1 10 12 1 1 10 12 1 10 10 12 1 10 100 12 1 1 1 10 12 1 1 11 7 12 1 1 10 7 12 1 1 7 1 10 100 12 1 1 1 10 12 1 1 10 12 1 1 10 12 1 1 10 12 1 1 9 12 1 100 1 10 11 12 1 1 11 12 1 1 7 1 1 1 1 1 1 1 1 1 1 1 1 1 1 1 1 1 1 1 1 1 1 1 1 1 1 1 1 1 1 1 1 1 1 1 1 1 1 1 1 1 100 1 1 1 1 1 1
ciInstanceKlass java/lang/reflect/RecordComponent 0 0 196 10 7 12 1 1 1 9 7 12 1 1 1 9 12 1 1 9 12 1 10 12 1 1 10 12 1 1 10 100 12 1 1 1 10 12 1 1 9 12 1 1 10 12 1 1 10 12 1 1 10 12 1 10 100 12 1 1 10 100 12 1 1 9 12 1 1 10 100 12 1 1 1 11 100 12 1 1 1 10 9 100 12 1 1 1 10 100 12 1 1 1 9 12 1 1 10 100 12 1 1 1 10 12 1 1 11 7 12 1 1 10 7 12 1 1 7 1 9 12 1 9 12 1 1 9 12 1 10 100 12 1 1 1 10 12 1 1 10 12 1 1 7 1 10 10 12 1 10 12 1 1 8 1 10 12 1 10 12 1 9 12 1 7 1 1 1 1 1 1 1 1 1 1 1 1 1 1 1 1 1 1 1 1 1 1 7 1 1 1 1 1 1 100 1 1
ciInstanceKlass java/lang/StringBuffer 0 0 483 10 7 12 1 1 1 10 12 1 10 12 1 10 12 1 1 9 7 12 1 1 1 10 12 1 1 10 12 1 10 12 1 1 9 12 1 1 10 12 1 10 12 1 1 10 12 1 1 10 12 1 10 12 1 1 10 12 1 10 12 1 1 10 12 1 1 10 7 12 1 1 1 10 12 1 1 10 12 1 10 12 1 10 12 1 10 12 1 10 12 1 10 12 1 10 12 1 10 12 1 10 12 1 10 12 1 10 12 1 10 12 1 10 12 1 10 12 1 1 10 12 1 10 12 1 1 10 12 1 1 10 10 12 1 1 10 12 1 10 12 1 10 12 1 10 12 1 10 12 1 10 12 1 10 12 10 12 1 10 12 1 10 12 1 10 12 1 1 10 12 1 10 12 1 10 10 12 1 1 10 12 1 10 12 1 10 12 1 10 10 100 12 1 1 1 10 10 12 1 1 9 12 1 1 10 100 12 1 1 10 100 1 8 10 100 12 1 1 1 8 10 12 1 8 1 10 12 1 10 12 1 10 100 12 1 1 1 10 100 12 1 1 1 100 1 10 12 100 1 8 1 10 10 12 1 1 10 12 1 1 10 12 1 10 12 1 10 12 1 1 10 12 1 10 12 1 10 12 1 10 12 1 10 12 1 10 12 10 12 1 10 12 1 10 12 1 10 12 1 10 12 1 10 12 1 10 12 1 10 12 1 10 12 1 10 12 1 10 12 10 12 10 12 1 10 12 1 10 12 1 10 12 10 12 1 10 12 1 10 12 1 10 12 1 10 12 1 10 12 1 10 12 1 10 12 1 10 12 1 10 12 1 10 12 1 100 1 10 12 1 9 7 12 1 1 1 9 7 1 9 12 1 1 7 1 7 1 7 1 7 1 1 1 1 5 0 1 1 1 1 1 1 1 1 1 1 1 1 1 1 1 1 1 1 1 1 1 1 1 1 1 1 1 1 1 1 1 1 1 1 1 1 1 1 1 1 1 1 1 1 1 1 1 1 1 1 1 1 1 1 1 1 1 1 1 1 1 100 1 1 1 1 1 7 1 1 1 1 1 1 1 1 1 1 1 1 1 1 1 1 1 1
instanceKlass jdk/internal/loader/BuiltinClassLoader
instanceKlass java/net/URLClassLoader
ciInstanceKlass java/security/SecureClassLoader 1 1 102 10 7 12 1 1 1 7 1 10 12 1 9 7 12 1 1 1 10 12 1 10 12 1 10 12 1 1 10 12 1 1 10 12 1 7 1 10 7 1 10 12 1 7 1 10 12 1 11 7 12 1 1 1 7 1 11 12 1 10 12 1 1 1 1 1 1 1 1 1 1 1 1 1 1 1 1 1 1 1 1 1 1 1 1 1 1 1 1 1 1 1 1 1 1 1 1 100 1 1 1 1
ciInstanceKlass java/net/URLClassLoader 0 0 600 10 7 12 1 1 1 100 1 10 12 1 9 7 12 1 1 1 10 7 12 1 1 1 9 12 1 1 100 1 10 12 1 9 12 1 1 10 12 1 10 10 12 1 10 100 12 1 1 1 10 12 1 1 10 7 12 1 1 1 10 100 12 1 1 1 100 1 10 12 1 1 10 12 1 1 10 12 1 1 100 1 100 1 10 7 12 1 1 1 100 1 8 1 10 12 1 10 7 12 1 1 1 10 12 1 1 10 12 1 1 11 100 12 1 1 1 11 7 12 1 1 1 11 12 1 1 7 1 11 12 1 11 7 12 1 1 10 12 1 11 12 1 11 12 1 1 11 10 12 1 1 10 12 1 1 10 12 1 1 100 1 10 12 1 10 12 1 1 7 1 100 1 10 12 1 1 7 1 10 10 12 1 1 10 100 12 1 1 10 12 1 100 1 7 1 10 8 1 10 12 1 1 8 1 10 12 1 1 10 10 12 1 8 1 8 1 10 12 1 1 10 7 12 1 1 1 10 100 12 1 1 1 10 12 1 1 10 12 1 1 10 12 1 1 10 12 1 10 12 1 100 1 100 1 8 1 10 12 1 10 12 1 1 10 12 1 1 7 1 10 12 1 10 100 12 1 1 1 10 12 1 1 10 12 1 1 10 12 1 1 10 12 1 10 100 12 1 1 1 10 12 1 1 8 1 10 12 1 1 11 100 12 1 1 1 9 100 12 1 1 1 10 100 12 1 1 1 9 12 1 9 12 1 9 12 1 9 12 1 9 12 1 9 12 1 10 7 12 1 1 1 8 1 10 12 1 1 100 1 10 10 12 1 10 12 1 1 10 12 1 1 100 1 10 12 1 10 12 1 1 10 12 1 10 12 1 1 100 1 10 100 12 1 1 9 100 12 1 1 1 10 12 1 8 1 100 1 8 1 10 12 1 10 12 1 8 1 10 12 1 10 12 1 9 12 1 1 10 100 12 1 1 10 12 1 10 12 1 10 100 1 8 1 10 100 1 10 12 1 10 100 12 1 100 1 10 12 1 10 12 1 100 1 10 10 7 12 1 1 1 1 1 1 1 1 1 1 1 1 1 1 1 1 1 1 1 1 1 1 1 1 1 1 1 1 1 1 1 1 1 1 1 1 1 7 1 100 1 7 1 7 1 1 1 1 1 1 1 1 1 1 1 1 1 1 1 1 1 1 1 1 1 1 1 1 1 1 1 1 1 1 1 1 1 1 1 1 1 1 1 1 1 1 1 1 1 1 100 1 1 1 1 1 1 1 1 1 1 1 1 1 1 1 1 1 1 1 1 1 1 1 1 1 1 1 1 1 1 1 1 1 1 1 1 1 100 1 1 1
ciInstanceKlass java/util/jar/Manifest 1 1 339 10 7 12 1 1 1 7 1 10 9 7 12 1 1 1 7 1 10 9 12 1 1 9 12 1 1 10 12 1 10 12 1 1 10 12 1 1 10 12 1 1 10 12 1 1 11 7 1 11 12 1 1 10 12 1 1 10 100 12 1 1 1 100 1 7 1 10 8 1 10 12 1 1 10 12 1 1 10 12 1 10 12 1 11 100 1 10 12 1 10 12 1 1 11 12 1 1 10 12 1 11 12 1 1 11 100 12 1 1 1 11 7 12 1 1 11 12 1 1 100 1 10 12 1 8 1 11 12 1 7 1 10 12 1 1 11 12 1 10 12 1 10 12 1 10 7 12 1 1 1 8 1 10 12 1 1 10 9 7 12 1 1 1 10 12 1 1 10 100 12 1 10 12 1 10 12 1 9 100 12 1 1 1 8 1 10 12 1 8 1 8 1 7 1 10 12 1 10 12 1 10 12 1 1 100 1 8 1 10 12 1 1 8 1 10 10 12 1 1 8 1 10 12 1 1 10 7 12 1 1 1 10 12 1 10 11 12 1 1 10 12 1 10 7 12 1 1 1 10 12 1 1 10 12 1 10 12 1 1 11 10 12 1 11 10 12 1 7 1 1 1 1 1 1 1 1 1 1 1 1 1 1 1 1 1 1 1 1 1 1 1 1 1 1 1 1 1 1 1 1 1 1 1 1 1 1 1 1 1 1 1 100 1 1 1 1 1 1 1 1 1 1 1 1 1 1 7 1 1 1 1 1 1 1 1 1 1 1
ciInstanceKlass java/io/ByteArrayInputStream 1 1 117 10 7 12 1 1 1 9 7 12 1 1 1 9 12 1 1 9 12 1 9 12 1 10 100 12 1 1 1 10 7 12 1 1 1 10 7 12 1 1 1 10 100 12 1 1 1 10 12 1 1 3 10 100 1 10 100 12 1 1 1 9 12 1 1 100 1 10 10 7 12 1 1 1 1 1 1 1 1 1 1 1 1 1 1 1 1 1 1 1 1 1 1 1 1 1 1 1 1 1 1 1 100 1 1 1 1 1 1 1 1 1 1 1 1 1 1
staticfield java/io/ByteArrayInputStream $assertionsDisabled Z 1
instanceKlass java/nio/IntBuffer
instanceKlass java/nio/LongBuffer
instanceKlass java/nio/CharBuffer
instanceKlass java/nio/ByteBuffer
ciInstanceKlass java/nio/Buffer 1 1 256 100 1 10 7 12 1 1 1 9 7 12 1 1 1 9 12 1 9 12 1 1 9 12 1 9 12 1 1 10 12 1 1 10 12 1 1 10 12 100 1 7 1 10 8 1 10 12 1 1 10 12 1 8 1 8 1 10 12 1 1 10 12 1 8 1 9 12 1 1 100 1 8 1 10 12 1 8 1 8 1 9 12 10 12 1 8 1 8 1 8 1 10 12 1 8 1 8 1 8 1 100 1 10 100 1 10 100 1 10 9 12 1 1 10 7 12 1 1 1 100 1 10 12 1 1 10 12 1 10 100 12 1 1 10 7 12 1 1 1 10 7 12 1 1 1 9 12 1 1 10 7 12 1 1 1 9 12 1 1 7 1 10 10 12 1 1 7 1 10 10 7 12 1 1 1 1 1 3 1 1 1 1 1 1 1 1 1 1 1 1 1 1 100 1 1 1 1 1 1 1 7 1 1 1 1 1 1 1 1 1 1 1 1 1 1 1 1 1 1 1 1 1 1 1 1 1 1 1 1 1 1 1 1 1 1 1 1 1 1 1 100 1 100 1 100 1 100 1 100 1 100 1 100 1 1
staticfield java/nio/Buffer UNSAFE Ljdk/internal/misc/Unsafe; jdk/internal/misc/Unsafe
staticfield java/nio/Buffer SCOPED_MEMORY_ACCESS Ljdk/internal/misc/ScopedMemoryAccess; jdk/internal/misc/ScopedMemoryAccess
staticfield java/nio/Buffer IOOBE_FORMATTER Ljava/util/function/BiFunction; jdk/internal/util/Preconditions$4
staticfield java/nio/Buffer $assertionsDisabled Z 1
ciInstanceKlass java/util/Objects 1 1 184 10 7 12 1 1 1 100 1 8 1 10 12 1 10 12 1 1 10 7 12 1 1 1 10 12 1 1 10 12 1 10 7 12 1 1 1 10 12 1 1 10 7 12 1 1 1 7 1 10 10 12 1 1 10 7 12 1 1 10 12 1 1 8 1 10 7 12 1 1 1 10 7 12 1 1 1 10 11 100 12 1 1 1 100 1 10 10 12 1 8 1 10 12 1 8 1 100 1 11 12 1 1 8 1 10 7 12 1 1 1 10 12 1 1 10 12 1 10 12 1 10 12 1 10 12 1 1 1 1 1 1 1 1 1 1 1 1 1 1 1 1 1 1 1 1 1 1 1 1 1 1 1 1 1 1 1 1 1 1 1 1 1 1 1 1 1 1 1 1 1 1 1 1 1 1 1 1 1 1 1 1 1 1
ciMethod java/util/Objects hash ([Ljava/lang/Object;)I 572 0 55856 0 336
ciMethod java/util/Objects requireNonNull (Ljava/lang/Object;)Ljava/lang/Object; 756 0 656504 0 -1
instanceKlass java/util/Collections$CopiesList
instanceKlass java/util/AbstractSequentialList
instanceKlass java/util/Collections$SingletonList
instanceKlass java/util/ArrayList$SubList
instanceKlass java/util/Vector
instanceKlass sun/security/jca/ProviderList$ServiceList
instanceKlass java/util/Arrays$ArrayList
instanceKlass sun/security/jca/ProviderList$3
instanceKlass java/util/Collections$EmptyList
instanceKlass java/util/ArrayList
ciInstanceKlass java/util/AbstractList 1 1 218 10 7 12 1 1 1 9 7 12 1 1 1 10 12 1 1 10 12 1 1 100 1 10 10 12 1 1 11 100 12 1 1 1 11 12 1 1 11 12 1 10 7 12 1 1 1 10 12 1 11 12 1 11 12 1 11 12 1 10 12 1 1 10 12 1 1 11 7 12 1 1 1 11 7 1 11 100 1 10 12 1 100 1 10 12 1 10 12 1 1 7 1 100 1 10 12 1 100 1 10 100 1 7 1 10 8 1 10 12 1 1 10 12 1 10 12 1 1 10 12 1 8 1 100 1 8 1 8 1 8 1 10 7 1 11 10 10 12 1 11 12 1 10 12 1 1 8 1 8 1 1 1 1 1 1 1 1 1 1 1 1 1 1 1 1 1 1 1 1 1 1 1 1 1 1 1 1 1 1 1 1 1 1 1 1 1 1 1 1 1 1 1 1 1 1 1 1 1 1 1 1 1 1 1 1 1 1 100 1 100 1 1 1 1 1 1 1
ciInstanceKlass java/util/List 1 1 251 10 100 12 1 1 1 11 100 12 1 1 1 11 100 12 1 1 1 11 12 1 1 11 100 12 1 1 11 12 1 1 11 12 1 1 10 100 12 1 1 1 100 1 100 1 10 12 1 1 100 1 10 100 12 1 1 1 11 12 1 1 11 12 1 11 12 1 100 1 10 12 1 11 12 1 1 11 12 1 1 11 12 1 10 100 12 1 1 1 9 7 12 1 1 1 7 1 10 12 10 12 1 7 1 10 12 1 1 10 12 1 10 12 1 1 11 12 1 1 100 1 1 1 1 1 1 1 1 1 1 1 1 1 1 1 1 1 1 1 1 1 1 1 1 1 1 1 1 1 1 1 1 1 1 1 1 1 1 1 1 1 1 1 1 100 1 100 1 1 1 1 1 1 1 1 1 1 1 1 1 1 1 1 1 1 1 1 1 1 1 1 1 1 1 1 1 1 1 1 1 1 1 1 1 1 1 1 1 1 1 1 1 1 1 1 1 1 1 1 1 1 1 1 1 1 1 1 1 1 1 1 1 1 1 1 1 1 1 1 1 1 1 1 100 1 1 100 1 1 1
ciInstanceKlass java/util/SequencedCollection 1 1 109 100 1 10 12 1 1 11 7 12 1 1 1 11 7 12 1 1 1 11 12 1 1 11 12 1 7 1 7 1 1 1 1 1 1 1 1 1 1 1 1 1 1 1 1 1 1 1 1 1 1 1 1 1 1 1 1 1 100 1 8 1 1 12 10 1 1 1 8 1 1 1 8 1 1 1 8 1 1 1 8 1 1 8 1 1 1 8 1 1 8 1 1 1 8 1 1 8 1 1 1 8 1 1 8 1 1 8 1
ciInstanceKlass java/util/Collection 1 1 115 11 100 12 1 1 1 100 1 11 7 12 1 1 1 10 7 12 1 1 1 11 12 1 1 11 7 12 1 1 1 11 12 1 1 11 7 12 1 1 1 11 12 1 1 10 100 12 1 1 1 11 12 1 10 7 12 1 1 1 100 1 100 1 1 1 1 1 1 1 1 1 1 1 1 1 1 1 1 1 1 1 1 1 1 1 1 1 1 1 1 1 1 1 1 1 1 1 1 1 1 1 1 1 1 1 1 1 1 1 1 1 1 1 1
ciInstanceKlass java/lang/Iterable 1 1 62 10 7 12 1 1 1 11 7 12 1 1 1 11 7 12 1 1 1 11 12 1 1 11 7 12 1 1 1 10 100 12 1 1 1 100 1 1 1 1 1 1 1 1 1 1 1 1 1 1 1 1 1 1 1 1 1 1 1 1 1 1
ciMethod java/lang/Iterable forEach (Ljava/util/function/Consumer;)V 1024 1944 23164 0 -1
instanceKlass com/android/tools/r8/internal/x0
instanceKlass com/android/tools/r8/internal/V0
instanceKlass java/util/IdentityHashMap$Values
instanceKlass com/android/tools/r8/internal/W
instanceKlass com/android/tools/r8/internal/y1
instanceKlass com/android/tools/r8/internal/b1
instanceKlass java/util/AbstractQueue
instanceKlass java/util/HashMap$Values
instanceKlass com/android/tools/r8/internal/kC
instanceKlass java/util/LinkedHashMap$LinkedValues
instanceKlass java/util/ArrayDeque
instanceKlass java/util/AbstractSet
instanceKlass java/util/ImmutableCollections$AbstractImmutableCollection
instanceKlass java/util/AbstractList
ciInstanceKlass java/util/AbstractCollection 1 1 160 10 7 12 1 1 1 10 7 12 1 1 1 10 12 1 1 11 7 12 1 1 1 11 12 1 1 10 12 1 1 10 100 12 1 1 1 10 12 1 1 10 12 1 1 10 7 12 1 1 10 7 12 1 1 1 7 1 10 7 12 1 1 1 10 100 12 1 1 1 100 1 10 11 12 1 11 7 1 10 12 1 10 12 1 10 7 12 1 1 1 11 8 1 7 1 10 10 12 1 1 8 1 10 12 1 10 12 1 1 1 1 1 1 1 1 1 1 1 1 1 1 1 1 1 1 1 1 1 1 1 1 1 1 1 1 1 1 1 1 1 1 1 1 1 1 1 1 1 1 1 1 1 1 1 1 1 1 1 1
ciMethod java/util/AbstractCollection iterator ()Ljava/util/Iterator; 0 0 1 0 -1
ciInstanceKlass java/lang/AssertionStatusDirectives 0 0 24 10 100 12 1 1 1 100 1 1 1 1 1 1 1 1 1 1 1 1 1 1 1 1
instanceKlass com/android/tools/r8/graph/v4
instanceKlass com/android/tools/r8/internal/cw0
instanceKlass com/android/tools/r8/internal/hw0
instanceKlass com/android/tools/r8/internal/ML
instanceKlass com/android/tools/r8/internal/Wv0
instanceKlass com/android/tools/r8/internal/lK
instanceKlass java/util/ConcurrentModificationException
instanceKlass java/util/NoSuchElementException
instanceKlass java/lang/IndexOutOfBoundsException
instanceKlass com/android/tools/r8/internal/mK
instanceKlass com/android/tools/r8/internal/g
instanceKlass com/android/tools/r8/internal/Qf
instanceKlass java/lang/UnsupportedOperationException
instanceKlass java/io/UncheckedIOException
instanceKlass java/lang/IllegalStateException
instanceKlass com/android/tools/r8/internal/zv
instanceKlass com/android/tools/r8/internal/J8
instanceKlass java/lang/IllegalArgumentException
instanceKlass java/lang/ArithmeticException
instanceKlass java/lang/NullPointerException
instanceKlass java/lang/IllegalMonitorStateException
instanceKlass java/lang/ArrayStoreException
instanceKlass java/lang/ClassCastException
ciInstanceKlass java/lang/RuntimeException 1 1 40 10 7 12 1 1 1 10 12 1 10 12 1 10 12 1 10 12 1 100 1 1 1 1 5 0 1 1 1 1 1 1 1 1 1 1 1 1 1 1
instanceKlass java/util/stream/Collectors$CollectorImpl
instanceKlass java/security/SecureClassLoader$CodeSourceKey
instanceKlass sun/security/pkcs/SignerInfo$AlgorithmInfo
instanceKlass jdk/internal/misc/ThreadTracker$ThreadRef
instanceKlass jdk/internal/reflect/ReflectionFactory$Config
instanceKlass jdk/internal/foreign/abi/UpcallLinker$CallRegs
instanceKlass jdk/internal/foreign/abi/VMStorage
ciInstanceKlass java/lang/Record 1 1 22 10 7 12 1 1 1 100 1 1 1 1 1 1 1 1 1 1 1 1 1 1
ciInstanceKlass java/lang/invoke/MethodType 1 1 780 7 1 10 7 12 1 1 1 9 12 1 1 9 12 1 1 9 12 1 1 10 7 12 1 1 1 9 7 12 1 1 8 1 10 100 12 1 1 1 9 7 1 9 7 1 10 12 1 1 7 1 10 8 1 10 12 1 1 10 12 1 10 12 1 1 7 1 8 1 10 12 1 100 1 10 10 12 1 10 12 1 1 10 12 1 1 11 7 12 1 1 1 9 12 1 11 12 1 1 7 10 12 1 1 10 12 1 1 7 1 7 1 10 7 12 1 1 1 10 12 1 10 12 1 9 12 1 1 10 7 12 1 1 10 12 1 1 10 7 12 1 1 1 10 7 12 1 1 1 10 12 1 9 12 1 1 10 12 1 1 10 12 1 1 10 12 1 1 10 12 1 1 10 12 1 1 10 12 1 10 12 1 10 12 1 1 10 12 1 8 1 8 1 10 12 1 1 9 12 1 1 100 1 10 10 12 1 1 10 12 1 10 12 1 1 10 12 1 1 10 12 1 10 12 1 10 12 1 8 1 10 12 1 1 10 100 12 1 1 1 10 12 1 10 12 1 1 10 12 1 10 12 1 10 12 1 1 10 12 1 10 12 1 9 12 1 10 12 1 10 10 12 1 1 10 12 1 9 12 1 1 10 12 1 1 11 12 1 1 10 12 1 1 10 12 1 10 12 1 100 1 8 1 8 1 8 1 10 12 1 10 12 1 10 12 1 1 10 10 12 1 11 12 1 1 11 12 1 10 100 12 1 1 1 9 12 1 10 12 1 10 12 1 1 10 12 1 1 10 12 1 10 12 1 10 100 12 1 1 1 10 12 1 1 10 12 1 10 12 1 10 12 1 10 9 12 1 1 7 1 10 12 1 10 12 1 1 9 100 12 1 1 1 10 7 12 1 1 1 10 7 12 1 1 1 10 12 1 1 10 7 12 1 1 1 10 12 1 1 8 1 10 7 12 1 1 1 11 12 1 1 9 12 1 1 10 12 1 1 10 12 1 10 12 1 1 10 12 1 1 10 100 12 1 1 100 1 10 12 1 1 11 100 12 1 1 18 12 1 1 11 12 1 1 18 12 1 11 12 1 100 1 11 100 12 1 1 10 12 1 100 1 10 12 1 10 100 12 1 1 10 12 1 1 9 12 1 1 9 100 12 1 1 1 10 7 12 1 1 1 9 12 1 10 100 12 1 1 10 12 1 100 10 12 1 1 10 12 1 7 1 10 10 12 1 1 7 1 7 1 9 12 1 1 7 1 7 1 7 1 1 1 5 0 1 1 1 1 1 1 1 3 1 3 1 3 1 1 1 1 1 1 1 1 1 1 1 1 1 1 1 1 1 1 1 1 1 1 1 1 1 1 1 1 1 1 1 1 1 1 1 1 1 1 1 1 1 1 1 1 1 1 1 1 1 1 1 1 1 1 1 1 1 1 1 1 1 1 1 1 1 1 1 1 1 1 1 1 1 1 1 1 1 1 1 1 1 1 1 1 1 1 1 1 1 1 1 1 1 1 1 1 1 1 1 1 1 1 1 1 1 1 1 1 1 1 1 1 1 1 1 1 1 1 1 1 1 1 1 1 1 1 1 1 1 1 100 1 100 1 1 1 1 1 1 1 1 1 1 1 1 1 100 1 1 1 7 1 1 1 1 1 1 1 1 1 1 1 1 1 1 1 1 1 1 1 1 1 1 16 15 10 12 16 16 15 10 12 16 15 10 100 12 1 1 1 1 1 7 1 1 7 1 1 100 1 100 1 1
staticfield java/lang/invoke/MethodType internTable Ljdk/internal/util/ReferencedKeySet; jdk/internal/util/ReferencedKeySet
staticfield java/lang/invoke/MethodType NO_PTYPES [Ljava/lang/Class; 0 [Ljava/lang/Class;
staticfield java/lang/invoke/MethodType objectOnlyTypes [Ljava/lang/invoke/MethodType; 20 [Ljava/lang/invoke/MethodType;
staticfield java/lang/invoke/MethodType METHOD_HANDLE_ARRAY [Ljava/lang/Class; 1 [Ljava/lang/Class;
staticfield java/lang/invoke/MethodType serialPersistentFields [Ljava/io/ObjectStreamField; 0 [Ljava/io/ObjectStreamField;
staticfield java/lang/invoke/MethodType $assertionsDisabled Z 1
ciInstanceKlass java/lang/invoke/TypeDescriptor$OfMethod 1 0 43 100 1 100 1 100 1 1 1 1 1 1 1 1 1 1 1 1 1 1 1 1 1 1 1 1 1 1 1 1 1 1 1 1 1 1 1 1 1 1 100 1 1
instanceKlass java/lang/NoSuchFieldException
instanceKlass java/lang/NoSuchMethodException
instanceKlass java/lang/ClassNotFoundException
ciInstanceKlass java/lang/ReflectiveOperationException 0 0 34 10 100 12 1 1 1 10 12 1 10 12 1 10 12 1 100 1 1 1 1 5 0 1 1 1 1 1 1 1 1 1 1 1
instanceKlass java/lang/invoke/DelegatingMethodHandle
instanceKlass java/lang/invoke/BoundMethodHandle
instanceKlass java/lang/invoke/DirectMethodHandle
ciInstanceKlass java/lang/invoke/MethodHandle 1 1 733 100 1 9 7 12 1 1 1 10 7 12 1 1 1 10 7 12 1 1 1 7 1 7 1 10 12 1 1 9 12 1 1 10 12 1 10 12 1 1 10 12 1 1 10 100 12 1 1 1 10 12 1 1 10 12 1 1 11 7 12 1 1 1 10 12 1 1 10 12 1 10 12 1 10 12 1 1 9 12 1 1 9 12 1 1 10 7 12 1 1 1 10 12 1 1 10 12 1 10 12 1 100 1 7 1 10 8 1 10 12 1 1 10 12 1 8 1 10 12 1 1 10 12 1 10 7 12 1 1 1 10 12 1 1 10 12 1 1 10 12 1 1 10 7 12 1 1 1 10 12 1 1 10 12 1 1 10 12 1 10 12 1 1 10 7 12 1 1 10 7 12 1 1 10 12 1 10 12 1 10 12 1 1 10 12 1 1 10 12 1 1 10 12 1 1 10 7 12 1 1 1 10 100 12 1 1 1 10 12 1 1 10 12 1 1 10 12 1 1 8 1 10 7 12 1 1 1 8 1 10 12 1 10 12 1 1 10 12 1 1 10 12 1 8 1 10 12 1 1 8 1 10 12 1 8 1 10 7 12 1 1 1 9 12 1 1 100 1 10 9 7 12 1 1 1 9 7 1 8 1 10 12 1 1 10 12 1 10 12 1 1 10 12 1 10 12 1 1 10 12 1 10 12 1 1 10 12 1 10 12 1 1 10 12 1 1 8 1 10 12 1 1 8 1 10 12 1 10 12 1 1 10 12 1 10 12 1 10 12 1 1 9 100 12 1 1 1 10 12 1 1 11 12 1 10 12 1 10 12 1 1 10 100 12 1 1 100 1 11 12 1 10 100 1 11 12 1 7 1 10 12 1 11 12 1 9 100 12 1 1 1 11 12 1 1 11 100 12 1 1 1 10 12 1 1 9 12 1 11 12 1 9 12 1 9 12 1 9 12 1 11 12 1 1 9 12 1 9 12 1 9 12 1 9 12 1 9 12 1 9 12 1 9 12 1 8 1 10 12 1 10 12 1 8 1 10 12 1 10 12 1 10 12 1 1 10 10 10 7 12 1 1 10 12 1 1 100 1 100 1 8 1 8 1 10 10 12 1 1 10 12 1 10 12 1 7 1 10 100 12 1 1 1 10 9 7 12 1 1 1 10 12 1 1 10 12 1 1 8 1 8 1 10 7 12 1 1 9 12 1 9 12 1 1 9 12 1 1 10 12 1 7 1 10 12 1 10 12 1 1 9 12 1 1 9 12 1 1 10 7 12 1 1 1 11 7 12 1 1 9 12 1 10 12 1 1 9 12 1 10 12 1 8 10 12 1 1 8 1 1 1 1 1 1 1 1 7 1 1 1 1 1 1 1 1 1 1 1 1 1 1 1 1 1 1 1 1 1 1 1 1 1 1 1 1 1 1 100 1 1 1 1 1 1 1 1 1 1 1 1 1 1 1 1 1 1 1 1 1 1 1 1 1 1 1 1 1 1 1 1 1 1 1 1 1 1 1 1 1 1 1 1 1 1 1 1 1 1 1 1 1 1 1 1 1 1 1 1 1 1 1 1 1 1 1 1 1 1 1 1 1 1 1 1 1 1 1 1 1 1 1 1 1 1 100 1 1 100 1 7 1 100 1 1 100 1 1 100 1 1 1 1
staticfield java/lang/invoke/MethodHandle FORM_OFFSET J 20
staticfield java/lang/invoke/MethodHandle UPDATE_OFFSET J 13
staticfield java/lang/invoke/MethodHandle $assertionsDisabled Z 1
ciInstanceKlass java/util/concurrent/ConcurrentHashMap 1 1 1210 7 1 7 1 3 10 12 1 1 3 7 1 10 7 12 1 1 1 7 1 10 7 12 1 1 1 7 1 11 12 1 1 11 12 1 11 12 1 1 9 12 1 1 9 12 1 1 9 12 1 10 7 12 1 1 1 7 1 10 12 1 1 10 12 1 1 10 7 12 1 1 1 4 10 12 1 9 12 1 10 12 1 1 100 1 10 5 0 10 12 1 10 12 1 1 5 0 10 12 1 1 10 12 1 9 12 1 1 10 12 1 1 9 12 1 9 12 1 1 10 12 1 1 9 12 1 10 12 1 1 9 12 1 1 10 12 1 1 100 1 10 7 1 10 12 1 10 12 1 1 10 12 1 1 10 12 1 1 10 12 1 10 12 1 1 10 12 1 1 7 1 10 12 1 1 7 1 100 1 8 1 10 12 1 10 12 1 1 10 12 1 1 11 7 12 1 1 10 12 1 1 11 12 1 1 11 7 12 1 1 1 11 7 12 1 1 1 11 12 1 7 1 11 12 1 11 12 1 10 12 1 1 10 12 1 1 9 12 1 1 10 7 12 1 1 1 9 10 12 1 1 9 12 1 10 12 1 1 5 0 9 12 1 1 7 1 10 12 1 9 12 1 1 7 1 10 12 1 9 12 1 7 1 10 7 1 10 10 12 1 1 8 1 10 12 1 10 12 1 1 11 100 1 10 12 1 10 100 12 1 1 1 8 1 10 100 12 1 1 1 8 1 10 12 1 8 1 10 12 1 10 12 1 1 10 100 12 1 1 10 12 1 10 12 1 10 12 1 9 12 1 9 10 12 1 9 12 1 1 11 7 12 1 1 1 11 7 12 1 1 1 100 1 10 12 11 100 12 1 1 10 11 7 12 1 10 12 1 100 1 10 12 1 100 1 10 10 9 7 12 1 1 1 10 12 3 10 7 12 1 1 9 12 1 10 12 1 1 9 12 1 1 9 12 1 10 12 1 1 10 7 12 1 1 9 12 1 9 7 12 1 1 10 12 1 1 10 12 1 3 9 12 1 9 12 1 10 12 1 1 7 1 9 3 9 12 1 7 1 10 12 1 9 12 1 10 12 1 9 12 1 10 12 1 9 12 1 10 7 12 1 1 1 7 10 12 1 7 1 5 0 10 100 12 1 1 100 1 10 12 1 1 10 12 1 10 12 1 100 1 10 12 1 10 100 1 100 1 10 10 12 1 10 100 1 10 12 1 10 100 1 10 12 1 10 7 1 10 12 1 1 100 1 10 12 1 10 10 12 1 100 1 10 12 1 10 10 12 1 100 1 10 12 1 10 100 1 10 12 1 10 100 1 10 12 1 10 100 1 10 12 1 10 100 1 10 12 1 10 100 1 10 12 1 10 100 1 10 12 1 10 100 1 10 12 1 10 100 1 10 10 100 1 10 10 100 1 10 10 100 1 10 12 1 10 100 1 10 12 1 10 100 1 10 12 1 10 100 1 10 12 1 10 100 1 10 12 1 10 100 1 10 10 100 1 10 10 100 1 10 10 100 1 10 12 1 10 100 1 10 12 1 10 100 1 10 12 1 10 100 1 10 12 1 10 100 1 10 12 1 10 10 12 1 10 7 12 1 1 1 10 12 1 7 1 7 1 10 12 1 9 12 1 1 9 12 1 1 10 12 1 1 8 10 12 1 1 8 8 8 8 7 10 12 1 1 10 12 1 100 1 8 1 10 7 1 7 1 7 1 1 1 5 0 1 1 3 1 3 1 1 1 1 3 1 3 1 3 1 1 1 1 1 3 1 3 1 3 1 1 1 1 1 1 1 1 1 1 1 1 1 1 1 1 1 1 1 1 1 1 1 1 1 100 1 1 1 1 1 1 1 1 1 1 1 1 1 1 1 1 1 1 1 1 1 1 1 1 1 1 1 1 1 1 1 1 1 1 1 1 1 1 1 1 1 1 1 1 1 1 1 1 1 1 1 1 1 1 1 1 1 1 1 1 1 1 1 1 1 1 1 1 1 1 1 1 1 1 1 1 1 1 1 1 1 1 1 1 100 1 1 1 1 1 1 1 1 1 1 1 7 1 1 1 1 1 1 1 1 1 1 1 1 1 1 1 1 1 1 1 1 1 1 1 1 1 1 1 1 1 1 1 1 1 1 1 1 1 1 1 1 1 1 1 1 1 1 1 1 1 1 1 1 1 1 1 1 1 1 1 1 1 1 1 1 1 1 1 1 1 1 1 1 1 1 1 1 1 1 1 1 1 1 1 1 1 1 1 1 1 1 1 1 1 1 1 1 1 1 1 1 1 1 1 1 1 1 1 1 1 1 1 1 1 1 1 1 1 1 1 1 1 1 1 1 1 1 1 1 1 1 1 1 1 1 1 1 1 1 1 1 1 1 1 1 1 1 1 1 1 1 1 1 1 1 1 1 1 1 1 1 1 1 1 1 1 1 1 1 1 1 1 1 1 1 1 1 1 1 1 1 1 1 1 1 1 1 1 1 1 1 1 1 1 1 1 1 1 1 1 1 1 1 1 1 1 1 1 1 1 1 1 1 1 1 1 1 1 1 1 1 1 1 1 100 1 100 1 100 1 100 1 100 1 100 1 100 1 100 1 100 1 1 1 1 1 1 1 1 1 1 1 1 1 1 1 1 1 1 1 1 1 1 1 1 1 1 1 1 1 1 1 1 1 1 1 1 1 1 1 1 1 1 1 1 1 1 1 1 1 1 1 1 1 1 1 1 1 1
staticfield java/util/concurrent/ConcurrentHashMap NCPU I 20
staticfield java/util/concurrent/ConcurrentHashMap serialPersistentFields [Ljava/io/ObjectStreamField; 3 [Ljava/io/ObjectStreamField;
staticfield java/util/concurrent/ConcurrentHashMap U Ljdk/internal/misc/Unsafe; jdk/internal/misc/Unsafe
staticfield java/util/concurrent/ConcurrentHashMap SIZECTL J 20
staticfield java/util/concurrent/ConcurrentHashMap TRANSFERINDEX J 32
staticfield java/util/concurrent/ConcurrentHashMap BASECOUNT J 24
staticfield java/util/concurrent/ConcurrentHashMap CELLSBUSY J 36
staticfield java/util/concurrent/ConcurrentHashMap CELLVALUE J 144
staticfield java/util/concurrent/ConcurrentHashMap ABASE I 16
staticfield java/util/concurrent/ConcurrentHashMap ASHIFT I 2
instanceKlass java/util/EnumMap
instanceKlass com/android/tools/r8/internal/cW
instanceKlass java/util/TreeMap
instanceKlass java/util/IdentityHashMap
instanceKlass java/util/WeakHashMap
instanceKlass java/util/Collections$EmptyMap
instanceKlass sun/util/PreHashedMap
instanceKlass java/util/HashMap
instanceKlass java/util/ImmutableCollections$AbstractImmutableMap
instanceKlass java/util/concurrent/ConcurrentHashMap
ciInstanceKlass java/util/AbstractMap 1 1 196 10 7 12 1 1 1 10 7 12 1 1 1 11 7 12 1 1 1 10 11 12 1 1 11 7 12 1 1 1 11 12 1 1 7 1 11 12 1 10 12 1 1 11 12 1 100 1 10 11 12 1 11 7 1 10 12 1 1 11 12 1 9 12 1 1 7 1 10 12 1 9 12 1 1 100 1 10 11 11 12 1 1 11 12 1 7 1 100 1 11 12 1 8 1 7 1 10 10 12 1 1 8 1 10 12 1 10 12 1 1 10 12 1 1 1 1 1 1 1 1 1 1 1 1 1 1 1 1 1 1 1 1 1 1 1 1 1 1 1 1 1 1 1 1 1 1 1 1 1 1 1 1 7 1 1 1 1 1 1 1 7 1 1 1 1 1 1 1 1 1 100 1 1 1 1 1 1 1 1 1 100 1 100 1 100 1 100 1 100 1 1 1 1 1 1
ciMethod java/util/concurrent/ConcurrentHashMap get (Ljava/lang/Object;)Ljava/lang/Object; 512 2 16168 0 736
ciMethod java/util/concurrent/ConcurrentHashMap computeIfAbsent (Ljava/lang/Object;Ljava/util/function/Function;)Ljava/lang/Object; 512 12 170871 0 0
ciInstanceKlass java/util/concurrent/ConcurrentMap 1 1 208 11 7 12 1 1 1 10 100 12 1 1 11 12 1 1 11 100 12 1 1 1 11 7 12 1 1 1 11 12 1 1 100 1 11 12 1 11 12 1 100 1 11 100 12 1 1 1 18 12 1 11 12 1 1 11 100 12 1 1 11 12 1 1 11 100 12 1 11 12 1 1 11 12 1 1 7 1 7 1 1 1 1 1 1 1 1 1 1 1 1 1 1 1 1 1 1 1 1 1 1 1 1 1 1 1 1 1 1 1 1 1 1 1 1 1 1 1 1 1 1 1 1 1 1 1 1 1 1 1 1 1 1 1 1 1 1 1 1 16 15 11 12 15 10 100 12 1 1 1 1 1 100 1 100 1 1 1 100 1 8 1 1 12 10 1 1 1 8 1 1 1 8 1 1 8 1 1 1 8 1 1 1 8 1 1 1 8 1 1 1 8 1 1 1 8 1 1 1 8 1 1 1 8 1 1 8 1
ciInstanceKlass jdk/internal/loader/ClassLoaders 1 1 183 10 7 12 1 1 1 10 7 12 1 1 1 10 12 1 1 10 100 12 1 1 1 9 7 12 1 1 1 9 12 1 1 9 12 1 1 7 1 11 100 12 1 1 1 100 1 11 12 1 1 11 12 1 1 10 100 12 1 1 1 10 100 12 1 1 1 100 1 100 1 10 7 12 1 1 1 9 12 1 1 10 12 1 1 7 1 10 12 1 1 10 12 1 7 1 8 1 10 7 12 1 1 1 10 12 1 1 7 1 10 12 1 10 12 1 10 12 1 8 1 10 7 12 1 1 8 1 8 1 10 12 1 7 1 10 12 1 10 12 1 10 12 1 1 1 1 1 1 1 1 1 1 1 1 1 1 1 1 1 1 1 1 7 1 1 1 1 1 1 1 1 1 1 1 1 1 1 1 1 1 1 1
staticfield jdk/internal/loader/ClassLoaders JLA Ljdk/internal/access/JavaLangAccess; java/lang/System$2
staticfield jdk/internal/loader/ClassLoaders BOOT_LOADER Ljdk/internal/loader/ClassLoaders$BootClassLoader; jdk/internal/loader/ClassLoaders$BootClassLoader
staticfield jdk/internal/loader/ClassLoaders PLATFORM_LOADER Ljdk/internal/loader/ClassLoaders$PlatformClassLoader; jdk/internal/loader/ClassLoaders$PlatformClassLoader
staticfield jdk/internal/loader/ClassLoaders APP_LOADER Ljdk/internal/loader/ClassLoaders$AppClassLoader; jdk/internal/loader/ClassLoaders$AppClassLoader
instanceKlass jdk/internal/loader/ClassLoaders$BootClassLoader
instanceKlass jdk/internal/loader/ClassLoaders$PlatformClassLoader
instanceKlass jdk/internal/loader/ClassLoaders$AppClassLoader
ciInstanceKlass jdk/internal/loader/BuiltinClassLoader 1 1 737 9 7 12 1 1 1 10 7 12 1 1 1 10 7 12 1 1 1 9 12 1 1 9 12 1 1 7 1 10 12 1 9 12 1 10 12 1 9 12 1 10 7 12 1 1 1 10 7 12 1 1 1 10 7 12 1 1 1 11 7 12 1 1 1 7 1 7 1 10 10 12 1 1 8 1 10 12 1 10 12 7 1 10 12 1 10 12 1 1 11 7 12 1 1 1 11 7 12 1 1 1 11 12 1 1 7 1 8 1 8 1 10 9 12 1 1 10 7 12 1 1 11 12 1 1 10 12 1 1 10 12 1 1 10 12 1 1 10 7 12 1 1 1 10 12 1 10 7 12 1 1 1 10 12 1 1 11 7 12 1 1 1 10 7 12 1 1 7 1 10 7 12 1 1 1 10 12 1 100 1 8 1 10 12 1 1 10 8 1 10 12 1 1 10 12 1 1 10 12 1 1 11 7 12 1 1 11 12 1 7 1 10 11 12 1 1 11 10 12 1 1 7 1 10 12 1 10 7 12 1 10 12 1 7 1 10 12 1 10 7 12 1 1 1 100 1 10 12 1 1 11 12 1 100 1 100 1 10 12 1 10 12 1 1 100 1 100 1 10 12 1 10 12 1 18 12 1 1 10 12 1 10 12 1 1 18 100 1 10 7 12 1 1 1 7 1 10 10 12 1 1 10 12 1 1 10 12 1 1 10 12 1 9 12 1 1 100 1 10 10 12 1 1 10 12 1 1 10 12 1 10 12 10 12 1 1 10 12 1 1 10 12 1 1 10 12 1 10 12 1 1 18 12 1 7 1 10 12 1 1 10 12 1 10 12 1 1 10 12 1 100 1 10 12 1 100 1 10 12 1 10 7 12 1 1 1 10 12 1 11 12 1 100 1 10 12 1 7 1 100 1 10 12 1 10 12 1 11 12 1 1 10 12 1 1 10 12 1 1 10 12 1 1 10 12 1 1 10 12 1 10 12 1 10 12 1 10 12 1 8 1 10 12 1 1 10 7 12 1 1 10 12 1 100 1 8 1 8 1 10 10 12 1 8 1 8 1 10 7 12 1 1 1 11 7 12 1 1 1 9 7 12 1 1 1 10 7 12 1 1 1 9 12 1 9 12 1 9 12 1 9 12 1 9 12 1 9 12 1 10 7 12 1 1 1 8 1 10 12 1 7 1 10 12 1 1 10 12 1 7 1 10 11 12 1 1 10 12 10 12 1 10 12 1 100 1 10 12 1 10 12 1 10 10 12 1 10 7 12 1 1 8 1 10 7 12 1 1 10 12 1 1 1 1 1 1 1 1 1 1 1 1 1 1 1 1 1 1 1 1 1 1 1 1 1 1 1 1 1 1 1 1 1 1 1 1 1 1 1 1 1 1 1 1 1 1 1 1 1 1 1 1 1 1 1 1 7 1 1 1 1 1 1 1 1 1 1 1 1 1 1 1 1 1 1 7 1 7 1 1 1 1 1 1 1 1 1 1 1 1 1 1 1 1 1 1 1 1 1 1 1 1 1 1 1 1 1 1 1 1 1 1 1 1 1 1 1 1 1 1 1 1 1 1 1 1 1 1 1 100 1 1 16 15 10 12 16 15 10 12 16 15 10 12 16 1 15 10 100 12 1 1 1 1 1 100 1 1 1 1 1 100 1 100 1 1
staticfield jdk/internal/loader/BuiltinClassLoader packageToModule Ljava/util/Map; java/util/concurrent/ConcurrentHashMap
staticfield jdk/internal/loader/BuiltinClassLoader $assertionsDisabled Z 1
ciInstanceKlass jdk/internal/loader/ClassLoaders$AppClassLoader 1 1 119 8 1 10 7 12 1 1 1 10 7 12 1 1 1 10 7 12 1 1 1 10 12 1 1 10 7 12 1 1 1 10 12 1 1 10 12 1 1 7 1 8 1 10 12 10 7 12 1 1 1 10 7 12 1 1 10 12 1 1 10 12 1 1 10 7 12 1 1 1 7 1 10 12 1 1 1 1 1 1 1 1 1 1 1 1 1 1 1 1 1 1 1 1 1 7 1 1 1 1 1 1 1 1 1 1 1 1 1 1 1 1 1 1 1 7 1 1 1
ciInstanceKlass jdk/internal/loader/ClassLoaders$PlatformClassLoader 1 1 42 8 1 10 7 12 1 1 1 10 7 12 1 1 1 7 1 10 12 1 7 1 1 1 1 1 1 1 1 1 1 1 1 1 1 7 1 1 1 100 1 1
ciInstanceKlass java/lang/ArithmeticException 1 1 26 10 100 12 1 1 1 10 12 1 100 1 1 1 1 5 0 1 1 1 1 1 1 1 1 1
ciInstanceKlass java/lang/ArrayStoreException 1 1 26 10 100 12 1 1 1 10 12 1 100 1 1 1 1 5 0 1 1 1 1 1 1 1 1 1
ciInstanceKlass java/lang/ClassCastException 1 1 26 10 100 12 1 1 1 10 12 1 100 1 1 1 1 5 0 1 1 1 1 1 1 1 1 1
ciInstanceKlass java/lang/ClassNotFoundException 0 0 96 7 1 10 7 12 1 1 1 10 12 1 10 12 1 1 10 100 12 1 1 1 8 1 10 100 12 1 1 1 10 7 12 1 1 10 100 12 1 1 1 10 100 12 1 1 1 10 12 1 1 100 1 10 12 1 9 12 1 1 1 1 1 5 0 1 1 1 1 1 1 1 1 1 1 1 1 1 1 1 1 1 1 100 1 1 1 1 1 1 1 1 1 1 1 1
ciInstanceKlass java/lang/IllegalMonitorStateException 1 1 26 10 100 12 1 1 1 10 12 1 100 1 1 1 1 5 0 1 1 1 1 1 1 1 1 1
ciInstanceKlass java/lang/BootstrapMethodError 0 0 45 10 100 12 1 1 1 10 12 1 10 12 1 10 100 12 1 1 1 10 100 12 1 1 1 1 1 1 5 0 1 1 1 1 1 1 1 1 1 1 1 100 1 1 1
instanceKlass java/lang/ClassFormatError
instanceKlass java/lang/IncompatibleClassChangeError
instanceKlass java/lang/BootstrapMethodError
instanceKlass java/lang/NoClassDefFoundError
ciInstanceKlass java/lang/LinkageError 1 1 31 10 7 12 1 1 1 10 12 1 10 12 1 100 1 1 1 1 5 0 1 1 1 1 1 1 1 1 1 1 1
ciInstanceKlass java/lang/NullPointerException 1 1 52 10 100 12 1 1 1 10 12 1 9 100 12 1 1 1 10 12 1 1 9 12 1 1 10 12 1 1 10 12 1 1 1 1 5 0 1 1 1 1 1 1 1 1 100 1 100 1 100 1 1 1
ciInstanceKlass java/lang/NoClassDefFoundError 0 0 26 10 100 12 1 1 1 10 12 1 100 1 1 1 1 5 0 1 1 1 1 1 1 1 1 1
ciInstanceKlass java/lang/StackOverflowError 1 1 26 10 100 12 1 1 1 10 12 1 100 1 1 1 1 5 0 1 1 1 1 1 1 1 1 1
ciInstanceKlass java/lang/StackTraceElement 0 0 235 10 7 12 1 1 1 10 7 12 1 1 9 12 1 1 9 12 1 1 9 12 1 9 12 1 8 1 10 100 12 1 1 1 7 1 9 12 1 8 1 9 12 1 9 12 1 9 12 1 1 10 12 1 1 10 12 1 8 1 10 100 12 1 1 1 7 1 10 12 1 10 12 1 1 10 12 1 10 12 1 1 10 12 1 10 12 1 10 10 12 1 8 1 10 12 1 10 12 1 1 10 12 1 1 10 12 1 10 12 1 10 12 1 9 12 1 1 10 7 12 1 1 1 10 12 1 1 7 1 10 12 1 1 10 100 12 1 1 10 100 12 1 1 1 10 7 12 1 1 10 100 12 1 1 10 10 12 1 1 10 12 1 1 10 12 1 1 10 12 1 7 1 1 1 1 1 1 1 3 1 3 1 1 5 0 1 1 1 1 1 1 1 1 1 1 1 1 1 1 1 1 1 1 1 1 1 1 1 1 1 1 1 1 1 7 1 7 1 1 1 1 1 1 1 100 1 1 1 1 1 1 1 1 1
instanceKlass java/util/concurrent/locks/AbstractQueuedSynchronizer
ciInstanceKlass java/util/concurrent/locks/AbstractOwnableSynchronizer 1 1 32 10 7 12 1 1 1 9 7 12 1 1 1 100 1 1 1 1 5 0 1 1 1 1 1 1 1 1 1 1 1 1
ciInstanceKlass jdk/internal/vm/Continuation 0 0 549 9 100 12 1 1 1 9 12 1 9 12 1 100 1 7 1 10 12 1 1 8 1 10 12 1 1 10 12 1 10 12 1 1 10 12 1 9 7 12 1 1 1 11 100 12 1 1 1 10 7 1 9 12 1 1 9 12 1 1 10 8 1 10 12 1 9 12 1 1 10 11 12 1 1 100 1 10 100 12 1 1 1 10 12 1 1 10 12 1 10 12 1 1 11 12 1 1 9 12 1 1 10 12 1 1 18 12 1 1 10 7 12 1 1 1 100 1 10 12 1 11 100 12 1 1 1 10 12 1 9 12 1 10 12 1 1 100 1 8 1 10 12 1 10 12 1 1 9 12 1 1 11 12 1 1 9 12 1 1 8 1 10 11 12 1 1 11 12 1 1 10 12 1 1 10 12 1 1 9 12 1 10 12 1 10 10 12 1 8 1 10 12 1 8 1 8 1 10 7 12 1 1 1 10 7 12 1 1 1 10 12 1 9 12 1 11 12 1 7 1 10 12 1 10 12 1 1 9 12 1 1 7 1 10 12 1 1 9 12 1 1 10 12 1 10 12 1 11 7 12 1 1 10 7 1 10 12 1 8 1 9 12 1 10 12 1 1 9 12 1 1 10 7 12 1 1 8 1 8 1 8 1 8 1 10 12 1 1 10 12 1 10 12 1 10 12 1 10 12 1 1 10 12 1 1 8 1 10 12 1 1 9 12 1 1 10 12 1 1 9 12 1 8 1 10 7 12 1 1 1 10 12 1 8 1 100 1 8 1 10 9 12 1 1 8 1 10 7 12 1 1 10 100 12 1 1 8 1 8 1 10 12 10 100 12 1 1 1 10 7 1 10 7 12 1 1 1 18 11 100 12 1 1 1 18 12 1 11 12 1 1 7 1 10 7 12 1 1 10 12 1 1 8 10 12 1 1 10 100 12 1 1 1 10 100 12 1 1 10 12 1 8 1 10 12 1 7 1 7 1 10 12 1 1 1 1 1 1 1 1 1 1 1 1 1 1 1 1 1 1 1 1 1 1 1 1 1 1 1 1 1 1 1 1 1 1 1 1 1 1 1 1 1 1 1 1 1 1 1 1 1 1 1 1 1 1 1 1 1 1 1 1 1 1 1 1 1 1 1 1 1 1 1 1 1 1 1 100 1 1 16 1 15 10 12 16 15 11 7 12 1 1 1 16 1 16 1 15 10 12 16 15 10 100 12 1 1 1 1 1 1 1 1 100 1 100 1 1
ciInstanceKlass jdk/internal/misc/UnsafeConstants 1 1 34 10 100 12 1 1 1 9 7 12 1 1 1 9 12 1 9 12 1 1 9 12 1 9 12 1 1 1 1 1 1 1 1 1
staticfield jdk/internal/misc/UnsafeConstants ADDRESS_SIZE0 I 8
staticfield jdk/internal/misc/UnsafeConstants PAGE_SIZE I 4096
staticfield jdk/internal/misc/UnsafeConstants BIG_ENDIAN Z 0
staticfield jdk/internal/misc/UnsafeConstants UNALIGNED_ACCESS Z 1
staticfield jdk/internal/misc/UnsafeConstants DATA_CACHE_LINE_FLUSH_SIZE I 0
ciInstanceKlass java/lang/invoke/MethodHandleStatics 1 1 320 10 7 12 1 1 1 9 7 12 1 1 1 9 12 1 1 10 7 12 1 1 1 9 12 1 9 12 1 9 12 1 9 12 1 9 7 12 1 1 1 7 1 10 8 1 10 12 1 1 10 7 12 1 1 1 8 1 10 7 12 1 1 1 10 12 1 1 8 1 8 1 10 12 1 10 100 12 1 1 1 10 7 12 1 1 8 1 10 12 1 1 8 1 8 1 8 1 8 1 10 12 1 1 7 1 10 12 10 12 1 10 12 1 100 1 10 10 12 1 1 100 1 10 10 12 1 7 1 7 1 8 1 8 1 10 12 1 8 1 10 7 12 1 1 1 9 12 1 1 10 7 12 1 1 1 10 12 1 1 9 12 1 1 10 7 12 1 1 1 8 1 10 7 12 1 1 10 7 12 1 1 1 8 1 8 1 8 1 8 1 8 1 10 12 1 10 7 12 1 1 1 9 12 1 8 1 8 1 8 1 8 1 9 12 1 8 1 9 12 1 8 1 8 1 9 12 1 8 1 8 1 9 12 1 8 1 9 12 1 8 1 9 12 1 8 1 8 1 9 12 1 8 1 8 1 10 12 1 1 8 1 10 12 1 1 1 1 1 1 1 1 1 1 1 1 1 1 1 1 1 1 1 1 1 1 1 7 1 7 1 7 1 1 1 1 1 1 1 1 1 1 1 1 1 1 1 1 1 1 1 1 1 1 1 1 1 1 1 1
staticfield java/lang/invoke/MethodHandleStatics UNSAFE Ljdk/internal/misc/Unsafe; jdk/internal/misc/Unsafe
staticfield java/lang/invoke/MethodHandleStatics CLASSFILE_VERSION I 65
staticfield java/lang/invoke/MethodHandleStatics DEBUG_METHOD_HANDLE_NAMES Z 0
staticfield java/lang/invoke/MethodHandleStatics TRACE_INTERPRETER Z 0
staticfield java/lang/invoke/MethodHandleStatics TRACE_METHOD_LINKAGE Z 0
staticfield java/lang/invoke/MethodHandleStatics TRACE_RESOLVE Z 0
staticfield java/lang/invoke/MethodHandleStatics COMPILE_THRESHOLD I 0
staticfield java/lang/invoke/MethodHandleStatics LOG_LF_COMPILATION_FAILURE Z 0
staticfield java/lang/invoke/MethodHandleStatics DONT_INLINE_THRESHOLD I 30
staticfield java/lang/invoke/MethodHandleStatics PROFILE_LEVEL I 0
staticfield java/lang/invoke/MethodHandleStatics PROFILE_GWT Z 1
staticfield java/lang/invoke/MethodHandleStatics CUSTOMIZE_THRESHOLD I 127
staticfield java/lang/invoke/MethodHandleStatics VAR_HANDLE_GUARDS Z 1
staticfield java/lang/invoke/MethodHandleStatics MAX_ARITY I 255
staticfield java/lang/invoke/MethodHandleStatics VAR_HANDLE_IDENTITY_ADAPT Z 0
staticfield java/lang/invoke/MethodHandleStatics DUMP_CLASS_FILES Ljdk/internal/util/ClassFileDumper; jdk/internal/util/ClassFileDumper
ciInstanceKlass java/lang/invoke/LambdaForm 1 1 1059 7 1 100 1 10 7 12 1 1 1 9 12 1 1 9 12 1 9 12 1 9 12 1 1 9 12 1 1 9 12 1 1 9 12 1 1 9 12 1 1 9 12 1 10 7 12 1 1 9 12 1 10 12 1 1 100 1 10 10 12 1 1 10 12 1 10 12 1 10 12 1 1 10 12 1 9 12 1 9 12 1 10 12 1 1 10 7 12 1 1 1 10 12 1 1 9 100 12 1 1 1 10 12 1 1 9 7 12 1 1 10 12 1 10 12 1 1 10 12 1 1 10 12 1 1 7 1 10 7 12 1 1 1 10 12 1 1 10 12 1 10 12 1 1 9 12 1 1 9 12 1 9 12 1 1 10 12 1 9 12 1 10 100 12 1 1 1 10 12 1 1 7 1 10 12 1 9 12 1 1 10 7 12 1 1 1 10 12 1 10 12 1 7 1 10 12 1 10 12 1 10 12 1 1 10 12 1 1 10 12 1 10 12 1 10 12 1 10 12 1 1 8 1 10 12 1 10 12 1 10 10 12 1 8 1 8 1 9 12 1 9 12 1 1 10 12 1 1 10 12 1 9 12 1 10 12 1 1 10 7 12 1 1 1 10 12 1 1 10 12 1 10 12 1 10 100 12 1 1 1 9 12 1 10 12 1 8 1 8 1 8 1 8 1 8 1 8 1 8 1 8 1 10 12 1 9 12 1 7 1 10 12 1 1 9 12 1 10 12 1 10 12 1 1 10 12 10 12 1 10 12 1 1 10 12 1 1 10 10 12 1 1 10 12 1 1 7 1 8 1 10 12 1 1 10 12 1 10 12 1 1 10 8 1 10 12 1 1 8 1 8 1 8 1 10 12 1 10 12 1 10 12 1 1 100 1 10 12 1 1 10 12 1 1 10 7 12 1 1 1 10 12 1 1 9 12 1 1 8 1 10 100 12 1 1 1 10 7 12 1 1 10 12 10 12 1 1 10 12 1 1 9 12 1 8 10 12 1 1 100 1 10 12 1 1 10 12 1 9 7 12 1 1 9 7 12 1 1 1 8 1 10 100 12 1 1 10 12 1 1 7 1 7 1 10 10 12 1 1 10 12 1 1 8 1 8 1 7 1 8 1 10 12 10 12 1 10 12 1 10 12 1 1 8 1 8 1 10 12 1 10 12 1 1 8 1 8 1 8 1 7 1 8 1 7 1 8 1 7 1 8 1 10 12 1 8 1 9 10 7 12 1 1 1 10 12 1 9 12 1 1 10 12 1 10 10 12 1 10 12 1 10 12 1 10 12 1 1 10 12 1 10 12 1 1 10 12 1 1 10 12 1 1 10 12 1 1 8 1 100 10 12 1 10 12 1 9 12 1 1 10 7 12 1 1 8 1 8 1 7 1 8 1 8 1 8 1 8 1 8 1 8 1 8 1 8 1 10 12 1 1 10 12 1 1 10 12 1 10 12 1 10 12 1 10 12 1 8 1 8 1 8 1 10 12 1 8 1 10 12 1 8 1 8 1 8 1 8 1 8 1 10 12 1 10 12 1 10 12 1 1 10 7 12 1 1 1 10 12 1 10 12 1 10 12 1 10 12 1 10 12 1 10 12 1 10 12 1 9 12 1 1 8 1 10 12 1 1 9 12 1 1 10 12 1 1 9 12 1 9 12 1 1 9 12 1 9 12 1 1 7 1 10 7 12 1 1 1 9 12 1 10 12 1 10 12 1 8 1 10 12 1 9 12 1 1 7 1 10 7 12 1 1 1 8 1 100 1 10 12 1 9 12 1 9 12 1 10 12 1 10 12 1 10 7 12 1 1 1 10 12 1 9 7 12 1 1 10 12 1 1 10 12 1 10 12 1 10 12 1 9 12 10 12 1 10 10 12 1 9 12 1 9 9 12 1 7 9 12 1 1 10 12 1 1 9 12 1 10 12 1 10 7 1 9 1 1 1 1 3 1 3 1 1 3 1 3 1 1 1 1 1 1 1 1 1 1 1 1 1 1 1 1 1 1 1 1 1 1 1 1 1 1 1 1 1 1 1 1 1 1 1 1 1 1 1 1 1 1 1 1 1 1 1 1 1 1 1 100 1 1 1 1 1 1 1 1 1 1 1 1 1 1 1 1 1 1 1 1 1 1 1 1 1 1 1 1 1 1 1 1 1 1 1 1 1 1 1 1 1 1 1 1 1 1 1 1 1 1 1 1 1 1 1 1 1 1 1 1 1 1 100 1 1 1 1 1 1 1 1 1 1 1 1 1 1 1 1 1 1 1 1 1 1 1 1 1 1 1 1 1 1 1 1 1 1 7 1 1 1 1 1 1 1 1 1 1 1 1 1 1 1 1 1 1 1 1 1 1 100 1 1 1 100 1 1 7 1 1 1 1 1 1 1 1 1 1 1
staticfield java/lang/invoke/LambdaForm DEFAULT_CUSTOMIZED Ljava/lang/invoke/MethodHandle; 
staticfield java/lang/invoke/LambdaForm DEFAULT_KIND Ljava/lang/invoke/LambdaForm$Kind; java/lang/invoke/LambdaForm$Kind
staticfield java/lang/invoke/LambdaForm COMPILE_THRESHOLD I 0
staticfield java/lang/invoke/LambdaForm INTERNED_ARGUMENTS [[Ljava/lang/invoke/LambdaForm$Name; 5 [[Ljava/lang/invoke/LambdaForm$Name;
staticfield java/lang/invoke/LambdaForm IMPL_NAMES Ljava/lang/invoke/MemberName$Factory; java/lang/invoke/MemberName$Factory
staticfield java/lang/invoke/LambdaForm LF_identity [Ljava/lang/invoke/LambdaForm; 6 [Ljava/lang/invoke/LambdaForm;
staticfield java/lang/invoke/LambdaForm LF_zero [Ljava/lang/invoke/LambdaForm; 6 [Ljava/lang/invoke/LambdaForm;
staticfield java/lang/invoke/LambdaForm NF_identity [Ljava/lang/invoke/LambdaForm$NamedFunction; 6 [Ljava/lang/invoke/LambdaForm$NamedFunction;
staticfield java/lang/invoke/LambdaForm NF_zero [Ljava/lang/invoke/LambdaForm$NamedFunction; 6 [Ljava/lang/invoke/LambdaForm$NamedFunction;
staticfield java/lang/invoke/LambdaForm createFormsLock Ljava/lang/Object; java/lang/Object
staticfield java/lang/invoke/LambdaForm DEBUG_NAME_COUNTERS Ljava/util/HashMap; 
staticfield java/lang/invoke/LambdaForm DEBUG_NAMES Ljava/util/HashMap; 
staticfield java/lang/invoke/LambdaForm TRACE_INTERPRETER Z 0
staticfield java/lang/invoke/LambdaForm $assertionsDisabled Z 1
ciInstanceKlass java/lang/invoke/MemberName 1 1 724 7 1 7 1 100 1 9 12 1 1 10 7 12 1 1 1 9 12 1 1 10 12 1 1 10 12 1 1 10 12 1 1 10 12 1 10 12 1 1 10 7 12 1 1 1 10 12 1 9 7 12 1 1 10 12 1 7 1 7 1 10 12 1 8 1 10 12 1 1 10 12 1 10 12 1 1 10 12 1 9 12 1 1 8 1 10 100 12 1 1 1 7 1 10 10 12 1 1 7 1 7 1 10 12 1 9 12 1 1 100 1 8 1 10 12 1 10 12 1 10 12 1 10 12 1 10 12 1 1 10 12 1 10 12 1 10 12 1 1 8 1 8 1 10 12 1 8 1 9 12 1 1 3 10 12 1 10 12 1 10 12 1 10 10 7 12 1 1 1 10 12 1 10 12 1 10 12 1 10 12 1 7 1 8 10 12 1 1 10 12 1 1 8 1 9 7 1 8 9 7 1 10 12 1 1 10 12 1 10 12 1 8 1 10 12 1 1 10 12 1 10 12 1 10 12 1 10 12 1 1 7 1 10 12 1 1 10 12 1 8 1 10 12 1 10 12 1 8 1 10 12 1 1 10 12 1 1 7 1 10 12 1 1 10 12 8 1 8 1 7 1 10 12 1 10 100 12 1 1 1 100 1 10 12 10 12 1 10 12 1 10 12 1 10 12 1 10 10 12 1 10 12 1 10 12 1 3 10 12 1 3 10 12 1 3 3 3 3 3 3 10 12 1 3 9 12 1 10 12 1 1 3 10 12 1 10 10 7 12 1 1 1 10 12 1 1 10 7 12 1 1 10 10 12 1 10 12 1 1 10 12 1 10 10 12 1 1 10 12 1 10 12 1 10 12 1 7 1 10 10 10 12 100 1 10 10 10 12 1 1 10 12 1 1 10 10 12 1 8 10 7 1 10 12 1 10 7 1 10 12 1 10 12 1 10 12 1 10 10 12 1 10 12 1 1 10 12 1 1 10 12 1 10 12 1 10 12 1 100 1 10 12 1 1 100 1 8 1 10 7 1 10 12 1 10 12 10 12 1 1 10 12 1 10 12 1 8 1 8 1 8 1 8 1 10 12 1 10 12 1 10 7 12 1 1 1 8 1 8 1 10 12 1 8 1 10 10 10 12 1 10 12 1 8 1 8 1 10 10 12 1 8 1 10 100 12 1 1 1 8 1 100 1 10 12 1 10 12 1 1 10 12 1 8 1 8 1 8 1 8 1 100 1 10 8 1 8 1 8 1 8 1 10 12 1 100 1 100 1 100 1 10 100 1 10 7 1 10 7 12 1 1 1 9 7 12 1 1 1 7 1 7 1 1 1 1 1 1 1 3 1 3 1 3 1 3 1 3 1 3 1 1 1 1 1 1 1 1 3 1 3 1 1 1 1 1 1 1 1 1 1 1 1 1 1 1 1 1 1 1 1 1 1 1 1 1 1 1 1 1 1 1 1 1 1 1 1 1 1 1 1 1 1 1 1 1 1 1 1 1 1 1 1 1 1 1 1 1 1 1 1 1 1 1 1 1 1 1 1 1 1 1 1 1 1 1 1 1 1 1 1 1 1 1 1 1 1 1 1 1 1 1 1 1 1 1 1 7 1 1 1 1 1 1 1 1 1 1 1 1 1 1 1
staticfield java/lang/invoke/MemberName $assertionsDisabled Z 1
instanceKlass java/lang/invoke/VarHandleByteArrayAsDoubles$ByteArrayViewVarHandle
instanceKlass java/lang/invoke/VarHandleByteArrayAsFloats$ByteArrayViewVarHandle
instanceKlass java/lang/invoke/VarHandleByteArrayAsChars$ByteArrayViewVarHandle
instanceKlass java/lang/invoke/VarHandleByteArrayAsShorts$ByteArrayViewVarHandle
instanceKlass java/lang/invoke/VarHandleReferences$FieldInstanceReadOnly
instanceKlass java/lang/invoke/VarHandleBooleans$FieldInstanceReadOnly
instanceKlass java/lang/invoke/VarHandleInts$FieldInstanceReadOnly
instanceKlass java/lang/invoke/VarHandleByteArrayAsLongs$ByteArrayViewVarHandle
instanceKlass java/lang/invoke/VarHandleByteArrayAsInts$ByteArrayViewVarHandle
instanceKlass java/lang/invoke/VarHandleReferences$FieldStaticReadOnly
ciInstanceKlass java/lang/invoke/VarHandle 1 1 473 10 7 12 1 1 1 10 7 12 1 1 9 12 1 1 9 12 1 1 100 1 10 8 1 10 12 1 1 10 7 12 1 1 1 10 12 1 1 10 7 12 1 1 1 9 100 12 1 1 1 10 12 1 1 10 7 12 1 1 1 10 12 1 1 9 12 1 10 12 1 9 12 1 1 10 7 12 1 1 10 12 1 9 7 12 1 1 1 9 12 1 1 10 12 1 1 100 1 7 1 10 8 1 10 12 1 1 10 12 1 8 1 10 12 1 10 12 1 9 12 1 1 9 12 1 10 12 1 10 12 1 1 10 12 1 10 10 100 12 1 1 1 10 12 1 1 10 12 1 1 10 7 12 1 1 1 10 100 12 1 1 1 10 100 12 1 1 1 9 12 1 1 9 10 12 1 10 12 1 10 12 1 1 10 12 1 10 7 12 1 1 1 9 12 1 1 10 12 1 1 9 12 1 10 12 1 10 12 1 10 7 12 1 1 100 1 10 9 7 12 1 1 1 9 12 1 1 10 7 12 1 1 1 10 12 1 10 12 1 10 12 1 10 12 1 10 12 1 10 12 1 1 8 10 12 1 1 7 1 10 12 1 1 7 1 1 1 1 1 1 1 1 1 1 1 1 1 1 1 1 1 1 1 1 1 1 1 1 1 1 1 1 1 1 1 1 1 1 1 1 1 1 1 1 1 1 1 1 1 1 1 1 1 1 1 1 1 1 1 1 1 1 1 1 1 1 1 1 1 1 1 1 100 1 1 1 1 1 1 1 1 100 1 1 1 1 1 1 1 1 1 1 1 1 100 1 100 1 1 100 1 100 1 100 1 100 1 100 1 100 1 100 1 100 1 100 1 100 1 100 1 100 1 100 1 100 1 100 1 100 1 100 1 100 1 100 1 100 1 100 1 100 1 100 1 100 1 100 1 100 1 100 1 100 1 100 1 100 1 100 1 100 1 100 1 100 1 100 1 1 1 1 1 1 100 1 1 1 100 1 1 100 1 100 1 100 1 100 1 100 1 100 1 1 1 1 100 1 100 1 100 1 100 1 100 1 100 1 100 1 100 1
staticfield java/lang/invoke/VarHandle VFORM_OFFSET J 16
staticfield java/lang/invoke/VarHandle $assertionsDisabled Z 1
instanceKlass jdk/internal/reflect/FieldAccessorImpl
instanceKlass jdk/internal/reflect/ConstructorAccessorImpl
instanceKlass jdk/internal/reflect/MethodAccessorImpl
ciInstanceKlass jdk/internal/reflect/MagicAccessorImpl 1 1 16 10 7 12 1 1 1 100 1 1 1 1 1 1 1 1
instanceKlass jdk/internal/reflect/DirectMethodHandleAccessor
ciInstanceKlass jdk/internal/reflect/MethodAccessorImpl 1 1 38 10 7 12 1 1 1 10 100 12 1 1 1 100 1 1 1 1 1 1 1 100 1 100 1 1 1 1 1 1 1 1 1 1 1 1 1 1
ciInstanceKlass jdk/internal/reflect/MethodAccessor 1 0 17 100 1 100 1 1 1 1 100 1 100 1 1 1 1 1 1
instanceKlass jdk/internal/reflect/DirectConstructorHandleAccessor$NativeAccessor
instanceKlass jdk/internal/reflect/DirectConstructorHandleAccessor
instanceKlass jdk/internal/reflect/NativeConstructorAccessorImpl
ciInstanceKlass jdk/internal/reflect/ConstructorAccessorImpl 1 1 27 10 7 12 1 1 1 100 1 100 1 1 1 1 1 1 1 1 1 100 1 100 1 100 1 1 1
ciInstanceKlass jdk/internal/reflect/ConstructorAccessor 1 0 16 100 1 100 1 1 1 1 100 1 100 1 100 1 1 1
ciInstanceKlass jdk/internal/reflect/DelegatingClassLoader 0 0 18 10 100 12 1 1 1 100 1 1 1 1 1 1 1 1 1 1
ciInstanceKlass jdk/internal/reflect/CallerSensitive 0 0 17 100 1 100 1 100 1 1 1 1 1 1 1 1 1 1 1
ciInstanceKlass jdk/internal/reflect/NativeConstructorAccessorImpl 0 0 125 10 7 12 1 1 1 9 7 12 1 1 1 100 1 10 12 1 9 12 1 1 9 12 1 1 10 100 12 1 1 1 10 7 12 1 1 1 10 7 12 1 1 1 9 12 1 9 12 1 1 9 12 1 1 10 7 12 1 1 1 100 1 10 10 12 1 1 10 12 1 10 12 1 1 10 12 1 7 1 10 12 1 1 10 12 1 1 8 10 12 1 1 1 1 1 1 1 1 1 1 1 1 1 1 1 1 1 1 1 1 1 1 100 1 100 1 100 1 1 1 1 1 1 1
ciInstanceKlass jdk/internal/reflect/ConstantPool 1 1 142 10 7 12 1 1 1 9 7 12 1 1 1 10 12 1 1 10 12 1 1 10 12 1 10 12 1 1 10 12 1 1 10 12 1 10 12 1 1 10 12 1 10 12 1 1 10 12 1 10 12 1 10 12 1 10 12 1 1 10 12 1 1 10 12 1 1 10 12 1 1 10 12 1 10 12 1 1 10 100 12 1 1 1 8 11 7 12 1 1 1 10 7 12 1 1 1 1 1 1 1 1 1 1 1 1 1 1 1 1 1 1 1 1 1 1 1 1 1 1 1 1 1 1 1 1 1 1 1 1 1 1 1 1 1 1 1 1 1 1 1 1
ciInstanceKlass jdk/internal/reflect/UnsafeStaticFieldAccessorImpl 0 0 47 10 7 12 1 1 1 9 7 12 1 1 1 10 7 12 1 1 1 9 12 1 1 8 11 100 12 1 1 1 10 100 12 1 1 1 1 1 1 1 1 1 1 1 1 1 1
ciInstanceKlass jdk/internal/reflect/FieldAccessor 0 0 48 100 1 100 1 1 1 1 100 1 1 1 1 1 1 1 1 1 1 1 1 1 1 1 1 1 1 1 100 1 1 1 1 1 1 1 1 1 1 1 1 1 1 1 1 1 1 1
instanceKlass jdk/internal/reflect/UnsafeFieldAccessorImpl
ciInstanceKlass jdk/internal/reflect/FieldAccessorImpl 0 0 269 10 7 12 1 1 1 9 7 12 1 1 1 10 7 12 1 1 1 10 7 12 1 1 10 7 12 1 1 1 10 12 1 1 7 1 10 10 12 1 1 10 12 1 1 8 1 10 10 12 1 100 1 8 1 10 12 1 8 1 10 12 1 8 1 10 12 1 100 1 10 12 1 1 10 8 1 10 12 1 1 8 1 10 7 12 1 1 8 1 10 7 12 1 1 8 1 10 7 12 1 1 8 1 10 7 12 1 1 8 1 10 7 12 1 1 8 1 10 7 12 1 1 8 1 10 7 12 1 1 8 1 10 7 12 1 1 10 12 1 1 8 1 10 12 1 1 10 100 12 1 1 1 8 1 10 12 1 8 1 8 1 8 1 8 1 10 7 12 1 1 1 8 1 8 1 8 1 10 12 7 1 1 1 1 1 1 1 1 1 1 1 1 1 1 1 1 1 1 1 1 1 1 1 1 1 1 1 1 1 1 1 1 1 1 1 1 1 1 1 1 1 1 1 1 1 1 1 1 1 1 1 1 1 1 1 1 1 1 1 1 1 1 1 1 1 1 1 1 1 1 1 1 1 1 1 1 1 1 1 1 1 1 1 1 1 1 1 1
instanceKlass jdk/internal/reflect/UnsafeStaticFieldAccessorImpl
ciInstanceKlass jdk/internal/reflect/UnsafeFieldAccessorImpl 0 0 62 10 100 12 1 1 1 10 100 12 1 1 1 10 100 12 1 1 1 9 100 12 1 1 10 12 1 9 12 1 1 10 100 12 1 1 1 9 12 1 1 10 12 1 10 12 1 1 1 1 1 1 1 1 1 1 1 1 1 1 1 1
instanceKlass java/lang/invoke/VolatileCallSite
instanceKlass java/lang/invoke/MutableCallSite
instanceKlass java/lang/invoke/ConstantCallSite
ciInstanceKlass java/lang/invoke/CallSite 1 1 307 10 7 12 1 1 1 10 7 12 1 1 1 9 7 12 1 1 1 10 12 1 1 9 12 1 1 10 7 12 1 1 1 10 12 1 7 1 10 12 1 1 10 12 1 1 9 100 12 1 1 1 10 7 12 1 1 10 12 1 1 100 1 7 1 10 10 7 12 1 1 1 10 12 1 1 8 1 10 12 1 10 12 1 1 10 12 1 10 12 1 1 10 12 1 1 10 10 100 12 1 1 10 12 1 1 9 12 1 9 100 12 1 1 1 8 1 10 7 12 1 1 1 10 12 1 1 7 1 10 12 1 1 9 12 1 8 1 100 1 10 12 1 10 12 1 100 1 8 1 10 10 12 1 10 12 1 1 100 1 10 12 1 1 10 12 1 10 12 1 10 12 1 1 10 12 1 1 9 12 1 1 8 10 12 1 1 9 12 1 1 100 1 10 10 12 1 10 7 12 1 1 1 10 12 1 1 10 12 1 1 10 12 1 10 7 12 1 1 1 7 1 8 1 10 10 12 10 12 1 1 7 1 7 1 7 1 8 1 10 12 1 10 7 12 1 1 1 1 1 1 1 1 1 1 1 1 1 1 1 1 1 1 1 1 1 1 1 1 1 1 1 1 1 1 1 1 1 1 1 1 1 1 1 1 1 1 1 1 1 1 1 1 1 1 1 1 1 1 1 7 1 7 1 1 1 1
staticfield java/lang/invoke/CallSite $assertionsDisabled Z 1
ciInstanceKlass java/lang/invoke/ConstantCallSite 1 1 65 10 7 12 1 1 1 9 7 12 1 1 1 9 12 1 1 10 7 12 1 1 1 10 12 1 100 1 10 12 9 12 1 1 100 1 10 10 12 1 1 10 12 1 1 1 1 1 1 1 1 1 1 1 1 1 100 1 1 1 1 1 1 1 1
staticfield java/lang/invoke/ConstantCallSite UNSAFE Ljdk/internal/misc/Unsafe; jdk/internal/misc/Unsafe
instanceKlass java/lang/invoke/DirectMethodHandle$Interface
instanceKlass java/lang/invoke/DirectMethodHandle$Special
instanceKlass java/lang/invoke/DirectMethodHandle$Accessor
instanceKlass java/lang/invoke/DirectMethodHandle$Constructor
ciInstanceKlass java/lang/invoke/DirectMethodHandle 1 1 923 7 1 7 1 100 1 7 1 7 1 10 7 12 1 1 1 10 7 12 1 1 1 7 1 10 12 1 10 12 1 1 10 7 12 1 1 10 12 1 1 10 12 1 10 12 1 7 1 10 12 1 1 10 12 1 1 10 12 1 10 12 1 1 10 7 12 1 1 1 10 12 1 9 12 1 1 100 1 10 9 12 1 1 9 12 1 10 12 1 10 12 1 10 12 1 1 10 12 1 10 12 1 10 12 1 10 7 12 1 1 1 10 12 1 10 12 1 1 8 1 10 12 1 1 7 1 10 12 1 7 1 10 10 12 1 10 12 1 10 12 1 10 7 12 1 1 1 10 12 1 1 100 1 10 12 1 10 12 1 7 1 10 12 1 10 12 1 1 10 12 1 1 10 12 1 8 10 7 12 1 1 1 10 12 1 10 12 1 10 12 1 1 10 12 1 9 7 12 1 1 1 7 1 10 12 1 10 7 12 1 1 1 10 12 1 10 12 1 1 9 12 1 1 7 1 10 8 1 10 12 1 1 10 12 1 1 8 1 10 12 1 10 12 1 10 10 12 1 10 12 1 10 12 1 10 12 1 10 12 1 1 10 12 1 10 12 1 1 10 12 1 10 12 1 1 10 10 7 12 1 1 1 10 12 1 10 12 1 1 10 12 1 10 12 1 1 8 1 9 7 12 1 1 1 8 1 9 12 1 9 12 1 8 1 9 12 1 9 12 1 8 1 9 12 1 9 12 1 8 1 10 12 1 10 12 1 1 9 12 1 1 7 1 10 12 1 1 7 1 10 7 12 1 1 1 10 12 1 1 10 12 1 10 12 1 1 7 1 10 12 1 1 10 12 1 10 12 1 1 7 1 10 12 1 1 10 12 1 10 7 12 1 1 1 10 12 1 10 12 1 1 10 12 1 9 12 1 1 10 7 1 9 12 9 12 1 10 7 12 1 1 1 10 12 1 7 1 7 1 7 1 9 12 1 1 10 7 12 1 1 1 10 12 10 12 1 100 1 10 12 1 10 12 1 1 8 1 9 12 1 9 12 1 10 12 1 1 9 12 1 1 10 100 12 1 1 1 9 12 1 1 9 12 1 1 10 12 1 10 12 1 10 12 1 10 12 1 1 10 12 1 9 12 1 10 12 1 10 12 1 10 12 1 10 12 1 1 10 12 1 1 9 12 1 1 10 12 1 1 9 7 12 1 1 1 9 12 1 9 12 1 9 12 1 9 12 1 9 12 1 9 12 1 9 12 1 9 12 1 9 12 1 9 12 1 9 12 1 9 12 1 9 12 1 9 12 1 9 12 1 9 12 1 9 12 1 9 12 1 9 12 1 9 12 1 9 12 1 9 12 1 9 12 1 9 12 1 9 12 1 9 12 1 9 12 1 9 12 1 9 12 1 9 12 1 9 12 1 9 12 1 9 12 1 9 12 1 9 12 1 9 12 1 8 1 9 12 1 1 9 12 1 1 10 12 1 10 12 1 1 9 7 1 10 12 1 9 12 1 1 10 12 10 12 1 10 12 1 10 12 1 10 12 1 10 8 1 8 1 8 1 8 1 10 12 1 1 9 12 1 1 10 12 1 10 100 12 1 1 1 8 9 12 1 1 10 12 1 1 8 1 8 8 9 12 1 8 1 8 8 8 8 8 1 8 10 12 1 7 1 10 12 1 8 1 8 1 10 12 1 10 12 1 10 12 1 10 12 1 1 7 1 1 1 1 3 1 3 1 3 1 3 1 3 1 3 1 3 1 3 1 3 1 3 1 1 1 1 1 1 1 1 1 1 3 1 3 1 1 1 1 3 1 1 1 1 1 1 1 1 1 1 1 1 1 1 1 1 1 1 1 1 1 1 1 1 1 1 1 1 1 1 1 1 1 1 1 1 1 1 1 1 1 1 1 1 1 1 1 1 1 1 1 1 1 1 1 1 1 100 1 1 1 1 1 1 1 1 1 100 1 1 1 1 1 1 1 1 1 1 1 1 1 1 1 1 1 1 1 1 1 1 1 1 1 1 1 1 1 1 1 1 1 1 1 1 1 1 1 1 1 1 1 1 1 1 1 1 1 1 1 1
staticfield java/lang/invoke/DirectMethodHandle IMPL_NAMES Ljava/lang/invoke/MemberName$Factory; java/lang/invoke/MemberName$Factory
staticfield java/lang/invoke/DirectMethodHandle FT_UNCHECKED_REF I 8
staticfield java/lang/invoke/DirectMethodHandle ACCESSOR_FORMS [Ljava/lang/invoke/LambdaForm; 132 [Ljava/lang/invoke/LambdaForm;
staticfield java/lang/invoke/DirectMethodHandle ALL_WRAPPERS [Lsun/invoke/util/Wrapper; 10 [Lsun/invoke/util/Wrapper;
staticfield java/lang/invoke/DirectMethodHandle NFS [Ljava/lang/invoke/LambdaForm$NamedFunction; 12 [Ljava/lang/invoke/LambdaForm$NamedFunction;
staticfield java/lang/invoke/DirectMethodHandle OBJ_OBJ_TYPE Ljava/lang/invoke/MethodType; java/lang/invoke/MethodType
staticfield java/lang/invoke/DirectMethodHandle LONG_OBJ_TYPE Ljava/lang/invoke/MethodType; java/lang/invoke/MethodType
staticfield java/lang/invoke/DirectMethodHandle $assertionsDisabled Z 1
ciMethod java/lang/invoke/DirectMethodHandle allocateInstance (Ljava/lang/Object;)Ljava/lang/Object; 512 0 865623 0 408
ciMethod java/lang/invoke/DirectMethodHandle constructorMethod (Ljava/lang/Object;)Ljava/lang/Object; 512 0 893928 0 128
ciInstanceKlass java/lang/invoke/MutableCallSite 0 0 63 10 100 12 1 1 1 10 12 1 9 100 12 1 1 1 10 12 1 10 12 1 1 9 12 1 1 10 100 12 1 1 1 10 100 12 1 1 1 10 12 1 1 1 1 1 1 1 1 1 1 1 1 1 1 1 1 1 1 100 1 1 1
ciInstanceKlass java/lang/invoke/VolatileCallSite 0 0 37 10 100 12 1 1 1 10 12 1 10 100 12 1 1 1 10 12 1 10 12 1 1 1 1 1 1 1 1 1 1 1 1 1 1 1 1
ciInstanceKlass java/lang/invoke/ResolvedMethodName 1 1 16 10 100 12 1 1 1 100 1 1 1 1 1 1 1 1
ciInstanceKlass java/lang/invoke/MethodHandleNatives 1 1 690 100 1 10 7 12 1 1 1 9 7 12 1 1 1 10 12 1 1 100 1 10 10 12 1 1 10 12 1 10 12 1 8 1 8 1 8 1 8 1 8 1 8 1 8 1 8 1 8 1 8 1 10 12 1 1 7 1 10 7 12 1 1 1 10 7 12 1 1 1 7 1 10 10 12 1 1 8 1 10 12 1 8 1 10 12 1 1 8 1 10 12 1 1 9 7 12 1 1 1 8 1 10 100 12 1 1 1 7 1 10 12 100 1 100 1 8 1 7 1 10 10 12 1 7 1 9 7 12 1 1 10 12 1 1 10 12 1 10 7 12 1 1 1 10 12 1 1 9 12 1 8 1 10 12 1 1 10 12 1 8 1 10 12 1 1 7 1 10 12 1 10 7 12 1 1 1 10 12 1 10 12 1 1 10 12 1 1 8 1 10 12 1 1 8 1 10 12 1 8 1 8 1 8 1 7 1 10 12 1 8 1 10 7 12 1 1 1 10 12 1 1 10 7 12 1 1 10 10 12 1 1 10 12 1 10 100 12 1 1 1 100 1 8 1 10 100 12 1 1 1 7 1 8 1 10 12 1 8 1 8 1 8 1 8 1 8 1 10 12 1 1 10 12 1 1 10 12 1 10 12 1 1 10 12 1 1 7 1 10 12 1 7 1 7 1 10 12 1 10 12 1 8 1 8 1 10 10 12 1 1 10 12 1 1 8 1 10 7 12 1 1 8 1 8 1 10 12 1 1 10 7 12 1 1 1 100 1 10 12 1 1 7 1 9 12 1 1 10 7 12 1 1 1 10 10 12 1 9 12 1 10 12 1 9 12 1 9 12 1 10 12 1 1 10 12 1 10 12 1 1 7 1 7 1 10 12 1 1 10 12 1 10 12 1 1 10 7 12 1 1 1 10 12 1 8 1 10 12 1 10 12 1 10 12 1 1 10 12 1 10 7 12 1 1 1 10 12 1 1 100 1 8 1 10 9 7 12 1 1 1 10 12 1 1 10 12 1 1 7 1 10 12 1 1 10 12 1 1 100 1 100 1 10 10 100 1 100 1 10 100 1 10 10 12 1 1 10 7 1 10 12 1 10 12 1 1 10 12 1 1 10 12 1 1 10 12 1 10 12 1 1 10 8 1 10 12 1 10 12 1 10 12 1 10 12 1 10 12 1 1 10 12 1 10 12 1 10 12 1 10 10 7 12 1 1 10 12 1 1 1 1 1 1 1 1 1 1 1 1 1 7 1 1 1 1 1 1 1 1 1 1 1 1 1 1 1 1 1 1 1 1 1 1 1 1 1 1 1 1 1 1 1 1 1 1 1 1 1 1 1 1 1 1 1 1 1 1 1 1 1 1 1 1 1 1 1 1 1 1 1 1 1 1 1 1 1 100 1 1 1 1 1 1 1 1 1 1 1 1 1 1 1 1 1 1 1 1 1 1 1 1 1 1 1 1 1 1 1 1 1 100 1 1 1 1 1 1 1 1 1 1 1 1 1 1 1 1 1 1 1 1 1 1 1 1 1 1 7 1 1 1 1 1 1 1 100 1 1 1
staticfield java/lang/invoke/MethodHandleNatives $assertionsDisabled Z 1
ciInstanceKlass java/lang/invoke/MethodHandleNatives$CallSiteContext 1 1 49 10 7 12 1 1 1 7 1 10 10 7 12 1 1 1 10 7 12 1 1 1 10 7 12 1 1 1 100 1 1 1 1 1 1 1 1 1 1 1 1 1 1 1 1 1 100 1 1
ciInstanceKlass jdk/internal/foreign/abi/NativeEntryPoint 0 0 194 10 7 12 1 1 1 9 7 12 1 1 1 9 12 1 1 100 1 8 1 10 12 1 10 12 1 1 100 1 10 100 12 1 1 1 10 12 1 9 12 1 1 18 12 1 1 10 100 12 1 1 1 10 7 12 1 1 1 9 7 12 1 1 1 7 1 10 8 1 10 12 1 1 10 12 1 10 12 1 1 8 1 10 12 1 1 7 1 8 1 10 12 1 10 12 1 1 10 12 1 9 12 1 1 18 12 1 1 10 100 12 1 1 1 10 12 1 1 10 12 1 10 100 12 1 1 1 10 1 1 1 1 1 1 1 1 1 1 1 1 1 1 1 1 1 1 1 1 1 1 1 1 1 1 1 1 1 1 1 1 1 1 1 1 1 16 1 15 10 12 16 1 16 15 10 12 15 10 100 12 1 1 1 1 1 100 1 1 100 1 100 1 1
ciInstanceKlass jdk/internal/foreign/abi/ABIDescriptor 0 0 55 10 100 12 1 1 1 9 100 12 1 1 1 9 12 1 1 9 12 1 9 12 1 9 12 1 1 9 12 1 9 12 1 1 9 12 1 9 12 1 9 12 1 9 12 1 1 1 1 1 1 1 1 1 1
ciInstanceKlass jdk/internal/foreign/abi/VMStorage 0 0 91 10 7 12 1 1 1 9 7 12 1 1 1 9 12 1 1 9 12 1 1 9 12 1 1 7 1 10 8 1 10 12 1 1 10 12 1 10 12 1 1 10 12 1 18 12 1 18 12 1 1 18 12 1 1 1 1 1 1 1 1 1 1 1 1 1 1 1 1 1 1 1 8 1 15 15 15 15 15 10 100 12 1 1 1 1 100 1 100 1 1
ciInstanceKlass jdk/internal/foreign/abi/UpcallLinker$CallRegs 0 0 66 10 7 12 1 1 1 9 7 12 1 1 1 9 12 1 18 12 1 1 18 12 1 1 18 12 1 1 1 1 1 1 1 1 1 1 1 1 1 1 1 1 1 1 100 1 1 1 8 1 15 15 15 10 100 12 1 1 1 1 1 100 1 100 1 1
ciInstanceKlass java/lang/StackWalker 0 0 271 9 7 12 1 1 1 100 1 10 100 12 1 1 1 10 12 1 1 10 100 12 1 1 1 10 12 1 1 10 12 1 11 100 12 1 1 1 10 12 1 1 10 12 1 1 10 12 1 1 100 1 8 1 10 12 1 10 12 1 10 12 1 10 7 12 1 1 9 12 1 1 9 12 1 1 9 12 1 1 9 12 1 1 10 12 1 1 9 12 1 1 9 12 1 1 9 12 1 1 10 7 12 1 1 1 11 12 1 1 100 1 8 1 10 10 7 12 1 1 9 12 1 1 10 12 1 1 10 100 12 1 1 1 10 100 12 1 1 1 18 12 1 1 100 1 8 1 10 8 1 10 12 1 1 10 100 12 1 1 1 10 12 1 1 9 100 12 1 1 11 100 12 1 1 1 10 12 1 1 1 1 1 1 1 1 1 1 1 1 1 1 1 1 1 1 1 1 1 1 1 1 1 1 1 1 1 1 1 1 1 1 1 1 1 1 1 1 1 1 1 1 1 1 1 1 1 1 1 1 1 1 1 1 1 1 1 1 1 1 1 1 1 1 7 1 1 16 15 10 12 16 1 15 10 100 12 1 1 1 1 1 1 1 1 1 100 1 100 1 1
ciInstanceKlass java/lang/StackWalker$StackFrame 0 0 41 100 1 10 12 1 1 100 1 100 1 1 1 1 1 1 1 1 1 1 1 1 1 1 1 1 1 1 1 1 1 1 1 1 1 1 1 100 1 1 1
instanceKlass java/lang/LiveStackFrameInfo
ciInstanceKlass java/lang/StackFrameInfo 0 0 142 10 7 12 1 1 1 9 7 12 1 1 1 9 7 1 9 12 1 1 11 100 12 1 1 1 9 12 1 1 11 12 1 1 10 12 1 1 10 7 12 1 1 1 10 12 1 11 12 1 11 12 1 1 11 12 1 10 12 1 1 9 12 1 1 10 12 1 1 10 7 12 1 1 10 12 1 1 11 12 1 1 9 12 1 1 10 7 1 10 12 1 9 12 1 1 10 12 1 1 100 1 8 1 10 12 1 10 100 12 1 1 1 7 1 1 1 1 1 1 1 1 1 1 1 1 1 1 1 1 1 1 7 1 1 7 1 1 1 1 1 1
ciInstanceKlass java/lang/LiveStackFrameInfo 0 0 97 10 7 12 1 1 1 9 7 12 1 1 1 9 12 1 9 12 1 9 12 1 9 12 1 1 7 1 10 12 1 1 10 12 1 8 1 10 12 1 1 8 1 8 1 8 1 10 100 1 10 12 1 100 1 10 12 1 7 1 7 1 1 1 3 1 3 1 1 1 1 1 1 1 1 1 1 1 1 1 1 1 1 1 1 1 1 1 1 1 1 1 1 1 100 1 1
ciInstanceKlass java/lang/LiveStackFrame 0 0 135 100 1 10 100 12 1 1 1 11 7 12 1 1 1 11 12 1 10 7 12 1 1 1 100 1 8 1 10 12 1 1 10 7 12 1 1 1 9 100 12 1 1 1 10 7 12 1 1 1 10 7 12 1 1 1 11 12 1 10 12 1 7 1 7 1 1 1 1 1 1 1 1 1 1 1 1 1 1 1 1 1 1 1 1 1 1 1 1 1 1 1 1 100 1 1 1 1 1 1 1 100 1 8 1 1 12 10 1 1 1 8 1 1 1 8 1 1 1 8 1 1 1 8 1 1 8 1 1 1 8 1 1 8 1
ciInstanceKlass java/lang/StackStreamFactory$AbstractStackWalker 1 0 375 100 1 7 1 3 10 7 12 1 1 1 10 7 12 1 1 10 7 12 1 1 1 9 12 1 1 10 12 1 1 9 12 1 1 9 12 1 1 9 12 1 1 9 12 1 10 7 12 1 1 1 10 12 1 1 10 7 12 1 1 9 12 1 1 9 12 1 1 10 12 1 1 9 100 12 1 1 1 10 12 1 1 10 12 1 9 12 1 1 10 100 12 1 1 1 10 12 1 1 9 12 1 1 9 7 12 1 1 1 7 1 10 8 1 10 12 1 1 10 12 1 8 1 10 12 1 1 10 100 12 1 1 1 100 1 8 1 10 12 1 8 1 10 12 10 100 12 1 1 9 12 1 8 1 5 0 8 1 8 1 9 12 1 1 10 12 1 1 18 12 1 1 10 7 12 1 1 1 10 12 1 1 10 12 1 10 12 1 9 12 1 10 12 1 10 12 1 10 12 1 10 12 1 10 12 1 10 12 1 1 8 1 10 12 1 10 12 1 10 12 1 10 12 1 1 8 1 10 12 1 1 10 12 1 1 10 12 1 1 10 12 1 10 12 1 10 100 12 1 1 1 10 12 1 10 12 1 9 12 1 8 1 10 12 1 10 12 1 10 12 1 1 10 12 1 10 12 1 10 12 1 1 10 12 1 10 12 1 10 12 1 10 12 1 10 12 1 10 12 1 1 10 12 1 1 10 12 1 8 1 1 1 1 1 1 1 1 1 1 1 1 1 7 1 1 1 1 1 1 1 7 1 1 1 1 7 1 1 1 1 1 1 1 1 1 1 1 1 1 1 1 1 1 1 1 16 15 15 10 100 12 1 1 1 1 1 1 1 1 100 1 100 1 1
ciInstanceKlass jdk/internal/module/Modules 1 1 504 10 7 12 1 1 1 9 7 12 1 1 1 11 7 12 1 1 1 11 12 1 1 11 12 1 1 11 12 1 1 11 12 1 11 12 1 11 12 1 11 12 1 11 12 1 1 10 7 12 1 1 1 10 100 12 1 1 1 18 12 1 1 10 7 12 1 1 1 7 1 10 7 12 1 1 1 10 100 12 1 1 1 10 100 12 1 1 10 12 1 1 11 12 1 9 12 1 1 11 100 12 1 1 1 10 12 1 1 10 10 12 1 10 9 12 1 1 10 100 12 1 1 10 12 1 1 10 100 12 1 1 100 1 11 100 12 1 1 1 10 100 12 1 1 1 11 100 12 1 1 10 12 1 1 10 100 12 1 1 10 100 12 1 1 1 10 12 1 1 10 12 1 1 11 12 1 1 18 12 1 1 11 100 12 1 1 10 100 12 1 1 1 11 100 12 1 1 1 7 1 11 12 1 1 11 7 12 1 1 1 11 12 1 1 10 12 1 1 10 100 12 1 1 18 12 1 1 11 12 1 1 18 12 1 1 11 12 1 1 10 12 1 18 18 10 12 1 1 9 12 1 1 11 7 12 1 1 1 100 1 10 11 12 1 11 12 1 1 11 12 1 1 10 100 1 10 12 1 1 10 100 12 1 1 10 12 1 1 11 12 10 12 1 1 7 1 10 18 12 1 10 12 1 1 7 1 8 1 10 12 1 10 100 12 1 1 18 12 1 11 11 12 10 12 1 10 10 100 1 18 12 1 10 10 10 7 12 1 1 10 7 12 1 1 1 10 12 1 1 1 1 1 1 1 1 1 1 1 1 1 1 1 1 1 1 1 1 1 1 1 1 1 1 1 1 1 1 1 1 1 100 1 1 1 1 1 1 1 1 1 1 1 1 1 1 1 1 1 1 1 1 1 1 1 1 1 1 1 1 1 1 1 1 1 1 1 7 1 1 1 1 1 1 1 1 1 1 1 1 1 1 1 1 1 1 1 1 1 1 1 16 15 10 12 1 16 16 15 10 12 1 16 1 16 1 15 10 12 1 16 1 16 1 15 10 12 16 1 15 10 16 1 15 10 12 16 1 15 10 12 16 15 10 12 16 15 10 12 15 10 100 12 1 1 1 1 1 1 100 1 100 1 1
staticfield jdk/internal/module/Modules JLA Ljdk/internal/access/JavaLangAccess; java/lang/System$2
staticfield jdk/internal/module/Modules JLMA Ljdk/internal/access/JavaLangModuleAccess; java/lang/module/ModuleDescriptor$1
staticfield jdk/internal/module/Modules $assertionsDisabled Z 1
ciInstanceKlass java/lang/invoke/Invokers$Holder 1 1 128 1 100 1 100 1 1 1 1 1 1 1 7 1 7 1 7 1 1 12 10 1 1 12 10 1 1 12 10 1 1 100 1 1 12 9 1 1 1 12 10 1 1 1 12 10 1 1 12 10 1 1 12 10 1 12 10 1 1 1 12 10 1 1 100 1 1 12 10 1 12 10 1 1 12 10 1 12 10 1 1 12 10 1 1 12 10 1 12 10 1 1 12 10 1 1 12 10 1 1 12 10 1 12 10 12 10 12 10 12 10 12 10 1 1 12 10 1 1 12 10 1 1 12 10 1 1 1
ciMethod java/lang/invoke/Invokers$Holder linkToTargetMethod (Ljava/lang/Object;)Ljava/lang/Object; 812 0 1439689 0 -1
ciMethod java/lang/invoke/Invokers$Holder linkToTargetMethod (Ljava/lang/Object;Ljava/lang/Object;)Ljava/lang/Object; 868 0 622607 0 -1
ciMethod java/lang/invoke/Invokers$Holder linkToTargetMethod (Ljava/lang/Object;Ljava/lang/Object;Ljava/lang/Object;)Ljava/lang/Object; 514 0 111641 0 -1
ciInstanceKlass java/lang/invoke/DirectMethodHandle$Holder 1 1 548 1 100 1 100 1 1 1 1 1 1 1 7 1 1 12 10 1 12 10 1 7 1 7 1 1 12 10 1 1 1 1 12 10 1 1 12 10 1 1 12 10 1 1 12 10 1 1 12 10 1 1 12 10 1 1 12 10 1 1 12 10 1 1 12 10 1 1 12 10 1 1 12 10 1 1 12 10 1 1 12 10 1 1 12 10 1 1 12 10 1 1 12 10 1 1 12 10 1 1 12 10 1 1 12 10 1 1 12 10 1 1 12 10 1 1 12 10 1 1 12 10 1 1 12 10 1 1 12 10 1 1 12 10 1 1 12 10 1 1 12 10 1 1 12 10 1 1 12 10 1 1 12 10 1 1 12 10 1 1 12 10 1 1 12 10 1 1 12 10 1 1 12 10 1 1 12 10 1 1 12 10 1 1 12 10 1 1 12 10 1 1 12 10 1 1 12 10 1 1 12 10 1 1 12 10 1 1 12 10 1 1 12 10 1 1 12 10 1 1 12 10 1 1 12 10 1 1 12 10 1 1 12 10 12 10 12 10 1 1 12 10 12 10 1 1 12 10 1 1 12 10 12 10 12 10 12 10 1 1 12 10 12 10 1 1 12 10 12 10 1 1 12 10 1 1 12 10 12 10 12 10 12 10 12 10 1 1 12 10 1 1 12 10 1 1 12 10 1 1 12 10 1 1 12 10 1 1 12 10 1 1 12 10 1 1 12 10 1 1 12 10 1 1 12 10 1 1 12 10 1 1 12 10 1 1 12 10 1 1 12 10 12 10 12 10 12 10 1 12 10 1 1 12 10 1 1 12 10 1 1 1 1 12 10 12 10 1 1 12 10 1 12 10 12 10 1 1 12 10 1 12 10 12 10 1 1 1 12 10 1 12 10 1 100 1 1 12 9 1 100 1 12 10 1 12 10 1 1 1 12 10 1 12 10 1 1 12 10 1 12 10 1 1 1 12 10 1 12 10 1 1 12 10 1 12 10 1 1 12 10 1 12 10 1 1 12 10 1 12 10 1 1 12 10 1 12 10 1 1 12 10 1 12 10 1 1 12 10 1 12 10 1 1 12 10 1 12 10 1 1 1 12 10 1 12 10 1 1 1 12 10 1 12 10 1 1 1 1 12 10 1 12 10 1 1 1 12 10 1 12 10 1 1 1 1 1 12 10 1 12 10 1 1 1 12 10 1 12 10 1 1 1 12 10 1 12 10 1 1 12 10 1 12 10 1 1 1
ciMethod java/lang/invoke/DirectMethodHandle$Holder newInvokeSpecial (Ljava/lang/Object;Ljava/lang/Object;Ljava/lang/Object;)Ljava/lang/Object; 518 0 108460 0 -1
ciMethod java/lang/invoke/DirectMethodHandle$Holder newInvokeSpecial (Ljava/lang/Object;Ljava/lang/Object;)Ljava/lang/Object; 570 0 561153 0 -1
ciInstanceKlass java/util/ArrayList 1 1 509 10 7 12 1 1 1 7 1 9 7 12 1 1 1 9 12 1 100 1 7 1 10 8 1 10 12 1 1 10 12 1 10 12 1 1 10 12 1 9 12 1 11 7 12 1 1 1 9 12 1 1 11 12 1 1 7 10 7 12 1 1 1 9 12 1 10 12 1 10 12 1 1 10 7 12 1 1 1 10 7 12 1 1 1 10 12 1 1 10 12 1 1 10 12 1 1 10 12 1 10 12 1 1 100 1 7 1 10 12 1 10 10 7 12 1 1 1 10 7 12 1 1 10 12 1 100 1 10 10 12 10 12 1 1 10 12 1 1 10 12 1 10 12 10 12 1 1 7 1 10 12 1 1 10 12 1 1 10 12 1 100 1 10 11 12 1 1 11 7 12 1 1 1 11 12 1 10 12 1 10 12 1 10 12 1 1 100 1 10 12 1 1 10 10 12 1 1 10 12 1 8 1 8 1 8 1 8 1 10 12 1 1 10 12 1 1 11 12 1 7 1 10 100 12 1 1 10 12 1 10 12 1 1 10 100 12 1 1 10 12 1 10 100 12 1 1 1 11 100 12 1 1 1 10 12 1 100 1 8 1 10 7 1 10 12 1 7 1 10 12 1 10 12 1 1 7 1 10 12 1 10 12 1 1 11 7 12 1 1 7 1 10 12 1 10 12 1 1 11 100 12 1 1 10 12 1 1 10 12 1 1 10 12 1 1 10 12 1 1 11 100 12 1 1 10 12 1 1 7 1 7 1 7 1 1 1 1 5 0 1 3 1 1 1 1 1 1 1 1 1 1 1 1 1 1 1 1 1 1 1 1 1 1 1 1 1 1 1 1 1 1 1 1 1 1 1 1 1 1 1 1 1 1 1 1 1 1 1 1 1 1 1 1 1 1 1 1 1 1 1 1 1 1 1 1 1 1 1 1 1 1 1 1 1 1 1 1 1 1 1 1 1 1 1 1 1 1 1 1 1 1 1 1 1 1 1 1 1 1 1 1 1 1 1 1 100 1 1 1 1 7 1 1 1 1 1 1 1 1 1 1 1 1 1 1 1 1 1 1 1 1 1 1 1 1 1 1 1 1 1 100 1 1 1 1 1 1 1 1 1 1 1 1 1 1 1 1 1 1 100 1 100 1 1 1 1 1 1
staticfield java/util/ArrayList EMPTY_ELEMENTDATA [Ljava/lang/Object; 0 [Ljava/lang/Object;
staticfield java/util/ArrayList DEFAULTCAPACITY_EMPTY_ELEMENTDATA [Ljava/lang/Object; 0 [Ljava/lang/Object;
ciInstanceKlass java/util/RandomAccess 1 0 7 100 1 100 1 1 1
ciMethod java/util/ArrayList get (I)Ljava/lang/Object; 532 0 474271 0 -1
ciInstanceKlass java/util/function/Consumer 1 1 59 10 7 12 1 1 1 18 12 1 1 11 7 12 1 1 7 1 1 1 1 1 1 1 1 1 1 1 1 1 1 1 1 1 1 1 1 1 1 1 1 1 16 15 11 12 15 10 7 12 1 1 1 1 100 1 100 1 1
instanceKlass java/util/IdentityHashMap$EntrySet
instanceKlass java/util/Collections$SingletonSet
instanceKlass java/lang/ProcessEnvironment$CheckedEntrySet
instanceKlass com/android/tools/r8/internal/Cm0
instanceKlass java/util/TreeMap$EntrySet
instanceKlass java/util/EnumSet
instanceKlass java/util/LinkedHashMap$LinkedEntrySet
instanceKlass java/util/TreeMap$KeySet
instanceKlass java/util/TreeSet
instanceKlass java/util/LinkedHashMap$LinkedKeySet
instanceKlass jdk/internal/util/ReferencedKeySet
instanceKlass java/util/IdentityHashMap$KeySet
instanceKlass java/util/HashMap$KeySet
instanceKlass java/util/AbstractMap$1
instanceKlass java/util/WeakHashMap$KeySet
instanceKlass java/util/Collections$SetFromMap
instanceKlass java/util/HashSet
instanceKlass java/util/ImmutableCollections$MapN$1
instanceKlass java/util/Collections$EmptySet
instanceKlass java/util/HashMap$EntrySet
ciInstanceKlass java/util/AbstractSet 1 1 96 10 7 12 1 1 1 7 1 7 1 11 12 1 1 10 7 1 10 12 1 1 100 1 100 1 10 12 1 1 11 100 12 1 1 1 11 12 1 1 10 100 12 1 1 10 100 12 1 1 1 11 10 12 1 1 11 12 1 11 12 1 1 1 1 1 1 1 1 1 1 1 1 1 1 1 1 100 1 1 1 1 1 1 1 1 1 1 1 1 1 1 1 1 1 1
ciInstanceKlass java/util/function/Function 1 1 77 10 7 12 1 1 1 18 12 1 1 18 18 12 1 11 7 12 1 7 1 1 1 1 1 1 1 1 1 1 1 1 1 1 1 1 1 1 1 1 1 1 1 1 1 1 1 1 1 1 1 1 1 1 16 15 11 12 15 11 12 15 11 12 15 10 7 12 1 1 1 1 100 1 100 1 1
ciMethod java/util/function/Function apply (Ljava/lang/Object;)Ljava/lang/Object; 0 0 1 0 -1
ciInstanceKlass java/lang/annotation/Annotation 0 0 17 100 1 100 1 1 1 1 1 1 1 1 1 1 1 1 1
ciInstanceKlass java/util/SequencedMap 1 1 157 11 7 12 1 1 1 11 100 12 1 1 1 11 7 12 1 1 1 100 1 11 12 1 1 100 1 10 12 1 1 11 12 1 1 11 12 1 1 100 1 10 12 100 1 10 12 1 100 1 10 100 1 10 7 1 7 1 1 1 1 1 1 1 1 1 1 1 1 1 1 1 1 1 1 1 1 1 1 1 1 1 1 1 1 1 1 1 1 1 1 1 1 1 1 1 1 1 1 1 1 1 1 1 1 1 1 100 1 8 1 1 12 10 1 1 1 8 1 1 1 8 1 1 8 1 1 1 8 1 1 1 8 1 1 1 8 1 1 1 8 1 1 1 8 1 1 1 8 1 1 1 8 1 1 8 1
ciMethod java/util/Map computeIfAbsent (Ljava/lang/Object;Ljava/util/function/Function;)Ljava/lang/Object; 702 0 79742 0 -1
ciInstanceKlass java/util/IdentityHashMap 1 1 403 9 7 12 1 1 1 10 7 12 1 1 1 10 12 1 1 100 1 7 1 10 8 1 10 12 1 1 10 12 1 10 12 1 1 10 12 1 10 12 1 1 3 3 10 7 12 1 1 7 1 9 12 1 1 11 7 12 1 1 1 6 0 10 12 10 12 1 1 9 12 1 10 7 12 1 1 1 10 12 1 1 10 12 1 1 10 12 1 1 10 12 1 1 9 12 1 3 3 100 1 8 1 10 11 12 1 1 11 7 12 1 1 1 11 7 12 1 1 1 11 12 1 1 7 1 11 12 1 11 12 1 10 12 1 1 10 12 1 10 10 12 1 1 10 11 12 1 1 10 12 1 10 12 1 9 12 1 10 100 100 1 7 1 10 12 1 9 12 1 7 1 10 12 1 9 12 1 1 7 1 10 7 1 10 10 100 12 1 1 10 12 1 10 12 1 1 10 100 12 1 1 1 10 12 1 100 1 8 1 10 10 100 12 1 1 1 11 100 12 1 1 1 10 12 1 10 12 1 1 10 10 100 12 1 1 11 100 12 1 1 100 1 10 11 100 12 1 1 10 12 1 10 7 1 7 1 1 1 3 1 3 1 1 1 1 1 5 0 1 1 1 1 1 1 1 1 1 1 1 1 1 1 1 1 1 1 1 1 1 1 1 1 1 1 1 1 1 1 1 1 1 1 1 1 1 1 1 1 1 1 1 1 1 1 1 1 1 1 1 1 1 1 1 1 1 1 1 1 7 1 1 1 1 1 1 1 100 1 1 1 1 7 1 1 1 1 1 1 1 1 1 1 1 1 1 1 1 1 1 1 1 1 1 1 1 1 1 1 100 1 100 1 100 1 100 1 100 1 100 1 100 1 100 1 100 1 1 1 1 1 1 100 1 1 1 1 1 1 1 1 1 1
staticfield java/util/IdentityHashMap NULL_KEY Ljava/lang/Object; java/lang/Object
ciMethod java/util/IdentityHashMap containsKey (Ljava/lang/Object;)Z 524 20 30507 0 368
ciMethod java/util/IdentityHashMap hash (Ljava/lang/Object;I)I 512 0 238764 0 160
ciMethod java/util/IdentityHashMap maskNull (Ljava/lang/Object;)Ljava/lang/Object; 1024 0 193817 0 104
ciMethod java/util/IdentityHashMap nextKeyIndex (II)I 512 0 73316 0 96
ciInstanceKlass java/security/SecureClassLoader$CodeSourceKey 1 1 77 10 7 12 1 1 1 9 7 12 1 1 1 10 7 12 1 1 1 10 7 12 1 1 1 10 7 12 1 1 1 10 12 1 1 18 12 1 1 1 1 1 1 1 1 1 1 1 1 1 1 1 1 1 1 1 1 7 1 1 1 8 15 15 10 100 12 1 1 1 1 1 100 1 100 1 1
ciInstanceKlass java/util/function/Supplier 1 0 14 100 1 100 1 1 1 1 1 1 1 1 1 1
ciMethod java/util/function/Supplier get ()Ljava/lang/Object; 0 0 1 0 -1
ciInstanceKlass java/lang/invoke/DirectMethodHandle$Constructor 1 1 91 10 7 12 1 1 1 9 7 12 1 1 1 9 12 1 1 9 12 1 1 10 100 12 1 1 1 100 1 10 12 1 9 12 1 9 12 1 10 12 1 10 12 1 1 9 12 1 1 10 12 1 1 10 7 12 1 1 1 1 1 1 1 1 1 1 1 1 1 1 100 1 100 1 1 1 1 1 1 1 1 1 1 1 1 1 1 1 1 1 1
staticfield java/lang/invoke/DirectMethodHandle$Constructor $assertionsDisabled Z 1
ciInstanceKlass jdk/internal/loader/BuiltinClassLoader$5 1 1 56 9 7 12 1 1 1 10 7 12 1 1 1 10 7 12 1 1 1 100 1 100 1 10 10 12 1 1 100 1 1 1 1 1 1 1 1 1 1 1 1 1 1 1 1 1 1 1 1 100 1 12 1 1 1 1
instanceKlass java/util/concurrent/ConcurrentHashMap$TreeBin
instanceKlass java/util/concurrent/ConcurrentHashMap$TreeNode
instanceKlass java/util/concurrent/ConcurrentHashMap$ForwardingNode
instanceKlass java/util/concurrent/ConcurrentHashMap$ReservationNode
ciInstanceKlass java/util/concurrent/ConcurrentHashMap$Node 1 1 97 10 7 12 1 1 1 9 7 12 1 1 1 9 12 1 1 9 12 1 10 12 1 9 12 1 1 10 12 1 1 10 100 12 1 1 1 100 1 10 100 1 11 12 1 1 11 12 1 10 12 1 1 1 1 1 1 1 1 1 1 1 1 1 1 1 1 1 1 1 1 1 1 1 1 1 1 1 1 1 1 1 1 1 1 1 1 1 1 1 100 1 1 1 100 1 1
ciMethod java/util/concurrent/ConcurrentHashMap$Node find (ILjava/lang/Object;)Ljava/util/concurrent/ConcurrentHashMap$Node; 0 0 1 0 -1
ciMethod java/util/concurrent/ConcurrentHashMap$Node <init> (ILjava/lang/Object;Ljava/lang/Object;)V 1024 0 101589 0 -1
ciInstanceKlass java/util/concurrent/ConcurrentHashMap$ReservationNode 1 1 34 100 1 10 7 12 1 1 1 100 1 1 1 1 1 1 1 1 1 1 1 1 1 1 1 1 1 1 1 1 1 1 1 1
ciMethod java/util/concurrent/ConcurrentHashMap$ReservationNode <init> ()V 1540 0 14492 0 -1
ciInstanceKlass java/util/concurrent/ConcurrentHashMap$ForwardingNode 1 1 71 7 1 10 7 12 1 1 1 9 7 12 1 1 1 10 12 1 1 9 12 1 1 9 12 1 1 10 7 12 1 1 1 10 12 1 1 9 12 1 1 1 1 1 1 1 1 1 1 1 1 1 1 1 1 1 1 1 1 1 1 1 100 1 1 1 1 1 1 1 1
ciMethod java/util/concurrent/ConcurrentHashMap$ForwardingNode find (ILjava/lang/Object;)Ljava/util/concurrent/ConcurrentHashMap$Node; 8 2 3 0 0
ciInstanceKlass java/util/ListIterator 1 0 27 100 1 100 1 100 1 1 1 1 1 1 1 1 1 1 1 1 1 1 1 1 1 1 1 1 1
ciMethod java/util/ListIterator hasNext ()Z 0 0 1 0 -1
ciMethod java/util/ListIterator next ()Ljava/lang/Object; 0 0 1 0 -1
ciInstanceKlass java/util/SortedMap 1 1 113 100 1 10 12 1 1 10 100 12 1 1 1 11 7 12 1 1 1 7 1 7 1 1 1 1 1 1 1 1 1 1 1 1 1 1 1 1 1 1 1 1 1 1 1 1 1 1 1 1 1 1 1 1 1 1 1 1 1 1 1 1 1 1 1 1 1 1 100 1 7 1 1 1 100 1 8 1 1 12 10 1 1 1 8 1 1 1 8 1 1 8 1 1 1 8 1 1 1 8 1 1 1 8 1 1 1 8 1 1 1 8 1
ciInstanceKlass java/util/Collections$SetFromMap 1 1 182 10 7 12 1 1 1 9 7 12 1 1 1 11 7 12 1 1 1 9 12 1 1 11 12 1 11 12 1 1 11 12 1 1 11 12 1 1 11 12 1 1 9 7 12 1 1 1 11 12 1 1 11 7 12 1 1 1 11 12 1 1 11 12 1 11 12 1 1 11 12 1 11 12 1 11 12 1 1 11 12 1 11 12 1 11 12 1 1 11 12 1 1 11 12 1 1 11 12 1 1 11 12 1 10 100 12 1 1 100 1 8 1 10 12 1 7 1 1 1 1 1 1 1 5 0 1 1 1 1 1 1 1 1 1 1 1 1 1 1 1 1 1 1 1 1 1 1 1 1 1 1 1 1 1 1 1 1 1 1 1 1 1 1 1 1 1 100 1 7 1 1 100 1 1 1 1 1 100 1 1 1
ciMethod java/util/Collections$SetFromMap isEmpty ()Z 184 0 44350 0 -1
ciMethod java/util/Collections$SetFromMap contains (Ljava/lang/Object;)Z 576 0 161115 0 432
ciInstanceKlass java/lang/invoke/ClassSpecializer$1 1 1 29 10 7 12 1 1 1 100 1 100 1 1 1 1 1 1 1 1 1 1 1 1 1 1 1 100 1 1 1
ciInstanceKlass java/lang/invoke/BoundMethodHandle$Species_LLLLL 1 1 82 1 7 1 7 1 1 1 1 1 1 1 1 1 1 1 12 9 1 1 1 12 10 12 9 12 9 12 9 12 9 12 9 1 1 12 10 1 1 1 100 1 7 1 1 12 10 1 7 1 1 12 10 1 1 1 12 10 1 1 1 12 10 1 1 1 12 10 1 1 1 12 10 1 1 1 12 10 1 1 1 1
ciInstanceKlass jdk/internal/util/StrongReferenceKey 1 1 82 10 7 12 1 1 1 9 7 12 1 1 1 7 1 11 12 1 1 10 10 7 12 1 1 1 10 12 1 1 7 1 10 10 12 1 1 10 7 12 1 1 1 10 12 1 1 8 1 10 7 12 1 1 1 10 12 1 10 12 1 1 1 1 1 1 1 1 1 1 1 1 1 1 1 1 1 1 1 1 1 1
ciMethod java/util/function/Consumer accept (Ljava/lang/Object;)V 0 0 1 0 -1
ciMethod java/util/concurrent/ConcurrentHashMap setTabAt ([Ljava/util/concurrent/ConcurrentHashMap$Node;ILjava/util/concurrent/ConcurrentHashMap$Node;)V 512 0 5384 0 -1
ciMethod java/util/concurrent/ConcurrentHashMap addCount (JI)V 1024 0 21373 0 -1
ciMethod java/util/concurrent/ConcurrentHashMap treeifyBin ([Ljava/util/concurrent/ConcurrentHashMap$Node;I)V 0 0 3 0 -1
ciMethod java/util/concurrent/ConcurrentHashMap helpTransfer ([Ljava/util/concurrent/ConcurrentHashMap$Node;Ljava/util/concurrent/ConcurrentHashMap$Node;)[Ljava/util/concurrent/ConcurrentHashMap$Node; 0 0 12362 0 -1
ciMethod java/util/concurrent/ConcurrentHashMap casTabAt ([Ljava/util/concurrent/ConcurrentHashMap$Node;ILjava/util/concurrent/ConcurrentHashMap$Node;Ljava/util/concurrent/ConcurrentHashMap$Node;)Z 1024 0 1561 0 -1
ciMethod java/util/concurrent/ConcurrentHashMap initTable ()[Ljava/util/concurrent/ConcurrentHashMap$Node; 18 0 82 0 -1
ciMethod java/util/concurrent/ConcurrentHashMap tabAt ([Ljava/util/concurrent/ConcurrentHashMap$Node;I)Ljava/util/concurrent/ConcurrentHashMap$Node; 564 0 5511 0 88
ciMethod java/util/concurrent/ConcurrentHashMap spread (I)I 674 0 215059 0 96
ciMethod java/lang/Enum ordinal ()I 256 0 128 0 -1
ciMethod java/util/Arrays hashCode ([Ljava/lang/Object;)I 512 704 17706 0 336
ciMethod java/util/Arrays hashCode ([B)I 514 0 29748 0 648
ciMethod java/util/Arrays equals ([B[B)Z 518 0 24346 0 -1
ciMethod jdk/internal/util/ArraysSupport vectorizedHashCode (Ljava/lang/Object;IIII)I 794 0 22462 0 -1
ciMethod jdk/internal/misc/Unsafe getReferenceAcquire (Ljava/lang/Object;J)Ljava/lang/Object; 656 0 5511 0 -1
ciMethod jdk/internal/misc/Unsafe allocateInstance (Ljava/lang/Class;)Ljava/lang/Object; 256 0 128 0 -1
ciMethod java/util/Iterator next ()Ljava/lang/Object; 0 0 1 0 -1
ciMethod java/util/Iterator hasNext ()Z 0 0 1 0 -1
ciMethod java/util/Set contains (Ljava/lang/Object;)Z 0 0 1 0 -1
ciMethod java/util/Set isEmpty ()Z 0 0 1 0 -1
ciMethod java/util/Set clear ()V 0 0 1 0 -1
ciMethod java/util/Set remove (Ljava/lang/Object;)Z 0 0 1 0 -1
ciMethod java/util/Map containsKey (Ljava/lang/Object;)Z 0 0 1 0 -1
ciMethod java/util/Map isEmpty ()Z 0 0 1 0 -1
ciMethod java/util/Map get (Ljava/lang/Object;)Ljava/lang/Object; 0 0 1 0 -1
ciMethod java/lang/Object getClass ()Ljava/lang/Class; 256 0 128 0 -1
ciMethod java/lang/Object <init> ()V 1024 0 5336208 0 80
instanceKlass com/android/tools/r8/internal/Fx
instanceKlass com/android/tools/r8/origin/ArchiveEntryOrigin
instanceKlass com/android/tools/r8/origin/e
instanceKlass com/android/tools/r8/origin/d
instanceKlass com/android/tools/r8/origin/PathOrigin
instanceKlass com/android/tools/r8/origin/a
ciInstanceKlass com/android/tools/r8/origin/Origin 1 1 139 1 8 1 1 7 1 1 7 1 100 1 7 1 7 1 1 1 1 1 1 1 1 1 1 12 9 1 12 9 1 1 12 10 12 9 1 12 9 1 100 10 1 1 1 1 7 1 1 12 10 10 10 1 1 1 1 1 1 1 12 10 12 10 12 10 1 100 1 1 12 11 1 1 100 12 10 1 1 1 1 12 10 1 1 12 11 1 100 1 1 12 10 1 1 12 11 1 12 10 1 100 1 12 10 1 1 1 1 12 11 1 100 1 12 11 1 1 12 11 12 10 1 1 8 1 1 12 10 1 12 10 1 1 1 1 1 1 1
staticfield com/android/tools/r8/origin/Origin c Lcom/android/tools/r8/origin/d; com/android/tools/r8/origin/d
staticfield com/android/tools/r8/origin/Origin d Lcom/android/tools/r8/origin/e; com/android/tools/r8/origin/e
staticfield com/android/tools/r8/origin/Origin e Z 1
ciInstanceKlass com/android/tools/r8/graph/d1 1 1 80 1 8 1 1 7 1 100 1 1 1 7 1 1 12 9 1 1 12 11 1 1 1 1 1 1 1 1 7 1 12 9 1 100 12 11 1 1 100 1 1 12 10 12 11 1 1 1 7 1 1 12 10 12 10 1 1 12 10 1 12 11 1 1 1 100 1 12 10 1 12 9 1 1 1 1 1 1 1 1
instanceKlass com/android/tools/r8/graph/g3
instanceKlass com/android/tools/r8/graph/z4
ciInstanceKlass com/android/tools/r8/graph/x0 1 1 176 1 8 1 1 7 1 7 1 100 1 100 1 100 1 7 1 100 1 1 100 1 7 1 1 1 1 1 1 1 1 1 1 1 1 1 1 1 1 1 12 10 12 9 12 9 12 9 12 9 12 9 12 9 12 9 1 1 16 1 100 1 1 12 11 15 1 16 1 100 1 1 12 10 15 1 1 12 18 1 100 1 1 12 11 1 100 1 1 12 10 1 1 12 10 1 1 7 1 1 12 10 12 9 1 1 1 1 1 1 12 10 1 12 9 1 12 10 1 100 1 1 12 10 1 100 1 12 10 1 100 1 1 1 1 1 12 9 12 9 1 1 12 11 1 1 1 1 1 1 100 1 8 1 12 10 1 1 1 1 1 1 1 1 1 1 1 100 1 8 1 1 12 10 1 1
staticfield com/android/tools/r8/graph/x0 g Z 1
ciInstanceKlass com/android/tools/r8/graph/z4 1 1 354 1 8 1 1 7 1 7 1 100 1 100 1 1 100 1 100 1 1 1 1 1 1 1 1 1 1 1 1 1 1 1 12 10 12 9 12 9 12 9 12 9 12 9 1 1 100 1 12 10 1 100 1 12 10 1 16 1 12 10 15 1 16 1 7 1 1 12 10 15 1 1 12 18 1 100 1 1 12 11 1 100 1 1 12 11 1 12 10 1 1 12 10 1 100 1 12 9 1 100 1 12 9 1 1 12 11 1 100 1 12 11 1 16 1 12 10 15 16 1 1 12 18 1 1 12 11 1 8 1 100 1 1 12 10 1 1 12 11 1 100 1 8 1 100 1 1 12 10 15 1 12 18 1 12 9 1 100 1 1 12 10 1 100 1 1 12 10 1 100 1 1 12 9 1 8 1 12 18 1 100 12 11 1 12 10 1 100 1 12 10 1 8 1 1 12 10 1 12 10 1 1 12 11 1 1 1 7 1 12 10 12 9 1 1 1 7 12 9 1 12 11 1 100 12 11 1 12 9 1 100 1 1 12 10 1 100 1 12 10 1 100 1 8 12 10 1 1 1 7 12 10 1 12 10 1 7 1 16 1 12 10 15 1 16 1 12 18 1 7 12 11 1 7 1 12 10 15 1 16 18 1 100 1 12 10 15 1 16 18 12 11 1 12 11 1 100 10 1 12 10 1 1 12 10 1 8 1 12 18 12 10 1 1 1 12 10 12 10 1 100 1 1 12 10 1 1 1 1 8 1 12 18 1 7 1 12 9 1 12 10 1 12 10 1 10 1 1 1 1 1 1 1 1
staticfield com/android/tools/r8/graph/z4 m Z 1
ciInstanceKlass com/android/tools/r8/graph/o0 1 1 86 1 8 1 1 100 1 100 1 1 1 1 1 1 1 1 1 1 1 1 1 1 1 1 1 1 1 1 1 1 1 1 12 11 1 1 1 1 1 1 1 1 1 1 1 1 1 1 1 1 1 1 1 7 1 1 1 1 1 1 1 100 1 1 1 12 11 1 100 12 10 1 100 1 1 12 10 1 100 1 1 12 10 1 1 1
ciInstanceKlass com/android/tools/r8/graph/S 1 1 60 1 8 1 1 100 1 100 1 100 1 1 1 1 1 1 1 1 1 1 1 1 1 1 1 1 1 1 100 1 8 1 1 12 10 1 1 1 8 1 1 1 8 1 1 1 8 1 1 1 8 1 1 8 1 1 1 8 1 1
ciInstanceKlass com/android/tools/r8/graph/b0 1 1 31 1 8 1 1 100 1 100 1 100 1 100 1 100 1 100 1 100 1 1 1 1 1 1 1 1 1 1 1 1 1
instanceKlass com/android/tools/r8/graph/J0$b$a
instanceKlass com/android/tools/r8/graph/J0$b
instanceKlass com/android/tools/r8/graph/J0$a
instanceKlass com/android/tools/r8/graph/t0
instanceKlass com/android/tools/r8/graph/e1
instanceKlass com/android/tools/r8/graph/C5
instanceKlass com/android/tools/r8/graph/R2
instanceKlass com/android/tools/r8/graph/r0
instanceKlass com/android/tools/r8/graph/O2
instanceKlass com/android/tools/r8/graph/O0
instanceKlass com/android/tools/r8/graph/E
instanceKlass com/android/tools/r8/graph/b1
ciInstanceKlass com/android/tools/r8/graph/n1 1 1 68 1 8 1 1 100 1 7 1 1 12 10 1 1 1 16 1 12 10 15 1 16 1 100 1 1 12 10 15 1 1 12 18 1 100 1 100 12 11 1 1 12 10 15 18 1 100 1 1 12 11 1 12 10 1 1 1 12 10 1 1 1 1 1 1 1 1 1
instanceKlass com/android/tools/r8/graph/h1
instanceKlass com/android/tools/r8/graph/E0
ciInstanceKlass com/android/tools/r8/graph/b1 1 1 185 1 8 1 1 7 1 7 1 1 1 1 1 1 1 1 12 10 1 100 1 12 10 1 100 1 1 12 11 1 100 1 1 1 1 12 10 1 100 1 12 10 1 12 9 1 1 1 1 1 1 1 12 10 1 1 1 16 12 10 15 1 16 1 100 1 1 12 10 15 1 12 18 1 12 10 1 1 1 1 1 1 1 1 1 1 100 1 1 1 1 1 1 1 1 1 12 10 12 10 1 7 1 1 12 9 12 10 1 100 1 12 10 1 1 12 10 12 9 1 100 1 8 1 12 10 1 1 16 12 10 15 1 16 1 1 12 18 1 12 10 15 1 16 1 12 18 1 100 1 1 12 11 1 1 12 11 12 10 15 18 12 10 15 18 12 10 1 100 12 11 12 10 1 1 7 1 12 10 1 1 1 1 1 1
staticfield com/android/tools/r8/graph/b1 c Z 1
instanceKlass com/android/tools/r8/graph/I0
instanceKlass com/android/tools/r8/graph/v2
instanceKlass com/android/tools/r8/graph/H2
ciInstanceKlass com/android/tools/r8/graph/E0 1 1 1069 1 8 1 1 7 1 7 1 100 1 100 1 100 1 100 1 1 7 1 7 1 1 7 1 7 1 100 1 1 100 1 1 100 1 1 100 1 1 100 1 100 1 100 1 1 1 1 1 1 1 1 1 1 1 1 1 1 1 1 1 1 1 1 1 1 1 1 1 1 1 1 1 100 1 12 9 1 100 1 12 9 1 100 1 1 12 10 1 12 10 1 16 1 12 10 15 1 16 1 100 1 1 12 10 15 1 1 12 18 1 7 1 1 12 11 1 12 10 1 12 10 1 1 12 10 12 10 1 1 12 11 1 1 12 11 1 12 9 1 12 10 12 9 1 100 1 1 12 10 12 9 1 100 1 12 10 1 12 10 1 1 7 1 12 10 1 1 7 1 12 10 1 1 7 12 11 1 1 1 1 1 1 1 1 100 1 12 9 1 12 10 1 1 1 1 1 1 12 10 1 1 1 12 9 1 1 12 9 1 1 12 9 1 12 10 1 1 1 12 9 1 12 9 1 7 1 12 10 1 12 9 1 12 9 1 7 12 10 12 10 1 1 1 1 12 10 1 1 100 1 12 10 1 1 1 1 1 100 10 1 12 10 1 1 7 1 1 12 10 1 7 1 12 9 12 9 12 10 1 12 10 1 12 9 1 100 12 10 12 9 1 12 10 12 10 1 100 1 1 12 10 16 1 100 1 12 11 15 1 16 1 1 12 18 1 100 1 12 10 1 1 100 1 100 1 1 12 10 1 7 1 1 12 11 1 7 1 12 11 1 1 12 11 12 10 12 10 1 10 1 1 1 12 10 1 1 10 11 1 1 12 10 10 1 12 10 1 12 10 1 12 9 12 10 1 100 12 10 12 10 1 1 12 10 1 12 9 1 1 12 11 100 1 12 10 1 10 12 10 1 1 12 10 1 1 12 10 15 1 16 1 12 18 12 10 11 12 10 15 18 12 10 1 1 1 1 12 10 1 1 1 7 1 12 10 1 7 1 12 10 1 12 10 1 12 9 1 12 9 1 7 1 12 10 1 12 9 1 7 9 1 12 10 1 12 10 1 12 10 1 7 10 1 12 10 1 12 9 1 1 7 1 12 10 1 12 10 1 12 10 1 10 1 12 10 1 3 1 1 1 1 12 10 1 1 1 1 1 100 1 1 1 1 1 12 10 1 1 1 12 10 1 100 1 1 1 12 10 1 100 1 1 12 10 1 1 12 9 1 12 9 1 1 12 10 1 12 10 1 100 12 10 1 100 1 12 10 1 12 9 1 100 12 9 12 9 1 12 10 12 9 1 100 10 12 10 12 10 1 100 1 12 10 1 12 10 1 100 1 12 10 12 10 1 7 1 12 10 12 10 1 1 12 9 1 100 1 12 10 1 12 10 1 1 1 1 1 12 10 15 16 1 12 18 1 1 12 10 15 1 16 1 12 18 12 10 1 12 10 1 12 11 1 12 10 1 100 1 12 10 15 1 12 18 1 12 11 1 12 9 1 12 9 1 12 9 12 10 12 10 1 12 10 15 18 12 9 1 100 1 12 9 12 10 1 12 10 12 10 1 100 12 10 1 100 1 12 10 1 100 1 12 10 1 100 1 12 10 16 1 12 10 15 1 12 18 1 1 1 12 11 12 10 15 1 12 18 1 100 1 1 12 11 1 1 12 9 1 12 9 1 1 1 1 12 11 1 1 12 10 1 7 12 10 1 12 9 1 12 10 12 10 10 1 12 10 1 12 9 1 1 12 10 1 12 10 1 12 9 12 9 1 1 7 12 10 1 12 10 1 12 10 15 1 16 1 12 18 1 1 1 1 1 1 12 9 1 1 1 1 12 10 1 12 10 1 12 10 1 12 10 1 1 12 10 1 12 10 1 1 12 10 1 1 100 1 1 12 9 1 100 1 12 10 12 10 1 12 10 1 12 10 1 8 1 100 1 1 12 10 15 1 12 18 10 1 1 12 10 16 12 10 15 16 1 12 18 1 100 1 12 10 12 10 12 10 15 16 18 1 1 12 10 15 18 18 1 1 100 10 1 12 10 12 10 15 18 1 12 11 15 1 16 1 12 18 1 12 10 12 10 12 10 12 10 15 18 12 10 12 10 12 10 1 1 12 10 12 9 1 7 1 100 1 100 1 100 1 12 11 1 12 11 12 10 1 100 1 12 10 10 1 100 1 8 1 12 18 1 12 10 12 9 1 12 9 12 9 1 12 10 1 7 1 1 12 10 1 100 1 8 1 12 18 1 8 18 1 100 10 12 10 1 12 10 1 100 12 10 1 100 11 1 100 1 12 11 1 100 1 12 11 1 12 10 12 10 1 1 7 1 12 10 12 10 15 16 1 12 18 12 10 15 16 18 1 1 1 1 1 1 1 1 1 1 100 1 8 1 1 12 10 1 1 1 8 1 1
staticfield com/android/tools/r8/graph/E0 t Z 1
ciInstanceKlass com/android/tools/r8/graph/H5 1 1 22 1 8 1 1 100 1 100 1 1 1 1 12 11 1 100 1 12 11 1 1 1
ciInstanceKlass com/android/tools/r8/graph/M5 1 0 44 1 8 1 1 100 1 100 1 100 1 1 100 1 8 1 1 12 10 1 1 1 8 1 1 1 8 1 1 1 8 1 1 1 8 1 1 8 1 1 1 8 1 1
ciInstanceKlass com/android/tools/r8/graph/G5 1 1 83 1 8 1 1 100 1 100 1 100 1 100 1 100 1 1 1 1 1 1 1 1 1 1 1 1 12 11 1 100 12 10 1 12 10 1 1 1 1 1 12 11 1 12 11 1 12 11 12 11 1 1 1 1 100 1 8 1 1 12 10 1 1 1 8 1 1 1 8 1 1 1 8 1 1 1 8 1 1 1 8 1 1
ciInstanceKlass com/android/tools/r8/graph/L5 1 0 88 1 8 1 1 100 1 100 1 100 1 100 1 100 1 1 100 1 8 1 1 12 10 1 1 1 8 1 1 1 8 1 1 8 1 1 1 8 1 1 1 8 1 1 1 8 1 1 1 8 1 1 8 1 1 1 8 1 1 8 1 1 1 8 1 1 1 8 1 1 8 1 1 1 8 1 1 1 8 1 1 8 1 8 1 1 8 1
ciInstanceKlass com/android/tools/r8/internal/qv 1 1 37 1 8 1 1 7 1 1 7 1 1 1 1 7 1 12 9 1 100 1 1 12 10 1 1 12 10 1 1 12 11 1 1 1 1 1 1
ciInstanceKlass com/android/tools/r8/internal/r50 1 1 57 1 8 1 1 7 1 1 100 1 100 1 100 1 1 1 1 1 12 11 1 1 1 1 7 1 1 12 9 1 1 1 1 1 100 1 12 10 12 11 1 1 1 12 11 12 11 1 1 12 11 1 1 1 1 1 1
ciInstanceKlass com/android/tools/r8/internal/Gr0 1 1 117 1 8 1 1 7 1 1 7 1 100 1 1 1 1 1 1 1 1 1 12 11 1 16 1 12 11 15 1 16 1 7 1 1 12 10 15 1 12 18 1 7 1 12 10 1 1 1 100 1 100 1 1 12 10 12 11 1 12 11 1 7 1 12 10 1 1 16 1 12 11 15 1 16 1 12 18 1 7 1 12 10 1 1 7 1 12 10 1 100 12 11 1 1 12 10 1 7 1 12 10 1 7 1 12 11 1 1 12 11 1 1 1 1 1 1 1
ciInstanceKlass com/android/tools/r8/graph/H2 1 1 1131 1 8 1 1 7 1 1 7 1 100 1 100 1 100 1 100 1 100 1 1 7 1 100 1 1 100 1 100 1 1 100 1 100 1 100 1 7 1 100 1 1 1 1 1 1 1 1 1 1 1 1 1 1 1 1 1 1 1 1 1 7 1 1 12 10 1 12 9 1 1 12 10 1 100 1 12 10 1 100 1 100 1 100 1 1 12 10 1 1 12 11 1 12 11 1 12 10 1 1 12 10 1 100 1 12 10 1 1 12 9 1 100 1 12 10 1 12 10 1 1 12 10 16 1 12 10 15 1 16 1 7 1 1 12 10 15 1 12 18 1 12 10 1 1 12 9 1 12 10 12 10 1 12 9 1 100 1 1 12 10 1 100 1 12 11 1 1 12 11 1 100 1 100 1 1 12 10 1 1 100 1 1 12 11 1 100 1 100 1 12 9 1 1 1 1 7 1 1 12 11 1 1 1 100 1 12 10 1 1 12 9 1 100 12 9 1 1 16 12 10 15 12 18 1 1 16 12 10 15 1 16 1 12 18 12 10 12 10 15 18 1 12 10 1 1 12 10 15 18 1 12 10 1 1 1 7 1 12 9 12 10 1 1 1 1 1 1 1 12 10 12 10 1 1 1 12 9 1 12 10 1 1 12 9 1 12 9 1 100 1 12 10 1 1 12 9 1 7 1 1 12 10 1 7 1 1 12 10 1 7 1 12 10 1 1 1 16 1 12 10 15 1 16 1 12 18 1 12 9 1 12 10 12 10 15 1 16 1 12 18 12 10 1 12 10 15 1 12 18 1 12 9 1 12 9 1 1 100 1 12 11 12 9 1 12 11 1 1 12 10 1 100 1 12 10 1 12 11 1 1 12 10 1 8 1 100 1 12 10 1 100 1 12 9 1 100 1 1 12 10 1 100 1 12 10 12 9 100 10 1 1 12 10 1 100 12 9 12 9 1 12 10 1 12 10 1 1 12 10 1 100 11 1 100 12 9 12 9 12 9 1 12 10 15 1 16 1 12 18 12 10 1 12 10 15 1 16 1 12 18 12 10 1 1 100 1 12 11 1 12 9 12 10 10 1 12 9 10 1 12 10 1 100 1 100 1 12 10 1 12 10 1 12 10 10 1 12 10 15 1 16 1 12 18 12 10 1 12 10 15 1 16 18 12 10 1 12 10 1 12 9 1 100 1 12 10 1 12 10 1 12 10 1 12 10 1 1 12 10 1 12 10 1 100 12 10 12 10 1 1 12 10 1 1 12 10 1 100 1 12 10 1 100 1 12 10 1 12 10 1 100 1 12 9 12 10 1 1 12 9 1 100 10 1 1 1 1 1 1 1 1 100 1 12 9 1 1 100 12 9 1 7 1 12 9 1 12 11 12 10 1 1 12 10 1 100 1 12 10 1 100 1 1 12 10 1 100 12 9 1 100 1 12 10 1 100 1 12 10 1 16 1 12 10 15 1 16 1 1 12 18 1 1 12 10 1 1 12 10 1 12 10 1 1 12 10 10 1 100 1 1 12 10 1 12 9 1 1 12 11 100 1 12 10 1 10 11 1 100 1 1 12 10 11 9 1 12 10 1 100 1 100 12 11 12 9 1 100 10 12 10 1 12 9 1 1 12 10 1 12 10 1 12 9 12 10 12 9 1 12 10 1 1 1 100 12 9 1 100 1 12 11 1 1 1 1 12 9 1 12 11 1 1 1 1 1 1 1 1 1 1 12 10 12 10 15 16 1 12 18 1 100 1 12 10 1 1 12 10 12 10 15 18 1 1 12 10 12 10 15 18 1 12 10 12 10 15 18 1 1 12 10 15 18 12 10 1 1 16 1 12 10 15 1 16 1 12 18 1 12 10 1 12 10 15 18 12 10 1 1 12 10 12 9 1 100 12 9 1 1 12 10 1 1 8 1 12 10 1 100 1 1 12 10 1 100 1 12 10 1 12 9 1 12 10 1 100 1 1 12 9 1 12 10 1 12 10 1 1 12 11 1 12 11 16 10 15 1 12 18 12 9 12 10 1 1 1 12 10 15 16 1 12 18 1 100 1 12 10 12 10 15 18 1 12 10 15 16 18 1 12 10 15 16 18 1 12 10 15 16 18 12 10 1 12 10 15 16 18 12 10 15 16 18 1 12 10 1 1 12 10 15 1 16 18 1 12 10 15 1 16 18 12 10 15 1 16 18 12 10 15 18 12 10 12 10 15 18 1 12 10 15 18 1 12 10 1 1 100 1 8 1 100 1 1 12 10 15 1 12 18 1 12 9 1 12 10 1 100 1 12 11 1 100 1 12 10 12 10 12 10 12 9 12 9 1 12 10 10 1 12 10 1 1 12 10 1 100 1 12 10 1 1 12 10 1 100 1 12 11 1 12 9 1 100 1 12 9 100 10 10 12 10 10 1 100 1 1 12 11 1 100 12 11 1 1 12 9 1 1 7 1 12 10 12 9 10 12 10 15 18 12 10 12 10 15 18 12 10 12 10 15 18 12 10 15 18 12 10 12 10 15 1 12 18 12 10 15 18 10 1 1 1 1 1 1 1 1 1 1
staticfield com/android/tools/r8/graph/H2 B [Lcom/android/tools/r8/graph/H2; 0 [Lcom/android/tools/r8/graph/H2;
staticfield com/android/tools/r8/graph/H2 C Z 1
ciInstanceKlass com/android/tools/r8/graph/q5 1 1 63 1 8 1 1 100 1 100 1 100 1 1 1 1 12 11 1 16 1 12 11 15 1 16 1 100 1 1 12 10 15 1 12 18 1 100 1 100 1 1 12 10 12 11 1 1 1 1 1 1 100 1 8 1 1 12 10 1 1 1 8 1 1
ciInstanceKlass com/android/tools/r8/internal/GT 1 0 18 1 8 1 1 100 1 100 1 100 1 1 1 1 1 1 1 1
instanceKlass com/android/tools/r8/graph/W0
instanceKlass com/android/tools/r8/graph/i0
instanceKlass com/android/tools/r8/graph/u0
instanceKlass com/android/tools/r8/graph/g4
ciInstanceKlass com/android/tools/r8/graph/E 1 1 67 1 8 1 1 7 1 7 1 1 1 1 1 1 12 10 12 9 1 1 7 1 1 12 10 12 9 1 1 1 1 12 10 1 1 12 10 1 1 1 12 10 1 1 1 100 1 8 1 100 1 1 12 10 15 1 12 18 1 12 10 1 1 1 1 1 1
staticfield com/android/tools/r8/graph/E c Z 1
instanceKlass com/android/tools/r8/graph/D0
instanceKlass com/android/tools/r8/graph/I2
instanceKlass com/android/tools/r8/graph/D2
instanceKlass com/android/tools/r8/graph/L2
instanceKlass com/android/tools/r8/graph/J2
ciInstanceKlass com/android/tools/r8/graph/g4 1 1 36 1 8 1 1 7 1 7 1 1 1 1 12 10 1 1 1 1 7 1 1 12 10 12 9 1 1 1 100 10 1 1 1 1 1 1
staticfield com/android/tools/r8/graph/g4 d Z 1
instanceKlass com/android/tools/r8/graph/M2
instanceKlass com/android/tools/r8/graph/w2
ciInstanceKlass com/android/tools/r8/graph/J2 1 1 78 1 8 1 1 7 1 7 1 100 1 1 1 1 12 10 1 1 1 100 1 1 12 10 1 100 1 1 12 10 1 100 1 1 12 11 1 1 12 10 1 1 12 10 1 12 10 1 1 12 10 1 100 10 1 1 7 1 12 10 12 9 1 1 1 1 1 1 1 1 1 1 1 1 1 1 1 1
staticfield com/android/tools/r8/graph/J2 e Z 1
instanceKlass com/android/tools/r8/graph/B2
instanceKlass com/android/tools/r8/graph/l1
ciInstanceKlass com/android/tools/r8/graph/w2 1 1 136 1 8 1 1 7 1 1 7 1 100 1 1 1 1 1 1 1 1 1 12 10 12 9 1 100 10 1 100 1 100 12 9 12 9 1 1 1 12 10 1 1 7 1 1 12 10 1 1 1 1 1 1 1 1 1 1 1 1 1 1 1 1 1 1 12 10 1 16 12 10 15 1 16 1 100 1 1 12 10 15 1 1 12 18 1 100 1 1 12 10 1 100 1 12 10 1 12 10 1 100 1 12 10 1 100 1 1 12 11 1 1 12 10 1 1 1 1 1 1 1 1 1 100 1 8 1 1 12 10 1 1 1 8 1 1
staticfield com/android/tools/r8/graph/w2 h Z 1
ciInstanceKlass com/android/tools/r8/ClassFileResourceProvider 1 1 31 1 8 1 1 100 1 100 1 1 1 1 1 1 1 1 100 1 1 1 1 1 1 1 1 1 1 1 1 1 1
ciInstanceKlass com/android/tools/r8/Resource 1 0 11 1 8 1 1 100 1 100 1 1 1
ciInstanceKlass com/android/tools/r8/graph/M2 1 1 448 1 8 1 1 7 1 1 7 1 100 1 1 1 1 1 1 1 1 1 1 1 1 12 9 1 1 12 10 1 100 1 1 12 10 1 1 12 10 1 7 1 1 12 10 1 8 1 100 1 12 10 1 1 12 10 1 1 1 1 1 1 1 100 1 1 12 10 1 1 1 1 12 10 1 1 1 1 100 1 12 10 1 100 1 12 10 1 1 7 1 1 12 10 1 1 12 10 1 100 1 12 11 1 12 10 1 1 1 100 10 1 1 7 1 12 10 1 1 7 1 12 10 1 1 12 9 1 1 1 12 10 1 12 10 1 1 7 1 12 10 1 1 1 12 10 1 1 100 1 12 11 1 100 1 12 10 12 10 1 100 11 1 100 1 12 10 12 10 1 12 10 1 1 100 1 12 10 1 12 10 1 1 12 9 1 100 1 12 10 1 12 10 1 100 1 12 10 1 7 1 12 10 1 1 12 10 1 1 12 10 1 1 100 1 1 12 11 1 1 100 1 1 12 11 1 1 12 10 12 9 1 7 1 1 12 9 1 7 1 12 10 1 7 1 12 10 1 1 1 100 11 1 1 12 10 1 100 1 12 10 1 12 11 1 1 100 1 12 9 1 12 10 1 1 12 9 1 12 10 1 1 1 1 1 1 1 1 1 1 12 9 1 1 12 10 12 10 12 10 1 12 10 12 10 1 12 10 1 8 1 100 1 1 12 10 15 1 12 18 1 12 10 1 1 12 10 1 1 12 9 1 7 1 1 12 10 1 12 10 1 12 10 1 1 1 1 8 1 12 10 1 8 1 12 18 1 12 10 1 8 18 1 1 12 10 1 1 12 10 1 1 1 12 10 1 12 10 1 12 10 1 1 1 1 1 10 1 8 1 1 12 10 1 8 12 18 12 10 1 1 7 1 12 10 12 9 1 8 1 8 1 8 1 8 1 8 1 8 1 8 1 8 1 8 1 7 1 12 10 1 7 1 12 10 12 9 1 1 12 10 1 1 1 1 1 1 1
staticfield com/android/tools/r8/graph/M2 h [Lcom/android/tools/r8/graph/M2; 0 [Lcom/android/tools/r8/graph/M2;
staticfield com/android/tools/r8/graph/M2 i Lcom/android/tools/r8/internal/uC; com/android/tools/r8/internal/Rf0
staticfield com/android/tools/r8/graph/M2 j Z 1
ciInstanceKlass com/android/tools/r8/ResourceException 0 0 38 1 8 1 1 100 1 100 1 1 1 1 1 12 10 12 9 1 1 1 1 1 1 1 12 10 1 1 1 1 12 10 1 1 1 1 1 1
ciInstanceKlass com/android/tools/r8/internal/Qf 0 0 43 1 8 1 1 100 1 100 1 1 1 1 1 1 1 100 1 1 12 10 1 12 10 1 1 100 1 12 9 12 10 12 9 12 9 1 1 8 1 1 1 1 1
ciInstanceKlass com/android/tools/r8/internal/CJ 1 1 308 1 8 1 1 7 1 7 1 100 1 100 1 100 1 100 1 1 7 1 7 1 1 1 1 1 1 1 1 1 1 1 1 1 1 16 1 12 10 15 16 1 7 1 1 12 10 15 1 1 12 18 1 12 10 1 12 10 1 7 10 12 9 12 9 12 9 1 7 1 1 12 10 1 100 10 1 7 1 7 12 9 1 7 12 10 12 9 1 12 10 1 7 1 1 12 10 1 7 1 1 12 11 1 1 12 11 1 7 1 1 12 10 1 7 12 10 12 11 1 7 1 1 12 10 1 12 10 1 1 12 10 1 100 1 1 12 11 1 1 12 11 1 100 1 12 11 1 12 11 1 1 7 1 12 10 1 1 1 7 1 1 12 10 1 1 1 12 10 1 12 10 1 1 12 10 1 7 1 12 10 1 1 12 9 1 7 1 12 10 1 1 12 10 1 1 12 11 1 7 1 12 10 1 100 1 100 1 100 1 1 12 10 1 100 1 8 1 7 1 1 12 10 15 12 18 10 1 1 10 10 1 1 1 1 1 16 12 10 15 1 12 18 1 12 10 1 100 1 12 10 1 8 1 12 18 1 12 10 1 12 10 1 1 12 11 1 7 1 1 12 9 1 12 10 1 100 1 100 1 1 12 10 1 100 1 12 11 1 12 10 1 7 1 12 10 1 8 18 1 12 10 1 1 1 1 1 1
staticfield com/android/tools/r8/internal/CJ f Z 1
ciInstanceKlass com/android/tools/r8/graph/B2 1 1 443 1 8 1 1 7 1 1 7 1 1 1 1 1 100 1 1 12 10 1 1 12 10 1 7 1 1 12 10 1 1 12 10 1 8 1 1 12 9 1 8 1 1 12 9 1 12 10 1 8 1 1 12 10 1 8 12 9 1 7 1 12 9 1 7 1 1 12 9 1 8 1 12 10 1 1 1 1 1 1 7 1 1 12 10 1 1 12 10 1 100 1 12 11 1 12 10 1 12 10 1 1 1 16 12 10 15 1 7 1 1 12 10 15 12 18 1 1 7 1 1 12 10 12 10 1 7 1 7 1 12 10 1 7 11 1 1 7 1 12 10 1 1 1 12 10 1 1 7 12 10 1 1 1 1 1 1 1 12 9 1 1 100 1 1 12 11 1 1 1 100 1 1 12 11 1 1 1 12 10 1 7 1 12 9 1 100 1 12 9 1 100 1 12 10 10 1 12 10 1 7 1 100 10 1 1 1 7 10 100 1 12 10 1 7 1 1 12 10 1 1 12 10 1 8 1 7 1 12 10 1 100 1 1 12 10 1 7 10 1 1 12 10 1 12 10 1 1 12 10 1 100 1 1 12 10 1 100 1 12 10 1 100 1 12 11 12 11 1 12 11 1 12 10 12 10 1 1 100 1 1 12 9 1 12 10 1 1 1 1 100 1 1 12 10 1 100 1 100 1 12 10 1 1 7 1 12 10 10 10 12 10 1 1 12 10 1 12 10 1 1 1 12 10 12 10 1 1 1 1 8 1 100 1 1 12 10 15 1 12 18 1 12 10 12 10 1 12 10 1 8 1 12 18 12 10 1 1 1 7 1 12 9 1 1 12 10 1 1 1 1 1 12 10 1 1 12 10 1 12 10 1 1 1 1 1 1 12 10 1 12 9 12 9 1 12 10 1 7 1 1 12 10 1 100 1 100 1 8 1 12 18 1 12 10 16 15 1 16 1 12 18 1 7 1 12 10 15 16 18 1 12 10 15 16 18 1 1 1 1 1 1 1
ciInstanceKlass com/android/tools/r8/graph/L2 1 1 337 1 8 1 1 7 1 1 7 1 100 1 100 1 100 1 1 1 1 1 1 1 1 1 1 12 9 100 1 1 1 12 10 1 7 1 1 12 10 1 1 1 12 10 1 12 10 1 1 12 10 1 1 12 10 1 1 12 9 1 1 1 12 10 1 1 12 10 12 10 1 12 10 1 1 12 10 1 100 12 9 1 100 1 12 10 1 1 1 1 1 1 12 10 12 10 1 12 10 12 10 1 1 1 100 10 1 1 1 12 10 1 1 12 10 1 12 10 1 1 7 1 12 9 1 7 1 12 11 1 1 7 1 12 10 1 1 7 1 12 10 1 1 1 1 12 10 1 12 10 1 100 1 8 1 12 10 1 1 100 1 12 10 1 1 12 10 1 12 10 1 1 12 10 1 1 100 1 12 9 1 12 10 1 1 7 1 1 12 9 1 7 1 12 11 1 12 10 1 1 100 10 1 1 12 10 1 8 1 8 1 100 1 1 12 10 1 8 10 12 10 1 1 12 10 1 1 12 10 1 1 8 12 10 1 100 1 100 12 10 12 9 1 100 1 1 12 10 1 100 1 1 12 10 1 12 10 1 1 1 12 10 1 1 12 10 1 1 1 1 1 1 10 1 1 1 100 1 8 1 100 1 1 12 10 15 12 18 12 10 1 8 1 12 18 1 8 1 12 18 1 12 10 1 12 10 1 7 1 12 10 1 7 1 12 10 1 1 7 1 12 10 12 9 12 10 1 12 10 1 1 1 1 1 1 1 1
staticfield com/android/tools/r8/graph/L2 g [Lcom/android/tools/r8/graph/L2; 0 [Lcom/android/tools/r8/graph/L2;
staticfield com/android/tools/r8/graph/L2 h Z 1
instanceKlass com/android/tools/r8/internal/ut0
instanceKlass com/android/tools/r8/internal/A7
instanceKlass com/android/tools/r8/internal/s80
instanceKlass com/android/tools/r8/internal/Se0
ciInstanceKlass com/android/tools/r8/internal/mv0 1 1 312 1 8 1 1 7 1 7 1 1 1 1 1 16 1 12 10 15 1 16 1 100 1 1 12 10 15 1 1 12 18 12 10 1 1 1 1 12 10 1 7 1 12 10 1 1 1 1 1 12 10 1 12 10 1 1 7 1 1 12 10 1 7 1 12 10 12 10 12 9 1 12 10 1 100 1 1 12 10 1 7 12 10 1 1 12 10 1 12 10 1 7 1 12 10 1 10 1 1 1 1 1 1 1 7 1 12 10 12 10 1 12 10 1 7 1 1 12 10 1 1 1 1 12 10 1 7 1 7 1 7 1 7 1 7 1 12 10 1 1 1 1 1 10 1 1 1 12 9 1 1 1 12 9 1 1 1 7 1 12 9 1 1 7 1 12 9 1 1 1 7 1 12 9 1 1 7 1 12 9 1 1 1 12 9 1 1 1 12 9 1 1 1 100 1 12 9 1 1 1 12 9 1 1 1 12 9 1 1 1 100 1 12 9 1 1 12 9 1 1 12 10 1 100 1 1 12 11 1 100 1 12 11 1 1 12 11 1 1 1 12 10 1 7 1 1 12 9 1 12 10 1 1 12 9 12 10 1 12 10 1 7 12 9 1 12 9 1 7 1 12 9 1 12 10 1 12 10 1 100 1 12 10 1 1 7 1 12 10 12 10 12 10 12 10 12 10 12 10 12 10 12 10 1 12 10 1 1 1 1 1 1
staticfield com/android/tools/r8/internal/mv0 a Z 1
ciInstanceKlass com/android/tools/r8/internal/Ky 1 0 15 1 8 1 1 100 1 100 1 1 1 1 1 1 1
ciInstanceKlass com/android/tools/r8/graph/I2 1 1 273 1 8 1 1 7 1 1 7 1 100 1 100 1 1 1 1 1 1 1 1 1 16 1 12 10 15 1 7 1 1 12 10 15 12 18 1 1 12 9 1 7 1 12 10 12 9 1 7 10 1 1 1 12 10 1 1 12 9 1 7 1 12 10 1 1 1 1 1 1 1 100 1 1 12 11 1 12 10 1 1 1 1 12 10 1 1 1 8 1 100 1 1 12 10 15 1 12 18 1 1 100 1 12 11 1 100 1 1 12 10 1 12 11 1 100 1 1 12 10 1 100 1 12 10 1 12 11 100 1 7 12 10 1 1 100 1 12 9 1 12 10 1 12 10 1 12 10 1 100 1 8 1 1 12 10 1 1 12 10 1 8 1 12 10 12 10 1 1 12 10 1 12 9 1 100 1 12 9 1 12 10 1 1 100 1 12 11 1 12 11 1 1 1 1 100 1 1 12 10 1 100 1 100 1 12 10 1 16 1 12 10 15 1 16 1 1 12 18 1 100 1 12 10 1 1 10 12 10 15 1 16 1 12 18 1 7 1 12 10 1 12 10 15 16 18 1 12 10 1 12 10 1 12 10 1 7 1 1 12 10 1 7 1 12 10 1 1 1 1 1 1 1
staticfield com/android/tools/r8/graph/I2 g I 0
ciInstanceKlass com/android/tools/r8/internal/Em0 1 1 89 1 8 1 1 100 1 100 1 1 1 100 1 1 12 10 1 1 1 100 12 10 1 1 7 10 1 1 100 1 1 12 11 1 100 1 1 12 11 1 1 12 11 1 1 12 10 1 1 1 12 10 1 100 1 12 11 1 100 1 12 11 11 1 1 12 11 1 12 11 11 12 11 1 1 12 10 1 100 11 1 100 1 12 10 1 1 1 1
ciInstanceKlass com/android/tools/r8/internal/wA 1 1 69 1 8 1 1 7 1 100 1 1 3 1 5 0 1 1 1 7 1 1 12 10 1 1 12 10 12 10 5 0 1 1 12 10 5 0 1 100 1 100 1 8 1 1 12 10 1 1 12 10 1 8 1 12 10 1 12 10 1 8 1 1 12 10 10 1 1 1 1
instanceKlass com/android/tools/r8/graph/g1
instanceKlass com/android/tools/r8/graph/j1
ciInstanceKlass com/android/tools/r8/graph/h1 1 1 131 1 8 1 1 7 1 1 7 1 100 1 100 1 1 1 1 1 1 1 1 1 12 10 12 9 12 9 12 9 1 1 1 100 1 1 12 11 1 1 1 1 1 1 1 1 1 1 1 1 12 10 1 7 1 12 10 1 1 1 1 1 1 12 10 1 1 1 1 1 1 1 1 1 12 10 1 100 1 12 10 1 1 12 10 1 1 1 16 12 10 15 1 16 1 100 1 1 12 10 15 1 1 12 18 12 10 15 1 16 18 12 10 1 1 1 1 1 1 1 1 12 10 1 1 1 1 1 1 1 1
ciInstanceKlass com/android/tools/r8/graph/O2 1 1 169 1 8 1 1 7 1 1 7 1 100 1 100 1 1 1 1 1 1 1 1 12 9 1 1 1 1 1 1 16 1 12 10 15 1 7 1 1 12 10 15 12 18 1 1 7 1 12 10 1 1 1 1 1 100 1 7 1 1 12 11 1 1 1 1 1 1 7 1 12 10 1 1 100 1 12 10 1 1 1 12 10 1 1 1 1 1 1 1 100 1 1 12 11 1 1 1 100 1 1 12 10 1 1 12 10 1 12 10 12 10 1 1 1 1 7 1 12 10 1 1 1 16 1 12 10 15 16 1 1 12 18 1 7 1 1 12 10 1 1 12 9 10 1 7 1 12 9 1 12 9 1 100 10 1 1 7 1 12 10 10 1 1 1 1 1 1 1 1
staticfield com/android/tools/r8/graph/O2 c Lcom/android/tools/r8/graph/O2; com/android/tools/r8/graph/O2
staticfield com/android/tools/r8/graph/O2 d Z 1
ciInstanceKlass com/android/tools/r8/graph/j1 1 1 1318 1 8 1 1 7 1 1 7 1 100 1 7 1 7 1 7 1 1 7 1 100 1 1 7 1 100 1 1 100 1 100 1 1 100 1 1 100 1 100 1 100 1 100 1 100 1 100 1 100 1 1 100 1 100 1 100 1 1 1 1 1 1 1 1 1 1 1 1 1 1 1 1 1 1 1 1 1 1 1 1 1 1 1 1 1 1 1 1 1 1 12 9 12 9 1 100 1 12 10 1 12 10 1 100 1 12 10 1 1 12 10 1 7 1 12 10 1 100 1 1 12 9 1 100 1 1 12 10 1 8 1 100 1 1 12 10 15 1 12 18 1 100 1 12 10 1 8 1 12 9 1 12 9 1 12 10 1 8 1 12 10 1 12 9 1 8 1 12 9 1 1 12 9 1 100 1 12 10 1 100 1 12 10 1 12 10 1 100 1 1 12 10 1 12 10 1 100 10 1 1 12 10 1 1 12 10 1 100 1 12 10 1 100 1 100 1 100 1 12 10 1 12 10 1 12 10 10 1 12 10 1 100 1 12 10 1 12 10 1 12 9 1 100 1 12 10 1 100 1 1 12 10 1 1 12 9 1 12 10 1 100 1 12 10 1 100 1 12 10 1 12 10 1 1 12 9 1 7 1 12 9 1 100 1 12 10 1 100 1 12 10 1 100 1 12 10 1 12 10 1 100 1 12 10 1 100 1 100 1 12 9 1 12 10 1 100 10 1 100 1 12 10 1 1 12 9 1 12 10 1 100 10 1 100 1 12 10 1 100 1 1 12 9 1 100 1 12 9 1 12 10 1 1 100 1 12 10 16 1 12 10 15 1 16 1 100 1 1 12 10 15 1 1 12 18 12 10 15 18 1 12 10 1 1 12 10 12 10 12 10 1 12 10 1 7 1 12 10 1 7 1 1 12 10 15 1 16 1 12 18 1 12 10 12 9 12 9 1 1 12 10 1 100 1 12 11 1 100 1 12 10 12 9 1 100 1 12 9 12 9 1 100 1 1 12 10 1 12 9 1 12 10 1 12 9 1 12 10 1 1 12 10 1 12 10 1 100 12 9 12 9 12 9 12 11 1 1 100 12 10 12 9 9 12 9 1 100 1 1 12 10 1 12 10 1 12 9 1 12 9 1 1 1 16 12 10 15 12 18 1 1 1 12 10 1 12 10 1 1 1 1 12 10 1 1 12 10 1 12 9 1 1 1 12 10 12 9 1 7 12 9 1 1 100 12 10 12 10 10 10 1 8 1 12 18 10 1 8 18 1 1 100 1 1 12 11 1 1 12 10 1 12 10 1 100 1 100 1 12 10 1 12 9 12 9 1 1 12 10 1 12 10 1 1 7 10 1 1 12 10 1 1 12 10 1 12 10 12 9 3 1 12 10 12 10 1 12 10 1 12 10 1 12 10 1 12 10 1 1 12 10 1 1 7 1 12 9 12 9 1 1 12 10 1 100 1 7 1 12 10 1 100 1 8 1 12 18 1 12 10 1 100 1 100 12 10 1 12 10 12 10 1 100 1 12 10 12 10 1 100 1 12 11 12 10 1 12 10 12 10 12 10 12 10 1 1 12 9 1 12 9 12 9 12 9 12 9 12 9 12 9 12 9 1 1 1 12 10 1 12 10 12 9 1 10 1 1 100 1 12 10 1 1 1 1 12 10 1 12 10 9 1 12 10 1 12 10 1 12 10 1 12 10 12 9 1 1 1 12 9 1 1 1 100 1 100 1 12 11 1 1 12 10 1 1 100 1 12 10 1 12 10 1 100 1 8 10 1 12 9 100 1 12 10 12 10 1 1 12 10 1 8 10 1 1 100 1 1 12 10 1 7 1 12 10 1 1 12 10 1 7 10 1 1 12 10 1 12 9 12 9 12 9 1 16 1 12 10 15 1 16 1 12 18 1 12 10 12 10 15 18 1 12 10 1 12 10 1 12 10 15 1 16 1 12 18 1 12 10 12 10 12 9 1 12 10 1 12 10 1 12 10 1 1 12 10 12 10 15 18 12 10 1 1 8 1 100 1 12 9 1 12 10 1 1 1 1 7 12 9 1 12 9 12 10 1 12 11 1 1 12 9 1 7 1 12 11 1 7 1 1 12 10 12 10 12 10 1 12 10 1 100 10 12 10 1 1 12 9 1 12 10 12 10 1 1 10 1 12 10 1 1 12 10 1 1 1 1 12 10 1 1 12 10 12 10 15 1 16 1 12 18 1 12 10 1 1 12 10 12 9 12 9 1 7 1 12 10 1 7 15 1 16 1 12 18 1 100 1 12 10 15 1 16 18 15 1 16 18 1 12 10 15 16 18 1 12 10 15 16 18 12 10 16 15 1 16 1 1 12 18 1 12 10 12 10 15 18 12 10 15 18 12 10 15 1 16 18 1 16 1 12 10 15 16 1 12 18 1 16 1 12 10 15 16 1 12 18 1 12 10 12 10 12 10 1 12 11 1 12 10 1 12 10 1 100 1 12 11 1 100 1 12 10 1 100 1 12 10 10 1 12 11 1 12 10 1 100 1 12 11 1 8 1 12 18 1 12 10 1 12 11 11 1 100 11 1 12 10 1 1 12 10 1 100 1 12 10 1 100 1 12 9 1 12 10 1 12 10 10 12 10 12 9 1 12 9 1 1 100 12 10 1 12 10 1 12 10 12 10 12 9 1 12 10 1 12 10 12 10 12 10 12 10 12 10 12 9 10 1 12 10 12 9 12 9 1 12 10 12 9 12 9 1 1 1 12 10 1 1 12 10 15 18 1 12 10 12 10 12 10 1 100 1 12 9 1 100 1 12 11 1 100 12 9 12 11 1 1 7 1 12 10 12 9 1 12 10 12 9 1 7 1 12 9 1 7 1 12 9 12 10 12 9 1 7 10 1 1 12 10 10 12 10 12 10 12 10 10 1 100 10 1 12 10 15 18 12 10 15 1 12 18 1 12 10 12 10 1 1 1 1 1 1 1 1 1
staticfield com/android/tools/r8/graph/j1 u [Lcom/android/tools/r8/graph/j1; 0 [Lcom/android/tools/r8/graph/j1;
staticfield com/android/tools/r8/graph/j1 v Lcom/android/tools/r8/graph/j1; com/android/tools/r8/graph/j1
staticfield com/android/tools/r8/graph/j1 w Lcom/android/tools/r8/internal/TG; com/android/tools/r8/internal/TG
staticfield com/android/tools/r8/graph/j1 x Z 1
ciInstanceKlass com/android/tools/r8/graph/L4 1 1 21 1 8 1 1 100 1 100 1 1 1 1 1 1 1 1 1 1 1 1 1
instanceKlass com/android/tools/r8/graph/F0
instanceKlass com/android/tools/r8/graph/H0
ciInstanceKlass com/android/tools/r8/graph/G0 1 1 126 1 8 1 1 7 1 1 7 1 100 1 1 1 1 1 1 1 1 12 10 12 9 12 9 1 12 9 1 100 10 1 7 1 7 1 1 12 9 1 1 12 10 1 1 7 1 1 12 10 1 1 1 12 10 1 1 12 10 1 1 1 1 1 1 1 1 1 12 10 1 1 1 12 9 1 1 12 10 1 100 1 12 10 1 12 10 1 1 1 100 1 8 1 12 10 1 1 1 8 1 1 1 12 10 1 1 1 1 1 1 1 1 100 1 8 1 1 12 10 1 1 1 8 1 1
staticfield com/android/tools/r8/graph/G0 d Z 1
ciInstanceKlass com/android/tools/r8/graph/G4 1 1 36 1 8 1 1 100 1 100 1 100 1 1 1 1 1 1 1 1 1 100 1 1 12 11 1 1 1 1 1 1 1 1 1 1 1 1
instanceKlass com/android/tools/r8/graph/e0
instanceKlass com/android/tools/r8/graph/D4
instanceKlass com/android/tools/r8/graph/K5
ciInstanceKlass com/android/tools/r8/graph/H0 1 1 195 1 8 1 1 7 1 1 7 1 100 1 1 1 1 12 10 1 1 12 10 12 9 1 100 1 1 12 10 1 100 1 100 1 100 10 1 7 1 1 12 10 1 7 1 7 1 12 10 1 7 1 1 1 1 12 10 1 12 10 1 1 12 10 1 12 10 1 7 1 1 12 10 1 12 10 1 1 7 1 12 10 1 1 1 12 10 1 12 10 1 1 12 10 1 12 10 1 1 1 1 12 10 1 1 1 1 1 1 12 10 1 7 1 12 10 1 1 1 12 10 1 1 1 100 1 12 10 1 1 1 12 10 1 1 12 9 1 1 100 1 12 10 12 10 1 12 10 1 12 10 1 1 1 1 1 12 10 1 1 1 12 10 1 1 1 12 10 1 1 1 1 1 1 12 10 1 1 1 1 1 1 1 1 1 1 100 1 8 1 1 12 10 1 1
staticfield com/android/tools/r8/graph/H0 e Z 1
instanceKlass com/android/tools/r8/graph/O4
instanceKlass com/android/tools/r8/graph/Q
instanceKlass com/android/tools/r8/graph/k3
ciInstanceKlass com/android/tools/r8/graph/g 1 1 229 1 8 1 1 7 1 1 7 1 100 1 100 1 1 1 1 1 1 1 1 1 1 12 10 12 10 1 100 1 1 12 10 1 7 1 100 1 1 12 11 1 1 12 11 1 100 1 1 12 11 1 100 1 8 1 1 12 10 1 12 10 1 1 12 10 1 12 10 1 1 12 10 1 1 1 16 12 10 15 1 100 1 1 12 10 15 12 18 1 1 12 9 12 9 1 1 12 10 1 12 10 1 12 10 1 1 1 1 1 1 12 10 1 12 9 1 100 10 1 12 10 1 12 10 1 1 1 1 1 1 1 1 1 1 12 10 1 1 1 12 10 1 12 10 1 1 16 15 1 12 18 15 18 15 18 12 10 15 18 12 10 15 18 12 10 15 18 1 12 10 12 9 1 1 100 1 1 12 11 1 10 1 16 1 12 10 15 16 1 1 12 18 1 100 1 12 10 12 10 15 18 1 1 7 1 12 10 1 8 1 8 1 8 1 8 1 8 1 8 1 1 1 1 1 1 1 1 1
staticfield com/android/tools/r8/graph/g d Lcom/android/tools/r8/internal/uC; com/android/tools/r8/internal/Rf0
staticfield com/android/tools/r8/graph/g e Z 1
ciInstanceKlass java/security/Provider$ServiceKey 1 1 75 10 7 12 1 1 1 9 7 12 1 1 1 9 12 1 9 7 12 1 1 1 10 7 12 1 1 1 10 12 1 1 9 12 1 10 12 1 1 10 12 1 1 100 1 10 10 12 1 1 8 1 10 12 1 1 1 1 1 1 1 1 1 1 1 1 1 1 1 1 1 7 1 1 1
ciInstanceKlass java/lang/AssertionError 0 0 79 10 100 12 1 1 1 10 12 1 10 100 12 1 1 1 10 100 1 100 1 10 12 1 1 10 12 1 10 12 1 10 12 1 10 12 1 10 12 1 10 12 1 10 12 1 1 1 1 5 0 1 1 1 1 1 1 1 1 1 1 100 1 1 1 1 1 1 1 1 1 1 1 1 1 1 1 1 1
instanceKlass com/android/tools/r8/internal/EJ
ciInstanceKlass java/lang/IllegalStateException 0 0 35 10 100 12 1 1 1 10 12 1 10 12 1 10 12 1 100 1 1 1 1 5 0 1 1 1 1 1 1 1 1 1 1 1 1
ciInstanceKlass java/util/NoSuchElementException 0 0 34 10 100 12 1 1 1 10 12 1 10 12 1 10 12 1 100 1 1 1 1 5 0 1 1 1 1 1 1 1 1 1 1 1
instanceKlass com/android/tools/r8/synthesis/U
instanceKlass com/android/tools/r8/synthesis/S
ciInstanceKlass com/android/tools/r8/synthesis/Q$b 1 1 63 1 8 1 1 7 1 1 7 1 100 1 100 1 1 1 1 1 1 1 12 10 12 9 12 9 1 1 1 100 1 1 12 10 1 1 1 1 1 100 1 12 11 1 1 1 1 1 1 1 1 1 1 1 1 1 1 1 1 1 1 1 1
ciInstanceKlass com/android/tools/r8/graph/J5 1 1 61 1 8 1 1 100 1 100 1 100 1 1 1 1 1 1 1 1 12 11 1 100 12 10 1 1 1 1 100 1 8 1 1 12 10 1 1 1 8 1 1 1 8 1 1 1 8 1 1 1 8 1 1 1 8 1 1 1 8 1 1
ciInstanceKlass com/android/tools/r8/graph/K5 1 1 411 1 8 1 1 7 1 1 7 1 100 1 100 1 100 1 1 100 1 100 1 1 7 1 7 1 1 1 1 1 1 12 10 1 12 10 1 1 7 1 1 12 10 1 7 1 1 12 10 1 1 12 10 1 7 1 12 10 1 1 7 1 1 12 10 1 100 1 1 12 10 1 1 12 10 1 100 1 12 10 1 12 10 1 1 12 10 1 100 1 12 10 1 100 1 12 10 1 12 10 1 12 10 1 12 10 1 100 1 1 12 10 1 100 1 12 9 1 100 1 1 12 11 12 10 1 12 10 1 1 12 10 1 12 10 1 12 9 1 100 12 9 1 100 1 12 9 1 1 12 9 1 1 12 10 1 1 12 9 1 100 1 12 10 1 1 12 10 1 100 12 11 1 100 1 12 10 1 12 10 1 12 10 12 10 1 12 10 12 10 1 100 12 11 12 10 1 12 10 1 12 10 1 12 10 1 12 10 12 10 12 10 1 12 10 12 10 12 10 1 12 10 1 12 10 12 10 1 12 9 1 12 10 1 100 1 12 9 1 12 10 1 12 9 1 12 10 1 100 10 1 12 10 1 100 1 12 10 1 1 12 10 1 100 12 9 1 100 1 12 10 1 12 10 1 12 10 1 100 1 1 12 10 1 1 12 10 1 12 10 1 100 12 9 1 100 1 100 12 10 1 1 12 10 1 1 1 1 12 9 12 9 1 7 1 12 10 1 12 10 1 1 1 1 12 9 1 12 10 1 1 12 9 1 100 1 12 10 12 9 12 9 1 100 1 12 10 1 12 10 1 12 10 1 1 1 1 1 1 1 1 1 1 1 12 9 1 1 10 1 1 12 10 1 1 1 1 1 1 7 1 12 10 1 1 100 1 12 10 1 12 10 12 9 1 100 1 12 11 1 100 12 11 1 1 1 1 1 1 1 1
staticfield com/android/tools/r8/graph/K5 f Z 1
instanceKlass com/android/tools/r8/graph/j
ciInstanceKlass com/android/tools/r8/graph/h 1 1 354 1 8 1 1 7 1 7 1 7 1 100 1 7 1 1 100 1 7 1 1 1 1 1 1 1 1 1 1 1 1 1 1 12 9 1 1 12 10 1 100 1 1 12 10 1 100 1 100 12 10 12 9 1 12 10 1 12 10 1 8 1 12 10 12 9 1 100 1 12 10 1 12 10 1 12 9 1 12 9 1 12 9 1 12 9 1 12 9 1 12 10 1 12 10 1 100 1 12 10 1 100 9 1 12 10 1 100 10 1 12 10 1 12 10 1 1 12 10 1 12 10 12 9 1 9 12 9 1 1 1 7 1 12 9 1 12 9 12 10 1 1 1 12 9 1 1 12 10 1 1 7 1 1 12 10 16 12 11 15 16 1 7 1 1 12 10 15 1 1 12 18 1 12 10 1 1 1 12 10 1 7 1 1 12 11 1 1 7 1 12 10 12 10 1 100 1 1 12 9 1 100 1 12 9 1 1 12 10 1 12 10 1 100 1 12 11 1 100 1 12 10 1 100 1 1 12 11 1 100 1 1 12 11 1 100 1 12 11 1 1 12 11 1 1 1 1 1 1 1 1 7 1 12 10 12 9 1 7 1 12 9 1 100 1 7 1 1 12 10 1 12 9 1 7 1 12 9 1 7 1 12 10 1 12 10 1 7 1 12 9 10 1 12 10 1 1 12 10 12 10 9 12 9 1 100 1 1 12 9 1 100 1 100 1 12 9 1 100 12 9 1 100 1 12 9 1 12 10 1 100 1 12 9 1 12 10 1 1 10 1 1 7 1 12 10 1 1 1 1 1 1 1 1
staticfield com/android/tools/r8/graph/h g Z 1
instanceKlass com/android/tools/r8/shaking/i
ciInstanceKlass com/android/tools/r8/graph/j 1 1 750 1 8 1 1 7 1 7 1 100 1 100 1 100 1 1 100 1 100 1 100 1 100 1 1 1 1 1 1 1 1 1 12 10 1 12 10 1 12 10 1 12 9 1 1 12 10 12 9 1 1 12 10 1 1 1 12 9 12 10 1 12 10 1 100 1 1 12 11 1 100 1 1 100 1 1 12 10 1 100 12 10 1 100 1 1 100 1 100 1 12 9 1 12 10 1 8 1 12 10 1 1 12 9 1 1 12 9 1 12 9 1 12 9 1 12 9 1 12 10 1 7 1 12 10 1 12 10 1 12 10 1 1 1 1 100 1 1 12 10 1 12 10 1 100 1 12 11 1 100 12 10 1 100 1 12 9 1 12 9 1 100 1 12 9 1 12 9 1 100 1 100 1 1 12 9 1 100 1 12 10 1 100 10 1 100 100 1 1 12 11 1 12 9 1 1 12 10 1 12 10 1 1 12 10 1 1 12 10 12 10 1 12 10 1 12 9 16 1 12 10 15 1 16 1 7 1 1 12 10 15 1 12 18 12 10 1 1 1 1 1 1 12 10 1 12 10 12 10 12 10 1 1 1 1 12 10 15 1 16 1 12 18 12 10 1 12 10 1 100 12 10 1 12 10 1 12 10 1 1 12 9 10 12 10 1 12 10 1 12 10 1 1 12 10 1 100 1 12 11 1 12 11 1 12 11 1 1 12 10 1 12 10 1 100 1 1 12 10 1 12 10 10 1 100 1 12 10 1 12 10 12 10 12 10 1 12 10 1 1 100 1 1 12 10 1 100 11 1 100 1 1 12 10 1 7 1 12 10 1 1 12 10 1 100 1 12 10 1 100 12 10 12 10 1 12 10 1 12 9 12 10 1 1 12 10 1 100 1 12 10 12 10 1 16 15 16 1 12 18 1 7 1 12 10 1 100 1 12 9 1 12 9 1 12 10 1 1 12 10 1 7 1 1 12 10 1 100 1 1 12 10 1 12 10 1 12 10 1 100 1 1 12 10 1 1 1 1 1 1 100 1 12 9 1 1 12 10 1 100 1 100 1 12 10 1 12 10 1 100 1 12 10 1 100 1 1 12 10 12 10 1 1 1 1 1 100 1 1 12 10 1 100 1 12 10 1 100 1 12 10 1 12 10 1 1 1 1 1 1 1 1 12 10 1 1 12 10 1 1 12 10 12 10 1 1 12 10 12 10 1 1 12 10 12 10 12 10 12 10 1 12 10 1 12 10 12 10 12 10 10 10 1 12 10 15 16 18 1 12 10 12 10 10 1 1 1 1 10 1 12 9 1 1 12 9 12 9 1 100 10 1 100 1 12 10 1 12 10 1 100 1 12 9 1 12 9 1 12 10 1 1 12 10 1 12 10 1 12 9 1 100 10 1 100 1 12 10 1 12 10 10 1 1 12 10 15 1 12 18 1 1 12 9 1 100 1 12 10 11 1 100 1 12 11 1 12 9 1 12 10 12 9 1 12 9 1 100 12 9 1 1 12 9 1 100 1 100 1 12 9 1 100 12 9 1 100 1 12 9 1 12 10 1 100 1 12 9 1 12 10 1 7 1 7 12 10 1 12 10 9 1 12 10 1 100 10 1 12 10 12 10 1 12 9 1 100 1 12 11 1 1 7 1 12 10 1 1 12 10 9 1 12 9 1 12 9 1 12 9 1 1 1 1 1 1 1 1 1 1
staticfield com/android/tools/r8/graph/j i Z 1
ciInstanceKlass com/android/tools/r8/shaking/i 1 1 1386 1 8 1 1 7 1 100 1 100 1 100 1 100 1 1 100 1 100 1 1 100 1 100 1 1 1 1 1 1 1 1 1 1 1 1 1 1 1 1 1 1 1 1 1 1 1 1 1 1 1 1 1 1 1 1 1 1 1 1 1 1 1 1 12 9 1 100 1 1 12 9 1 12 10 1 100 1 100 1 8 1 100 1 1 12 10 15 1 12 18 1 1 12 10 1 12 9 1 100 12 10 1 1 100 1 12 9 12 9 1 1 100 1 1 12 10 1 12 10 1 100 1 12 10 1 12 9 1 1 12 9 12 9 12 9 12 9 12 9 12 9 12 9 12 9 12 9 12 9 12 9 12 9 12 9 12 9 12 9 12 9 12 9 12 9 12 9 12 9 12 9 12 9 12 9 12 9 1 12 10 1 12 10 1 12 10 1 100 1 1 12 9 1 100 1 1 12 11 1 100 12 9 1 100 1 1 12 9 1 100 1 1 12 10 1 8 1 100 1 1 12 10 1 100 1 12 10 1 100 12 9 1 8 18 1 1 1 1 1 12 10 10 1 100 1 1 12 10 1 12 9 1 100 1 12 10 1 12 10 1 12 10 1 100 12 10 1 12 9 1 100 12 10 12 10 1 1 100 1 12 10 1 100 12 9 1 100 1 1 12 11 1 100 1 12 9 1 100 12 10 12 9 1 100 1 12 10 1 100 12 10 1 12 10 12 10 1 8 1 12 18 1 100 12 10 1 12 9 1 12 10 12 10 12 10 1 12 10 16 1 12 10 15 1 16 1 100 1 1 12 10 15 1 1 12 18 1 12 10 1 1 12 10 1 1 12 10 12 10 1 1 1 100 1 1 12 10 12 10 1 100 1 100 1 100 12 10 1 12 9 1 8 1 12 10 12 9 1 12 11 16 1 12 10 15 1 16 1 1 12 18 1 12 10 1 12 10 15 1 16 18 1 100 1 12 10 12 9 12 9 12 10 15 18 1 100 1 12 10 1 12 10 1 12 9 1 12 9 1 12 9 12 9 1 12 9 1 12 10 1 100 1 12 10 1 12 10 1 100 1 12 10 1 12 10 1 1 12 11 1 1 12 11 1 100 1 100 1 12 11 1 1 12 11 1 100 1 12 11 1 12 10 1 12 11 1 12 11 1 12 10 1 12 11 1 12 10 1 12 10 12 9 1 12 10 1 12 10 1 100 12 9 1 100 10 1 100 1 12 10 1 12 10 1 100 1 100 1 12 10 1 12 10 1 12 10 1 1 12 9 1 100 1 1 12 11 1 1 12 11 1 1 12 11 16 1 12 10 15 16 1 1 12 18 1 100 1 1 12 11 1 100 12 10 15 1 16 1 12 18 1 1 12 11 1 12 10 15 1 16 1 12 18 1 100 1 1 12 10 1 1 12 11 1 100 11 1 100 1 100 1 100 1 100 1 100 1 12 10 12 9 1 12 10 1 12 10 1 12 10 9 1 100 1 12 10 1 12 10 1 12 10 1 12 10 1 12 10 1 12 10 1 12 10 1 12 10 1 100 1 12 9 1 12 10 1 16 1 12 10 15 16 1 12 18 1 12 10 1 12 10 15 16 1 12 18 10 9 1 100 1 100 1 100 12 11 1 12 11 1 12 9 1 100 10 10 1 100 1 12 10 1 100 1 12 10 10 10 1 100 1 12 9 1 100 1 12 10 12 9 1 12 10 1 12 10 1 12 10 1 12 10 1 12 9 1 1 12 11 11 1 100 1 12 10 11 1 100 1 12 10 11 1 1 1 100 1 12 10 1 12 10 1 12 10 1 12 10 1 100 1 100 1 100 1 100 1 100 1 12 10 12 10 1 12 10 1 12 9 16 1 12 10 15 1 16 1 12 18 1 100 1 12 10 1 12 9 1 100 1 12 10 1 12 10 1 12 10 10 12 10 1 12 10 1 12 10 1 100 10 12 9 1 12 9 1 100 1 12 10 1 12 10 1 12 10 1 12 10 1 100 10 1 100 12 11 1 12 10 1 100 12 10 1 12 10 1 100 1 12 11 1 100 1 12 11 1 12 10 1 12 10 1 100 1 12 10 1 100 1 12 10 1 100 1 12 10 1 12 10 1 12 10 1 100 1 12 10 1 12 9 1 12 10 1 12 10 12 10 12 10 12 9 1 12 10 1 12 10 1 12 10 10 9 11 1 12 9 1 100 11 1 1 12 11 1 100 1 12 11 11 1 12 11 1 12 10 1 12 11 1 1 12 10 1 1 12 10 1 12 10 1 12 10 12 9 1 12 10 1 100 11 1 1 12 10 10 12 10 1 12 10 12 9 1 12 10 1 12 10 1 12 10 1 1 1 1 1 1 12 10 1 12 9 10 12 9 9 12 9 1 12 11 1 12 11 1 12 10 12 10 1 12 10 15 16 18 12 10 1 12 9 1 100 1 12 10 1 12 10 1 100 1 12 9 1 100 1 12 10 10 10 1 1 12 10 12 10 12 10 12 10 1 1 12 10 1 100 1 12 9 11 12 11 12 10 12 10 15 16 1 12 18 1 12 10 10 12 9 12 10 1 12 10 15 1 16 1 12 18 1 12 11 16 1 12 10 15 1 12 18 1 12 10 1 12 10 15 1 12 18 1 12 10 15 1 12 18 11 1 12 10 15 1 12 18 1 100 1 12 9 12 9 12 9 12 9 1 100 1 12 10 1 100 1 12 10 10 1 12 10 12 10 1 12 10 1 100 1 12 10 15 1 16 1 12 18 1 12 10 1 12 10 1 1 12 10 1 12 10 1 16 18 1 12 10 1 12 10 1 12 10 1 16 18 1 12 10 1 12 11 12 11 15 1 12 18 11 1 100 1 12 10 12 10 15 1 16 1 12 18 1 16 18 12 11 15 1 12 18 1 100 1 12 10 1 100 12 9 11 1 1 7 1 12 10 1 1 12 9 1 100 12 10 1 1 100 1 12 10 1 12 9 1 100 12 9 11 1 100 1 12 9 1 100 10 1 100 1 12 10 1 100 12 10 10 1 12 10 1 1 12 10 1 100 10 1 100 1 12 9 12 10 1 1 12 10 12 9 1 100 10 1 12 10 1 12 9 1 100 1 12 9 1 12 10 1 1 1 1 1 1 1 1 1
staticfield com/android/tools/r8/shaking/i K Z 1
ciInstanceKlass com/android/tools/r8/graph/h0 1 1 47 1 8 1 1 100 1 100 1 100 1 1 1 1 1 100 1 8 1 1 12 10 1 1 1 8 1 1 1 8 1 1 1 8 1 1 1 8 1 1 8 1 1 1 8 1 1
ciInstanceKlass com/android/tools/r8/graph/B4 1 1 51 1 8 1 1 100 1 100 1 100 1 1 1 100 1 1 12 10 1 1 1 1 100 1 8 1 1 12 10 1 1 1 8 1 1 1 8 1 1 1 8 1 1 1 8 1 1 1 8 1 1
ciInstanceKlass com/android/tools/r8/graph/f0 1 0 75 1 8 1 1 100 1 100 1 100 1 100 1 1 100 1 8 1 1 12 10 1 1 1 8 1 1 1 8 1 1 8 1 1 1 8 1 1 1 8 1 1 1 8 1 1 1 8 1 1 8 1 1 1 8 1 1 8 1 1 1 8 1 1 1 8 1 1 8 1 1 1 8 1 1
ciInstanceKlass com/android/tools/r8/graph/A4 1 0 72 1 8 1 1 100 1 100 1 100 1 100 1 1 100 1 8 1 1 12 10 1 1 1 8 1 1 1 8 1 1 1 8 1 1 1 8 1 1 1 8 1 1 1 8 1 1 1 8 1 1 1 8 1 1 8 1 1 1 8 1 1 8 1 1 1 8 1 1 1 8 1
ciInstanceKlass com/android/tools/r8/graph/v2 1 1 276 1 8 1 1 7 1 1 7 1 100 1 100 1 100 1 100 1 1 100 1 100 1 1 100 1 100 1 1 100 1 100 1 1 1 1 1 12 10 12 9 1 1 12 10 1 100 1 12 10 1 16 1 1 12 10 15 16 1 100 1 1 12 10 15 1 1 12 18 1 100 1 1 12 11 1 100 1 12 10 1 100 1 12 10 1 12 10 15 16 18 1 1 12 10 1 7 1 1 12 11 1 7 1 1 12 11 1 1 12 11 1 7 1 12 9 1 1 12 9 1 100 1 12 10 1 1 12 9 1 1 12 9 1 8 1 100 1 1 12 10 15 1 12 18 1 12 10 1 100 1 12 10 1 12 10 1 12 9 12 10 1 12 10 1 100 1 12 10 1 12 10 12 10 1 1 7 1 12 10 1 1 100 1 12 11 1 1 1 1 12 9 12 10 1 8 1 12 18 1 12 10 1 1 1 1 1 1 1 1 1 100 1 12 9 1 1 1 12 10 1 100 1 12 11 1 100 12 11 1 12 10 1 100 1 1 12 10 1 100 1 12 9 1 12 10 1 100 1 1 12 9 1 12 11 1 1 1 1 1 1 1 1 1 1 1 1 100 1 8 1 1 12 10 1 1
staticfield com/android/tools/r8/graph/v2 u Z 1
ciInstanceKlass com/android/tools/r8/internal/hi 1 1 81 1 8 1 1 7 1 100 1 1 1 16 1 12 10 15 1 7 1 1 12 10 15 1 1 12 18 1 1 16 1 12 10 15 1 12 18 1 1 1 12 10 15 12 18 1 12 10 15 12 18 1 1 1 12 10 15 12 18 1 100 1 1 12 11 1 100 12 11 1 100 1 1 12 11 1 1 1 1 1 1
ciInstanceKlass  @bci com/android/tools/r8/internal/hi b ()Ljava/util/function/Consumer; 0 <appendix> argL0 ; 1 1 20 1 7 1 7 1 100 1 1 12 10 1 1 1 7 1 12 10 1 1
ciInstanceKlass com/android/tools/r8/shaking/j2 1 0 32 1 8 1 1 100 1 100 1 1 1 1 16 1 12 11 15 1 100 1 1 12 10 15 1 12 18 1 1 1 1 1
ciInstanceKlass com/android/tools/r8/graph/y 1 1 1365 1 8 1 1 7 1 1 7 1 100 1 100 1 100 1 100 1 100 1 100 1 100 1 100 1 100 1 100 1 100 1 100 1 100 1 100 1 100 1 100 1 1 100 1 100 1 1 100 1 7 1 1 100 1 1 100 1 100 1 100 1 1 1 1 1 1 1 1 1 1 1 1 1 1 1 1 1 1 1 1 1 1 1 1 1 1 1 1 1 1 1 1 1 1 1 1 1 1 1 1 1 1 1 1 1 1 1 1 1 1 1 1 1 1 1 1 1 1 1 1 1 1 1 1 1 1 1 1 1 1 1 1 1 1 1 1 1 1 1 1 1 1 1 1 1 1 1 1 100 1 12 11 1 12 10 1 1 12 11 1 12 10 1 1 1 12 11 1 12 10 1 100 1 12 10 1 12 9 1 12 10 1 7 1 12 10 1 1 12 10 1 1 12 10 1 12 10 1 1 12 10 1 100 12 10 1 100 1 12 10 1 1 12 10 1 12 9 1 12 10 1 12 9 1 100 1 8 1 12 10 1 100 1 1 12 10 12 9 12 9 12 9 12 9 12 9 1 100 1 12 10 1 1 7 1 12 10 1 1 7 1 12 10 1 1 12 10 1 7 1 12 10 1 1 7 1 12 10 1 12 9 12 9 1 100 1 1 12 11 1 1 12 10 1 7 12 10 1 1 1 1 12 9 12 9 12 10 1 100 1 12 10 1 12 10 12 10 1 12 10 12 9 1 7 12 9 1 12 10 1 1 1 12 9 1 100 10 12 10 1 100 12 9 12 9 1 1 12 10 1 12 10 12 10 1 12 10 1 12 10 1 12 10 12 10 12 10 1 100 1 12 10 12 10 1 12 10 1 12 10 1 7 12 10 1 12 10 1 100 1 12 10 1 12 9 1 1 12 9 1 1 12 9 1 1 12 9 12 9 1 100 1 12 10 12 9 1 100 1 12 11 1 12 10 10 1 12 11 10 1 12 9 1 100 10 12 9 1 12 9 1 7 1 1 12 10 12 9 1 7 12 9 1 12 10 9 1 12 10 12 9 1 8 1 12 10 1 12 9 1 12 9 1 100 1 12 11 12 9 1 1 12 10 1 100 12 9 12 9 1 12 10 12 10 1 1 1 12 9 1 12 9 1 1 1 1 1 12 11 1 16 12 10 15 1 16 1 7 1 1 12 10 15 1 1 12 18 12 10 15 1 16 18 12 10 15 1 16 18 1 100 1 12 10 1 100 1 100 1 12 10 1 100 1 100 1 12 10 1 12 10 1 100 1 100 10 1 12 10 1 12 9 1 1 100 10 12 9 1 7 1 12 9 1 100 1 12 11 1 12 9 1 100 1 12 10 12 9 1 12 10 1 12 9 1 100 1 12 11 1 12 9 12 9 1 12 10 1 100 1 100 1 12 9 1 12 10 1 12 9 1 1 1 12 10 1 7 1 12 10 1 100 1 12 9 1 12 9 12 9 1 1 12 9 1 12 9 1 100 12 9 1 100 1 1 12 10 1 12 9 1 100 11 1 1 100 10 1 12 9 1 100 1 7 1 8 1 12 10 1 12 10 1 12 10 1 12 10 1 100 1 12 10 12 10 1 7 1 12 10 1 100 1 12 10 12 9 1 8 1 100 1 12 10 1 100 12 9 1 1 12 11 1 100 1 12 11 1 1 12 11 12 9 11 1 12 10 1 12 10 1 12 9 1 12 10 1 7 1 12 10 12 9 1 100 1 12 10 1 7 1 12 10 12 10 1 1 100 12 9 1 12 10 12 10 1 1 12 10 9 12 9 1 100 1 100 1 1 12 10 1 100 12 10 1 12 10 1 100 1 12 10 12 9 1 1 12 9 1 100 1 12 11 1 100 1 12 10 1 1 1 12 9 1 100 12 11 12 9 1 1 12 9 1 100 1 12 10 1 1 12 11 12 9 12 10 1 8 1 100 1 1 12 10 15 1 12 18 12 10 1 8 18 1 12 10 1 12 10 16 1 12 10 15 16 1 12 18 1 1 12 10 1 1 100 12 9 1 1 12 10 12 10 12 10 1 12 10 1 1 1 1 12 10 1 1 1 100 1 12 10 1 12 9 1 100 9 1 1 12 9 1 100 1 12 10 1 100 1 12 9 12 10 1 12 9 1 12 10 1 12 11 1 12 10 12 10 1 1 1 8 1 100 1 100 16 12 10 15 1 16 1 12 18 10 1 12 10 1 12 10 1 12 10 1 12 10 1 1 1 12 10 1 100 12 10 1 12 10 1 12 10 15 1 16 1 12 18 1 12 10 1 100 1 12 10 1 12 9 1 12 10 1 12 10 15 16 18 12 10 12 10 1 100 1 12 10 1 8 1 12 10 1 100 1 12 11 1 12 10 1 12 10 10 1 12 10 10 10 10 10 10 10 10 10 1 100 1 100 12 11 1 100 1 12 10 1 12 10 11 1 100 1 12 10 12 10 1 100 9 1 100 1 1 12 10 1 1 12 10 1 100 1 12 10 9 1 12 11 1 12 11 12 11 1 1 7 1 12 10 10 1 7 10 1 12 10 12 9 12 9 1 7 12 10 1 7 12 9 12 9 1 7 10 12 9 1 7 10 12 9 12 9 1 7 1 12 9 1 7 10 1 12 10 9 1 7 1 12 9 1 7 12 9 1 7 1 12 9 1 7 10 12 9 12 9 12 9 16 12 10 15 16 1 12 18 1 8 1 12 10 1 7 10 12 9 1 7 10 12 9 1 100 10 12 9 1 100 10 12 9 12 10 15 16 18 1 8 1 7 1 12 10 15 16 1 12 18 1 8 12 9 1 8 1 12 10 12 9 12 10 9 1 100 10 12 9 12 10 1 100 1 12 10 12 10 15 16 18 1 8 12 9 12 10 15 1 16 1 12 18 1 8 12 10 15 16 18 1 8 12 10 15 16 18 1 8 12 10 15 16 18 1 8 1 7 12 9 1 1 12 9 1 12 9 1 100 1 8 1 100 12 9 1 12 9 1 100 11 1 12 10 1 12 10 10 12 9 1 8 12 10 12 10 16 12 10 15 1 12 18 1 100 11 1 1 1 1 1 1 1 1 1 1
staticfield com/android/tools/r8/graph/y W Z 1
ciInstanceKlass com/android/tools/r8/graph/I0 0 0 375 1 8 1 1 100 1 100 1 100 1 100 1 100 1 100 1 100 1 100 1 100 1 1 100 1 100 1 1 100 1 100 1 1 100 1 100 1 1 1 1 1 12 10 12 9 1 1 12 9 1 100 1 100 1 8 1 100 1 1 12 10 15 1 12 18 1 12 10 1 1 100 1 100 1 1 12 11 1 12 10 1 1 12 11 1 100 1 1 12 11 1 1 12 11 1 100 1 1 12 10 12 9 1 1 12 9 1 1 12 10 1 12 10 1 1 12 10 1 1 12 10 1 1 12 10 1 1 12 10 1 12 10 1 12 10 1 1 12 10 1 12 10 1 1 12 10 1 100 1 1 12 10 1 1 12 9 1 12 11 1 1 12 10 1 12 11 12 10 1 1 12 10 1 1 16 15 1 16 1 100 1 1 12 10 15 1 1 12 18 1 100 1 1 12 10 15 18 15 1 16 18 15 1 16 18 15 1 16 18 1 12 10 15 1 16 18 15 1 16 18 1 12 10 15 1 16 18 1 16 1 12 10 15 16 1 1 12 18 1 12 10 1 12 10 15 18 1 12 10 15 18 1 1 12 9 1 12 10 1 1 1 100 1 12 10 1 1 100 1 12 11 1 1 100 1 12 9 1 1 12 9 16 1 12 10 15 1 16 1 12 18 1 12 10 1 1 1 12 9 12 10 1 8 1 12 18 1 1 1 1 1 100 1 12 9 1 1 100 1 12 11 1 100 12 11 1 12 10 1 100 1 1 12 10 1 100 1 1 12 10 1 1 16 12 10 15 12 18 1 1 1 1 1 1 100 1 12 10 1 1 1 1 1 1 1 100 1 8 1 1 12 10 1 1
ciInstanceKlass com/android/tools/r8/internal/re 1 1 69 1 8 1 1 100 1 7 1 1 1 12 10 1 1 1 1 100 1 100 1 1 12 9 1 100 1 1 12 10 1 8 1 100 1 1 12 10 15 1 12 18 1 12 10 1 1 1 100 1 1 12 9 1 12 10 1 8 18 1 1 100 1 12 10 1 1 1 1
ciInstanceKlass com/android/tools/r8/internal/AS 1 1 46 1 8 1 1 100 1 7 1 1 1 12 10 1 1 1 100 1 1 12 9 1 1 12 10 1 8 1 100 1 1 12 10 15 1 12 18 1 1 1 100 1 1 1 1 1
ciInstanceKlass com/android/tools/r8/graph/c0 0 0 53 1 8 1 1 100 1 100 1 100 1 100 1 1 1 100 1 1 12 10 1 1 1 1 100 1 8 1 1 12 10 1 1 1 8 1 1 1 8 1 1 1 8 1 1 1 8 1 1 1 8 1 1
instanceKlass com/android/tools/r8/internal/AS
instanceKlass com/android/tools/r8/internal/re
instanceKlass com/android/tools/r8/internal/O80
ciInstanceKlass com/android/tools/r8/internal/rd 1 1 253 1 8 1 1 7 1 7 1 7 1 1 1 1 1 1 1 1 1 12 10 1 7 10 12 9 12 9 1 7 1 12 9 1 12 10 1 100 10 1 7 10 12 9 1 1 12 10 1 1 7 1 1 12 11 1 7 1 100 1 1 12 11 1 1 7 1 1 12 10 1 1 1 1 1 7 1 1 12 11 10 1 100 1 12 10 1 8 1 100 1 1 12 10 15 1 12 18 1 1 12 11 1 100 16 1 12 10 15 1 16 1 7 1 1 12 10 15 1 1 12 18 1 1 12 11 1 100 1 1 7 10 1 1 12 11 1 7 1 1 12 11 1 7 1 12 11 1 12 11 1 1 12 10 1 100 1 8 1 12 10 1 1 100 1 12 10 16 1 12 10 15 1 16 1 12 18 1 12 10 12 10 12 10 15 1 16 1 12 18 1 12 11 1 1 100 1 12 10 1 12 11 1 100 1 1 12 11 12 10 11 1 100 1 12 11 12 10 1 12 11 1 100 1 12 11 1 12 11 1 12 11 1 1 12 9 12 10 1 12 11 1 12 11 1 12 10 1 1 1 1 1 1
staticfield com/android/tools/r8/internal/rd c Z 1
ciInstanceKlass com/android/tools/r8/internal/O80 1 1 227 1 8 1 1 7 1 7 1 1 1 1 1 1 1 7 1 1 12 10 1 7 1 1 12 10 1 100 1 7 1 1 12 11 1 1 12 11 1 7 1 7 1 12 9 1 16 1 12 10 15 1 16 1 7 1 1 12 10 15 1 1 12 18 1 1 12 10 1 12 10 1 12 10 12 9 1 1 16 1 12 10 15 12 18 12 9 1 100 10 1 100 1 100 1 1 12 9 1 100 1 12 10 1 100 1 1 12 10 1 1 12 9 1 100 11 1 100 1 1 12 10 1 1 12 10 1 100 1 12 10 1 1 12 9 1 100 1 12 10 1 12 9 1 100 10 1 1 12 10 1 1 12 10 1 1 12 11 1 100 1 100 1 12 10 1 100 1 1 12 10 1 100 1 12 10 1 12 10 1 12 10 1 1 12 9 1 100 1 12 11 12 11 1 1 7 1 12 10 1 12 10 1 8 1 100 1 1 12 10 15 1 12 18 1 1 100 1 12 9 1 1 1 1 1 1 1
staticfield com/android/tools/r8/internal/O80 e Z 1
instanceKlass com/android/tools/r8/internal/Yd
instanceKlass com/android/tools/r8/internal/Zd
ciInstanceKlass com/android/tools/r8/internal/ce 1 1 35 1 8 1 1 7 1 7 1 100 1 100 1 100 1 100 1 1 1 1 1 12 10 12 9 1 1 1 1 12 10 1 1 1 1
ciInstanceKlass com/android/tools/r8/graph/k4 1 1 292 1 8 1 1 7 1 7 1 1 1 1 1 1 1 1 1 1 1 1 1 1 1 12 9 1 100 1 12 10 12 9 1 7 1 12 9 1 100 1 12 10 1 100 1 1 12 10 1 100 1 100 12 10 1 12 10 1 12 9 12 9 1 100 1 12 9 1 100 1 12 10 1 100 1 7 1 1 12 9 1 12 10 1 12 9 1 7 1 1 12 10 1 12 9 1 16 1 7 12 10 15 16 1 7 1 1 12 10 15 1 1 12 18 1 7 1 1 12 10 12 9 12 10 15 18 1 12 9 1 7 1 12 10 12 10 15 16 1 12 18 1 7 1 12 10 1 12 9 1 12 9 12 9 1 100 1 1 12 10 1 12 10 1 12 10 12 10 12 10 12 9 1 7 1 12 10 12 10 1 12 10 1 1 12 10 1 12 10 1 7 1 12 10 1 12 10 1 7 1 1 12 10 1 100 1 7 1 100 1 12 10 1 12 10 12 9 1 1 1 12 10 1 1 12 10 1 16 12 10 15 1 16 1 1 12 18 1 100 1 1 12 11 1 10 10 10 1 7 10 1 1 12 10 1 7 1 12 10 1 1 12 9 1 7 1 12 9 1 7 1 1 12 10 1 12 10 1 10 12 10 1 1 7 1 12 10 1 1 1 1 1
staticfield com/android/tools/r8/graph/k4 h Z 1
ciInstanceKlass com/android/tools/r8/ProgramResource 1 1 92 1 8 1 1 100 1 100 1 100 1 7 1 100 1 100 1 1 1 1 1 1 1 12 10 1 1 1 1 1 1 1 1 12 10 1 1 1 1 1 1 1 1 1 1 1 1 100 1 1 12 11 1 100 1 1 12 10 1 100 1 1 12 11 1 12 10 1 1 1 1 1 1 1 1 1 1 1 1 1 1 1 1 100 1 8 1 1 12 10 1 1
ciInstanceKlass com/android/tools/r8/graph/r4 1 1 416 1 8 1 1 7 1 1 7 1 100 1 100 1 7 1 100 1 100 1 7 1 1 1 1 1 1 1 1 1 1 1 1 1 1 12 10 12 9 12 9 12 9 1 1 1 1 1 1 1 1 1 8 1 7 1 1 12 10 1 8 3 1 7 1 12 10 1 12 9 1 100 10 1 7 1 7 1 7 1 12 10 1 12 9 1 7 1 12 10 1 16 1 12 10 15 1 16 1 7 1 1 12 10 15 1 1 12 18 1 12 10 1 1 100 1 7 1 1 12 9 1 7 1 16 1 12 10 15 1 16 1 1 12 18 12 10 1 1 1 12 11 1 1 12 11 1 7 1 100 1 1 12 11 1 7 1 7 1 12 10 1 7 1 12 10 1 1 12 10 1 7 1 1 12 9 1 100 1 12 10 1 1 12 11 1 7 1 7 1 12 11 1 1 12 11 1 12 9 1 12 10 1 12 9 1 12 9 1 12 11 1 100 1 100 1 1 12 10 1 8 1 100 1 1 12 10 15 1 12 18 1 12 10 1 12 9 1 1 12 11 100 1 7 1 12 10 1 1 12 10 1 12 10 1 100 1 7 1 12 10 1 12 10 1 1 12 10 12 10 12 11 11 1 7 1 12 10 1 7 1 1 12 10 3 1 12 10 1 1 12 10 12 9 1 16 12 10 15 1 1 12 18 1 7 1 1 12 9 1 7 1 12 10 1 1 1 1 100 1 8 1 12 10 100 1 7 9 1 1 12 9 1 7 12 10 1 1 12 9 1 100 1 1 12 11 1 7 1 12 10 1 12 10 1 12 9 1 7 1 1 12 9 1 7 1 12 10 1 7 1 100 1 12 10 1 12 9 1 1 12 9 1 12 10 1 12 10 12 9 1 7 1 12 10 1 12 9 1 100 1 12 10 1 7 1 8 1 1 1 1 1 1 1 1 1
staticfield com/android/tools/r8/graph/r4 d [B 4
staticfield com/android/tools/r8/graph/r4 e Z 1
ciInstanceKlass com/android/tools/r8/graph/V 1 1 143 1 8 1 1 7 1 1 7 1 100 1 100 1 100 1 1 100 1 100 1 1 100 1 7 1 1 7 1 100 1 7 1 100 1 1 1 1 1 1 1 1 1 1 12 10 12 9 12 9 1 1 7 1 12 11 1 12 11 1 12 10 1 1 100 10 1 1 12 10 1 1 16 12 10 15 16 1 7 1 1 12 10 15 1 12 18 1 16 1 7 1 1 12 10 15 1 16 1 1 12 18 12 10 12 9 12 10 15 16 18 1 7 1 12 10 15 18 12 9 12 10 15 16 18 1 12 10 15 18 12 9 1 100 12 11 1 1 1 1 1 1 1
staticfield com/android/tools/r8/graph/V d Lcom/android/tools/r8/graph/V; com/android/tools/r8/graph/V
staticfield com/android/tools/r8/graph/V e Lcom/android/tools/r8/graph/V; com/android/tools/r8/graph/V
ciInstanceKlass com/android/tools/r8/graph/O4 1 1 155 1 8 1 1 7 1 1 7 1 100 1 1 1 1 1 12 10 1 12 10 1 1 12 9 3 1 1 12 10 1 1 3 1 1 1 1 1 1 1 12 10 1 1 1 1 1 1 1 12 10 1 1 1 1 1 1 1 100 1 12 10 1 12 9 1 12 10 1 8 1 12 10 1 8 1 8 1 8 1 8 1 8 12 10 12 10 16 12 10 15 1 100 1 1 12 10 15 1 1 12 18 12 10 15 18 12 10 15 18 12 10 15 18 12 10 15 18 12 10 15 18 1 12 10 1 12 9 1 100 12 10 12 10 1 1 10 1 1 3 3 1 1 7 1 12 10 1 1 1 1 1 1 1 1
staticfield com/android/tools/r8/graph/O4 f Z 1
ciInstanceKlass java/util/concurrent/atomic/AtomicReference 1 1 178 10 7 12 1 1 1 9 7 12 1 1 1 9 12 1 1 10 100 12 1 1 1 10 12 1 1 10 12 1 10 12 1 1 10 12 1 1 11 100 12 1 1 1 10 12 1 1 11 100 12 1 1 10 100 12 1 1 1 10 12 1 10 12 1 10 12 1 10 12 1 10 12 1 10 12 1 1 10 12 1 10 12 1 10 12 1 10 12 1 10 12 1 10 7 12 1 1 1 8 10 7 12 1 1 1 100 1 100 1 10 12 1 100 1 1 1 1 5 0 1 1 1 1 1 1 1 1 1 1 1 1 1 1 1 1 1 1 1 1 1 1 1 1 1 1 1 1 1 1 1 1 1 1 1 1 1 1 1 1 1 1 1 1 1 1 1 1 1 1 1 1 1 1 1 1 1 1
staticfield java/util/concurrent/atomic/AtomicReference VALUE Ljava/lang/invoke/VarHandle; java/lang/invoke/VarHandleReferences$FieldInstanceReadWrite
ciInstanceKlass java/util/concurrent/ConcurrentHashMap$TreeNode 1 1 91 10 7 12 1 1 1 9 7 12 1 1 1 10 12 1 1 9 12 1 9 12 1 9 12 1 1 9 12 1 1 10 7 12 1 1 1 10 7 12 1 1 1 10 12 1 1 1 1 1 1 1 1 1 1 1 1 1 1 1 1 1 1 1 1 1 1 1 1 1 1 1 1 1 1 1 1 1 1 1 1 100 1 1 1 1 1 1 1 1 1
ciInstanceKlass java/util/concurrent/ConcurrentHashMap$TreeBin 1 1 281 7 1 10 7 12 1 1 1 10 7 12 1 1 1 10 100 12 1 1 1 10 100 12 1 1 1 10 7 12 1 1 1 9 7 12 1 1 1 9 7 12 1 1 1 9 12 1 9 12 1 9 12 1 9 12 1 1 9 12 1 1 9 12 1 1 10 12 1 1 10 12 1 1 10 12 1 1 10 12 1 1 9 12 1 9 12 1 10 12 1 1 100 1 10 12 1 9 12 1 1 9 12 1 1 10 7 12 1 1 1 10 12 1 9 12 1 10 100 12 1 1 1 9 12 1 1 9 12 1 10 12 1 1 10 100 12 1 1 1 9 9 10 12 1 1 9 10 12 1 1 10 12 1 1 10 12 1 1 10 12 1 9 12 1 10 12 1 10 12 1 10 12 1 10 12 1 10 12 1 10 12 1 1 8 10 12 1 1 8 1 1 1 1 3 1 3 1 3 1 1 1 1 1 1 1 1 1 1 1 1 1 1 1 1 1 1 1 1 1 1 1 1 1 1 1 1 1 1 1 1 1 1 100 1 1 1 1 1 1 1 1 1 1 1 1 1 1 1 1 1 1 1 1 1 1 1 1 1 1 1 1 1 1 1 1 1 1 1 1 1 1 1 1 1 1 1 1 1 1 1
staticfield java/util/concurrent/ConcurrentHashMap$TreeBin LOCKSTATE J 28
staticfield java/util/concurrent/ConcurrentHashMap$TreeBin WAITERTHREAD J 40
staticfield java/util/concurrent/ConcurrentHashMap$TreeBin $assertionsDisabled Z 1
ciInstanceKlass java/util/LinkedList 1 1 346 10 7 12 1 1 1 9 7 12 1 1 1 10 10 12 1 1 9 12 1 1 7 1 10 12 1 9 12 1 9 12 1 9 12 1 9 12 1 9 12 1 1 100 1 10 10 12 1 1 10 12 1 10 12 1 1 10 12 1 10 12 1 1 10 12 1 10 7 12 1 1 1 10 12 1 10 12 1 1 11 7 12 1 1 1 10 12 1 1 10 12 1 10 12 1 1 100 1 10 8 1 10 12 1 1 10 12 1 8 1 10 12 1 1 10 12 1 1 100 1 10 12 1 1 10 12 1 10 12 1 10 12 1 1 10 12 1 10 12 1 10 12 1 10 12 1 10 12 1 7 1 10 12 1 100 1 10 12 1 10 12 1 100 1 100 1 10 12 1 10 12 1 1 10 12 1 1 10 100 12 1 1 10 100 12 1 1 1 100 1 10 100 12 1 1 10 12 1 10 12 1 10 100 12 1 1 10 12 1 1 10 12 1 100 1 10 12 1 100 1 10 12 1 1 11 100 12 1 1 10 12 1 10 12 100 1 100 1 100 1 1 1 1 1 1 5 0 1 1 1 1 1 1 1 1 1 1 1 1 1 1 1 1 1 1 1 1 1 1 1 1 1 1 1 1 1 1 1 1 1 1 1 1 1 1 1 1 1 1 1 1 1 1 1 1 1 1 1 1 1 1 1 1 1 1 1 1 1 1 1 1 1 1 1 1 1 1 1 1 1 1 1 1 1 1 100 1 1 1 100 1 1 1 1 1 1 1 1 1 1 1 1 1 1 1
ciInstanceKlass java/util/LinkedList$ListItr 1 1 134 9 7 12 1 1 1 10 7 12 1 1 1 9 7 12 1 1 1 9 12 1 9 12 1 10 12 1 1 9 12 1 1 9 12 1 10 12 1 10 12 1 1 100 1 10 9 12 1 9 7 1 9 12 1 1 10 12 1 9 12 1 9 12 1 100 1 10 10 12 1 1 10 12 1 1 10 12 1 1 10 100 12 1 1 1 11 100 12 1 1 100 1 10 100 1 1 1 1 1 1 1 1 1 1 1 1 1 1 1 1 1 1 1 1 1 1 1 1 1 1 1 1 1 1 1 1 1 1 1 1 1 1 1
ciInstanceKlass  @bci com/android/tools/r8/graph/k4 a (Ljava/lang/String;)Lcom/android/tools/r8/internal/qu0; 5 <appendix> argL0 ; 1 1 23 1 7 1 7 1 100 1 1 12 10 1 1 1 7 1 7 1 1 12 10 1 1
ciInstanceKlass com/android/tools/r8/internal/yW 1 1 21 1 8 1 1 100 1 100 1 1 1 100 1 1 1 1 1 1 1 1 1
instanceKlass com/android/tools/r8/internal/W10
instanceKlass com/android/tools/r8/internal/It
ciInstanceKlass com/android/tools/r8/internal/Gt 1 1 151 1 8 1 1 7 1 7 1 1 1 1 1 1 1 1 1 1 1 1 1 1 1 12 10 1 1 1 1 1 1 12 10 12 10 1 12 10 1 100 1 100 12 10 12 10 12 10 1 100 10 1 12 10 1 12 10 12 9 12 10 1 100 1 1 12 10 12 10 1 7 1 12 10 1 1 10 1 1 100 1 12 10 12 10 1 100 1 1 12 10 1 12 10 1 100 1 12 10 1 12 10 1 1 12 10 1 100 1 12 9 1 100 12 9 1 100 1 12 10 1 100 1 12 9 10 1 100 1 12 10 1 100 1 12 10 1 12 10 12 9 1 1 7 1 12 10 1 1 1 1
staticfield com/android/tools/r8/internal/Gt a Z 1
instanceKlass com/android/tools/r8/internal/Ht
instanceKlass com/android/tools/r8/internal/wv
ciInstanceKlass com/android/tools/r8/internal/It 1 1 220 1 8 1 1 7 1 7 1 1 1 1 1 1 1 1 1 1 1 12 10 12 9 1 100 10 1 7 12 9 1 1 1 1 1 12 10 1 12 10 1 100 1 1 12 10 1 100 1 1 12 10 1 100 1 12 10 1 12 10 1 1 7 1 1 12 10 1 100 12 9 1 100 12 9 1 7 1 1 12 10 1 1 12 10 1 100 1 12 9 1 1 12 10 1 100 1 12 10 1 100 1 12 10 12 10 1 1 7 1 12 10 1 12 10 1 12 10 1 1 12 10 12 9 1 1 1 12 10 1 12 10 12 10 10 1 12 10 1 1 1 1 1 12 10 1 100 12 10 1 12 10 1 12 10 1 12 10 1 100 1 12 10 1 1 12 10 12 10 1 10 12 10 1 1 12 10 1 1 1 8 1 12 10 1 8 1 8 1 8 1 8 1 100 1 1 12 10 15 1 12 18 1 1 12 10 12 10 1 12 10 1 12 10 1 1 1 1 1 1
staticfield com/android/tools/r8/internal/It c Lcom/android/tools/r8/internal/It; com/android/tools/r8/internal/It
staticfield com/android/tools/r8/internal/It d Lcom/android/tools/r8/internal/It; com/android/tools/r8/internal/It
staticfield com/android/tools/r8/internal/It e Lcom/android/tools/r8/internal/It; com/android/tools/r8/internal/It
staticfield com/android/tools/r8/internal/It f Z 1
instanceKlass com/android/tools/r8/internal/KZ
instanceKlass com/android/tools/r8/internal/Kj
ciInstanceKlass com/android/tools/r8/internal/HX 1 1 96 1 8 1 1 7 1 1 7 1 100 1 1 1 1 1 1 1 1 1 1 1 1 1 1 1 1 1 1 1 1 1 1 1 1 1 1 1 1 1 1 1 1 1 1 1 1 1 1 12 9 1 12 10 1 100 1 12 10 1 100 1 1 12 10 1 1 1 1 1 1 1 1 1 10 1 1 7 1 12 10 1 1 1 1 1 1 100 1 8 1 1 12 10 1 1
staticfield com/android/tools/r8/internal/HX a Z 1
ciInstanceKlass com/android/tools/r8/internal/Kj 1 1 128 1 8 1 1 7 1 7 1 1 1 1 1 1 1 1 1 1 7 1 1 12 9 1 1 1 100 1 12 9 1 1 1 100 1 12 9 1 1 1 100 1 1 12 10 1 1 12 9 1 1 100 1 12 9 1 1 1 1 1 1 1 1 1 1 1 1 1 1 1 7 1 12 9 1 7 1 12 9 1 1 1 1 1 100 1 12 9 1 1 1 1 1 1 1 100 1 12 9 1 1 1 1 1 1 1 7 1 1 12 10 1 10 1 10 12 9 1 7 12 9 1 7 12 9 1 1 1
staticfield com/android/tools/r8/internal/Kj b Lcom/android/tools/r8/internal/Kj; com/android/tools/r8/internal/Kj
staticfield com/android/tools/r8/internal/Kj c Lcom/android/tools/r8/internal/Yf0; com/android/tools/r8/internal/Yf0
instanceKlass com/android/tools/r8/graph/P4
instanceKlass com/android/tools/r8/graph/S4
ciInstanceKlass com/android/tools/r8/graph/R4 1 1 109 1 8 1 1 7 1 7 1 1 1 1 7 1 1 12 9 1 7 1 1 12 10 1 1 1 1 1 1 1 1 1 16 1 12 10 15 1 16 1 7 1 1 12 10 15 1 1 12 18 12 10 1 1 16 12 10 15 16 1 1 12 18 12 10 12 10 15 18 1 1 1 1 1 1 1 1 1 1 1 1 1 1 1 1 1 1 12 10 1 7 12 11 1 7 1 1 12 11 1 7 1 12 9 1 1 1 1 1
ciInstanceKlass com/android/tools/r8/graph/S4 1 1 411 1 8 1 1 7 1 7 1 1 1 1 1 1 1 100 1 1 12 10 1 16 1 12 10 15 1 16 1 7 1 1 12 10 15 1 1 12 18 1 12 10 1 12 10 1 7 1 1 1 12 9 1 7 1 1 12 10 1 7 12 11 1 1 7 1 1 12 10 1 7 1 7 1 12 10 1 7 1 1 12 11 1 1 12 9 1 12 11 1 1 1 7 1 1 12 11 1 7 1 12 11 1 16 1 1 12 10 15 16 1 1 12 18 1 7 1 12 10 1 1 12 10 15 18 1 12 9 1 8 1 8 1 100 1 8 1 100 1 1 12 10 15 1 12 18 1 1 100 1 7 1 12 11 1 12 11 12 11 1 1 12 11 1 1 12 11 1 7 11 1 7 1 12 11 1 7 12 10 1 7 1 12 9 1 16 12 10 15 1 12 18 1 12 10 15 18 1 1 7 1 12 9 1 7 1 12 10 1 12 11 1 1 1 12 10 1 7 1 1 12 10 12 10 1 1 12 11 12 10 12 9 1 100 10 12 10 1 12 10 1 1 12 11 1 100 1 12 10 1 1 16 12 10 15 16 1 1 12 18 1 1 12 11 1 1 12 11 1 1 12 9 1 100 10 1 7 1 12 10 100 1 100 12 10 15 1 12 18 1 7 1 12 9 1 12 10 12 10 15 18 1 1 100 12 10 10 1 1 12 10 1 16 1 12 10 15 1 16 1 12 18 1 12 11 1 12 10 15 1 12 18 1 1 100 12 10 1 12 10 15 1 16 1 12 18 12 10 12 10 15 18 12 10 1 100 1 12 10 12 10 10 10 1 12 10 12 10 12 10 1 100 1 12 9 12 10 1 1 1 12 10 1 12 10 1 12 10 10 12 10 1 100 1 12 9 12 10 12 10 1 1 7 1 12 10 1 1 1 1 1
staticfield com/android/tools/r8/graph/S4 c Z 1
ciInstanceKlass com/android/tools/r8/graph/P4 1 1 307 1 8 1 1 7 1 7 1 1 1 1 1 1 1 12 9 1 12 9 1 1 8 1 1 1 1 1 100 1 7 1 1 12 11 1 7 1 12 10 1 7 1 12 9 1 1 7 1 1 12 10 1 7 1 7 1 12 10 1 1 7 1 12 11 1 7 1 7 1 1 12 10 1 1 12 11 1 7 1 12 11 1 1 12 11 12 9 1 1 12 10 1 12 9 1 1 16 12 10 15 16 1 100 1 1 12 10 15 1 1 12 18 1 100 1 7 1 12 10 12 11 1 12 9 1 100 1 12 10 1 100 1 12 10 12 10 15 18 1 1 100 1 12 10 1 100 1 1 12 11 1 12 10 1 1 12 10 1 1 100 1 12 10 1 1 7 1 1 12 10 1 12 10 1 100 1 100 1 12 10 12 10 1 100 1 12 10 1 1 12 10 12 10 12 10 1 100 1 12 9 1 12 10 1 1 100 1 12 10 1 12 10 15 16 1 12 18 1 100 1 12 9 1 12 10 10 1 12 10 16 1 100 1 12 10 15 16 1 1 12 18 10 1 12 10 1 1 100 1 12 10 15 18 1 1 16 1 12 10 15 1 16 1 12 18 1 12 10 12 10 15 18 1 1 12 10 10 11 1 12 10 1 8 1 100 1 1 12 10 15 1 12 18 12 10 1 1 7 1 12 10 1 1 1 1 1
staticfield com/android/tools/r8/graph/P4 c Z 1
ciInstanceKlass com/android/tools/r8/graph/Q4 1 1 331 1 8 1 1 7 1 7 1 100 1 1 1 1 1 1 1 1 1 1 100 1 1 12 11 12 9 1 1 12 10 1 100 1 1 12 11 1 100 1 1 12 10 1 100 1 12 10 1 1 12 10 1 7 1 12 10 12 9 1 7 12 10 1 12 9 1 100 1 12 10 1 100 1 1 12 11 1 1 1 12 10 1 1 1 1 1 1 7 1 12 9 12 10 12 10 1 1 12 10 1 1 12 10 1 1 100 1 12 10 1 100 1 12 10 1 100 16 12 10 15 1 16 1 7 1 1 12 10 15 1 12 18 1 12 9 12 9 1 12 10 1 1 100 1 1 12 10 1 100 11 11 12 10 1 12 10 15 16 1 12 18 1 12 10 1 100 12 10 1 100 1 1 12 10 1 100 1 12 9 1 1 12 10 1 100 1 1 12 10 1 100 10 1 8 1 100 1 1 12 10 15 1 12 18 1 12 10 1 1 100 1 12 10 1 12 10 16 1 100 1 1 12 11 15 16 1 1 12 18 1 12 10 15 1 16 1 12 18 1 100 1 1 12 11 1 1 12 10 1 1 100 1 12 10 15 1 16 18 10 12 10 15 1 12 18 1 12 10 1 10 1 12 10 1 100 1 12 9 1 100 1 12 9 1 1 7 1 12 11 1 7 12 11 1 1 7 1 12 10 12 10 15 1 12 18 12 10 12 10 15 18 1 12 10 12 10 15 18 12 10 1 1 1 1 1 1 1 1 1 1
staticfield com/android/tools/r8/graph/Q4 d Z 1
ciInstanceKlass com/android/tools/r8/internal/d40 1 1 282 1 8 1 1 7 1 7 1 100 1 100 1 100 1 100 1 100 1 1 1 1 1 1 1 1 1 1 1 1 1 1 1 1 1 1 1 1 1 1 4 6 0 1 1 12 11 1 7 1 1 12 10 12 9 1 12 10 12 9 1 100 1 1 12 10 1 12 10 5 0 1 1 12 10 5 0 1 12 10 12 10 1 1 12 9 12 9 1 12 10 1 12 10 12 9 1 1 12 10 100 12 9 12 9 12 9 12 9 5 0 5 0 12 9 1 1 1 12 10 1 12 10 1 1 1 1 1 1 100 1 1 12 10 1 1 5 0 1 1 1 100 1 12 10 1 1 1 100 12 10 1 100 1 1 12 10 1 1 12 9 1 7 1 12 10 1 1 12 9 1 100 10 1 1 1 100 10 1 1 1 1 12 10 12 9 10 10 1 100 1 100 10 12 10 12 10 1 1 7 10 12 11 1 100 1 1 12 11 1 100 1 12 11 1 100 1 12 9 12 9 12 10 1 100 1 12 11 1 12 11 1 100 1 1 12 10 1 1 1 100 1 8 1 12 10 1 100 12 9 10 1 8 1 1 12 10 10 1 8 1 100 1 1 12 10 1 8 1 8 12 10 10 1 100 1 8 10 1 1 1 1
ciInstanceKlass com/android/tools/r8/graph/E2 1 1 37 1 8 1 1 7 1 7 1 1 1 1 1 12 10 12 9 1 1 1 7 1 12 10 1 1 1 7 1 12 10 1 1 1 1 1 1
ciInstanceKlass com/android/tools/r8/graph/m1 1 1 89 1 8 1 1 7 1 7 1 100 1 1 1 1 1 1 1 16 1 12 10 15 1 16 1 100 1 1 12 10 15 1 1 12 18 1 100 1 1 12 10 1 12 10 15 1 16 18 1 1 1 12 10 12 9 12 9 1 1 16 12 10 15 12 18 1 1 1 7 1 12 11 1 1 1 7 1 1 12 10 1 1 1 1 1 1 1 1 1
instanceKlass com/android/tools/r8/graph/F2
instanceKlass com/android/tools/r8/graph/E2
ciInstanceKlass com/android/tools/r8/graph/G2 1 1 137 1 8 1 1 7 1 7 1 100 1 100 1 100 1 1 1 1 12 10 1 1 1 16 1 12 10 15 1 16 1 100 1 1 12 10 15 1 1 12 18 1 100 1 1 12 10 1 12 10 15 1 16 18 1 1 16 12 10 15 12 18 1 1 1 1 12 10 1 1 1 7 1 1 12 10 1 1 1 100 10 1 100 1 1 12 10 1 100 1 12 10 1 1 12 10 1 8 1 12 10 1 8 1 12 10 1 8 1 1 12 9 1 100 1 12 9 1 8 12 10 1 1 1 1 1 1 1 100 1 8 1 1 12 10 1 1
staticfield com/android/tools/r8/graph/G2 b I 0
ciInstanceKlass com/android/tools/r8/internal/Yd 1 1 165 1 8 1 1 7 1 7 1 1 1 1 1 1 1 1 1 12 10 12 9 12 9 12 9 1 1 1 7 1 12 9 1 100 1 1 12 11 1 100 1 100 1 1 12 11 1 7 1 1 12 9 1 7 1 1 12 10 1 7 1 1 12 11 1 7 1 12 10 1 7 1 1 12 11 1 7 1 1 12 11 1 12 10 1 100 1 100 1 100 1 8 1 100 1 1 12 10 15 1 12 18 1 12 10 1 1 1 12 11 1 100 1 12 10 1 12 11 1 100 1 1 12 11 1 100 1 1 12 11 1 1 12 11 1 100 1 12 9 1 100 1 12 9 1 100 1 12 10 1 1 12 10 1 100 10 1 8 18 1 1 1 1 1 1
ciInstanceKlass com/android/tools/r8/synthesis/E 1 1 1342 1 8 1 1 7 1 7 1 100 1 7 1 100 1 7 1 100 1 100 1 100 1 7 1 100 1 1 100 1 7 1 1 100 1 7 1 1 1 1 1 1 1 1 1 1 1 1 1 1 12 9 1 7 1 12 10 1 7 1 1 12 10 1 7 1 7 1 1 12 10 1 1 12 10 1 100 1 12 9 1 7 1 1 12 11 12 9 1 12 9 1 7 1 1 12 10 1 7 9 1 1 7 1 1 12 11 1 7 1 7 1 12 11 1 100 1 7 1 16 1 12 10 15 16 1 7 1 1 12 10 15 1 1 12 18 1 100 12 11 1 1 12 10 1 1 12 11 1 12 10 1 7 1 1 12 11 1 1 12 10 1 16 1 12 10 15 1 16 1 1 12 18 1 7 12 11 1 7 1 12 10 1 7 1 100 1 12 10 1 1 12 10 1 12 10 12 10 1 7 1 100 12 9 1 12 10 1 100 1 12 10 16 1 12 10 15 1 16 1 12 18 1 1 12 10 1 1 12 10 1 7 1 12 10 1 12 9 1 7 1 12 10 1 100 12 10 1 100 1 1 12 9 1 12 10 1 7 1 12 10 1 12 10 1 7 1 12 10 1 12 9 1 12 9 1 100 1 12 10 1 100 12 10 1 7 1 12 10 1 7 12 10 1 12 10 1 1 12 10 1 8 1 12 10 1 12 10 15 18 1 12 10 1 7 12 10 1 100 1 1 12 10 1 8 1 100 10 1 100 1 12 10 1 12 10 1 7 1 12 9 12 10 12 9 1 12 11 12 11 1 7 1 12 9 10 1 8 1 12 9 12 9 1 1 12 10 1 12 10 1 7 1 12 10 1 12 10 15 16 1 12 18 1 12 11 1 12 10 1 7 1 1 12 10 1 7 11 11 1 7 1 12 10 1 7 1 12 10 10 1 1 12 9 1 12 9 1 100 1 12 11 12 10 1 1 100 1 1 12 11 1 12 9 9 12 10 1 16 1 12 10 15 16 1 12 18 1 100 1 12 10 1 1 100 1 12 10 1 12 9 1 16 1 12 10 15 1 16 1 12 18 1 7 1 1 12 11 12 9 12 10 15 18 12 9 10 12 10 1 12 10 1 7 10 1 100 1 1 12 11 1 12 11 1 100 11 11 12 10 1 1 12 10 12 10 15 1 16 1 12 18 1 100 1 12 10 1 1 100 1 16 10 15 1 12 18 12 10 1 12 10 11 1 12 10 1 8 1 100 1 1 12 10 15 1 12 18 12 10 1 100 1 12 10 15 1 16 1 12 18 12 9 1 1 7 1 12 9 1 12 10 15 1 12 18 1 10 10 12 10 15 18 1 1 1 12 11 10 1 12 9 1 12 10 1 8 1 12 18 1 1 100 12 10 12 10 1 11 12 10 1 12 10 1 12 10 1 12 10 1 1 1 12 9 1 1 12 9 1 100 1 100 1 12 10 1 12 9 1 1 12 9 1 12 9 12 9 1 12 11 1 16 12 10 15 16 1 12 18 12 10 1 1 100 10 1 12 9 1 12 10 12 9 1 12 10 1 1 8 1 100 1 12 10 1 12 10 1 100 12 9 1 100 10 12 9 1 12 10 12 9 1 12 10 1 12 10 1 12 10 1 1 100 1 7 10 1 12 10 15 1 16 1 12 18 1 12 10 16 12 10 15 1 12 18 1 100 1 12 10 1 1 1 12 10 11 1 12 10 1 12 10 15 1 16 1 12 18 1 1 100 10 10 1 1 12 10 11 12 10 1 12 10 1 100 1 12 11 1 12 10 1 100 1 1 12 10 1 12 10 15 1 16 18 1 100 1 12 10 1 12 10 1 100 1 12 10 1 100 9 1 100 10 1 12 10 15 1 16 1 12 18 1 12 10 1 1 1 12 9 12 10 15 18 1 1 12 10 12 10 15 1 12 18 1 100 12 11 1 1 7 12 9 9 12 9 10 10 1 12 11 1 1 12 9 1 12 10 10 12 9 1 12 9 1 100 10 1 7 1 12 10 12 10 1 12 10 15 1 16 1 12 18 12 11 1 12 10 1 12 9 1 12 9 1 12 10 1 100 1 12 10 12 9 1 12 10 1 12 10 1 100 1 12 9 1 12 10 1 12 10 1 1 12 10 1 1 12 10 1 100 1 12 10 1 12 10 1 12 10 1 12 10 1 1 7 9 12 10 1 12 10 15 1 16 1 12 18 12 10 12 9 1 12 10 1 12 10 1 12 10 15 1 12 18 12 10 11 12 10 1 1 12 11 1 7 1 12 9 1 8 1 12 10 1 12 10 1 1 12 9 1 7 10 1 12 10 1 12 10 12 9 12 10 1 100 1 12 10 1 1 100 12 10 12 10 9 1 12 10 1 12 9 1 9 1 12 10 1 100 1 8 1 12 10 1 1 12 10 1 12 10 12 10 12 9 1 100 1 12 10 1 100 1 12 10 1 12 10 1 12 10 12 9 1 12 9 1 100 1 12 10 1 12 10 15 16 1 12 18 1 100 1 12 10 1 100 1 12 10 15 1 16 1 12 18 11 11 1 12 10 15 1 16 18 1 1 7 1 12 10 1 8 1 8 1 12 18 1 12 10 1 12 10 15 18 1 100 1 12 10 1 1 12 10 1 100 1 12 9 1 1 12 10 1 100 1 1 12 10 1 100 1 12 10 1 12 10 1 12 9 1 1 12 10 1 12 10 1 1 12 9 12 9 1 12 10 1 100 1 12 10 1 100 9 1 12 9 1 100 1 12 10 1 100 1 100 10 1 12 11 1 12 10 1 100 1 1 12 10 10 12 10 1 12 9 1 12 10 1 12 9 1 12 10 1 12 10 1 12 10 1 12 10 10 11 1 100 1 12 9 1 100 1 12 9 1 12 10 1 12 10 1 12 9 12 9 1 100 12 9 1 100 1 12 10 1 100 1 12 10 11 12 9 1 1 7 1 12 11 1 8 18 1 10 12 10 15 1 12 18 12 10 15 1 16 1 12 18 1 1 12 11 11 1 1 1 1 1 1 1
staticfield com/android/tools/r8/synthesis/E g Z 1
ciInstanceKlass com/android/tools/r8/graph/a6 1 0 16 1 8 1 1 100 1 100 1 1 1 1 1 1 1 1
instanceKlass com/android/tools/r8/synthesis/N
instanceKlass com/android/tools/r8/synthesis/n
ciInstanceKlass com/android/tools/r8/synthesis/t 1 1 172 1 8 1 1 7 1 7 1 100 1 100 1 1 1 1 1 1 1 1 1 12 10 12 9 1 100 10 1 100 12 9 12 9 1 1 100 1 1 12 11 1 100 1 1 100 1 12 10 1 1 1 12 9 1 1 7 1 1 12 10 1 1 1 1 100 1 1 1 1 1 1 1 1 12 10 12 10 1 100 1 1 12 10 1 12 10 1 100 1 12 11 1 12 10 1 100 1 100 1 12 9 1 1 12 10 9 1 100 1 12 10 1 12 9 1 1 12 11 1 100 1 1 12 10 1 12 10 1 12 10 1 16 12 10 15 16 1 100 1 1 12 10 15 1 12 18 1 100 12 10 15 1 12 18 12 10 15 1 16 1 12 18 1 12 10 1 1 1 1 1 1
staticfield com/android/tools/r8/synthesis/t c Z 1
ciInstanceKlass com/android/tools/r8/synthesis/q 0 0 103 1 8 1 1 100 1 100 1 100 1 100 1 100 1 1 1 1 12 10 1 1 1 1 1 1 12 9 1 100 1 100 1 12 10 1 12 10 1 12 9 1 100 1 12 10 1 1 100 12 11 1 1 1 1 12 9 1 100 1 12 10 1 100 1 12 9 1 12 9 1 8 1 100 1 1 12 10 15 1 12 18 1 1 12 11 1 1 1 100 1 1 12 10 1 12 10 1 1 1 1 1 1
ciInstanceKlass com/android/tools/r8/synthesis/Y 1 0 13 1 8 1 1 100 1 100 1 1 1 1 1
ciInstanceKlass com/android/tools/r8/synthesis/F 1 1 112 1 8 1 1 7 1 7 1 7 1 100 1 100 1 1 1 1 1 1 12 10 1 7 10 12 9 1 1 7 1 1 12 10 12 9 1 1 1 12 10 1 1 12 10 1 100 1 1 12 9 1 100 1 1 12 11 1 100 1 100 1 100 1 100 1 12 11 1 1 12 11 1 100 1 100 1 1 12 10 1 1 12 10 1 100 1 1 12 10 1 12 10 1 12 10 1 12 10 1 1 12 10 1 100 10 1 1 1 1 1 1
staticfield com/android/tools/r8/synthesis/F b Z 1
ciInstanceKlass com/android/tools/r8/internal/V6 1 1 50 1 8 1 1 7 1 7 1 1 1 1 1 12 10 12 9 1 1 12 10 1 1 12 10 1 100 1 12 11 12 9 12 10 1 1 1 1 12 10 1 100 1 1 12 10 1 1 1 1
instanceKlass com/android/tools/r8/internal/CK
instanceKlass com/android/tools/r8/internal/KK
instanceKlass com/android/tools/r8/internal/AK
ciInstanceKlass com/android/tools/r8/internal/zK 1 1 559 1 8 1 1 7 1 7 1 100 1 7 1 7 1 1 1 1 1 1 1 1 1 1 1 12 9 1 7 1 1 12 9 1 7 1 1 12 9 1 1 1 1 1 7 1 12 10 1 1 12 10 12 10 1 1 12 10 1 12 10 1 8 1 100 1 1 12 10 15 1 12 18 1 1 12 10 1 1 7 1 1 12 10 1 100 12 10 1 12 10 1 1 7 1 12 10 1 1 12 10 12 10 1 7 1 12 10 1 7 1 12 10 1 7 1 12 10 1 7 1 1 12 10 1 7 1 12 10 1 12 10 1 1 12 9 1 7 1 12 9 1 7 1 1 12 11 1 7 1 12 11 1 12 10 1 1 12 10 1 7 12 9 1 7 1 12 9 1 12 10 1 12 10 1 1 12 10 1 12 10 1 7 1 7 1 12 10 1 12 9 1 12 10 1 100 12 9 1 100 1 1 12 11 1 12 9 1 12 10 1 100 1 12 10 12 10 1 100 1 12 10 1 1 12 10 1 100 1 1 12 10 1 7 1 12 10 1 100 1 12 10 1 1 12 10 1 100 1 12 10 1 7 1 1 12 10 1 100 1 12 10 1 12 10 1 100 1 12 10 1 100 9 1 12 10 12 10 1 12 10 1 12 10 1 100 12 10 1 12 10 1 16 1 12 10 15 1 16 1 100 1 1 12 10 15 1 1 12 18 1 12 10 15 16 1 12 18 1 12 10 1 1 12 10 1 7 1 12 11 1 12 9 1 7 1 1 12 10 1 1 12 10 1 1 12 10 1 7 1 12 10 1 1 100 1 12 10 12 10 1 12 10 1 12 10 1 1 1 1 1 100 1 12 10 1 12 9 1 12 10 1 100 1 1 12 10 1 100 1 7 1 12 9 1 12 10 1 12 9 1 7 1 12 10 1 12 10 1 1 12 10 1 7 1 12 9 1 7 1 7 1 12 9 1 7 1 12 10 1 12 9 1 7 10 1 12 9 1 7 10 1 12 9 1 7 10 1 12 9 1 7 10 1 12 9 1 7 10 1 12 9 1 7 10 1 12 9 1 7 10 1 7 1 12 10 1 12 10 1 1 12 10 1 1 12 10 1 12 10 1 100 1 12 10 1 1 12 10 1 1 100 1 12 10 1 100 1 100 1 8 1 12 18 1 12 10 1 100 1 100 12 10 1 100 1 12 10 1 100 10 10 1 100 10 1 100 1 12 11 1 100 1 12 10 1 1 7 1 12 10 1 1 1 1 1 1 1 1
staticfield com/android/tools/r8/internal/zK m Z 1
ciInstanceKlass com/android/tools/r8/internal/e20 1 1 59 1 8 1 1 7 1 7 1 1 1 1 1 1 1 12 10 1 12 9 12 9 1 12 9 12 9 1 10 1 1 1 1 12 10 12 10 1 1 1 1 8 1 8 1 8 1 8 1 100 1 8 1 12 10 1 1 1 1
staticfield com/android/tools/r8/internal/e20 a Lcom/android/tools/r8/internal/e20; com/android/tools/r8/internal/e20
staticfield com/android/tools/r8/internal/e20 b Lcom/android/tools/r8/internal/e20; com/android/tools/r8/internal/e20
staticfield com/android/tools/r8/internal/e20 c Lcom/android/tools/r8/internal/e20; com/android/tools/r8/internal/e20
staticfield com/android/tools/r8/internal/e20 d Lcom/android/tools/r8/internal/e20; com/android/tools/r8/internal/e20
ciInstanceKlass com/android/tools/r8/internal/I 1 0 11 1 8 1 1 100 1 100 1 1 1
ciInstanceKlass com/android/tools/r8/internal/TE 1 1 22 1 8 1 1 100 1 100 1 1 1 1 1 1 1 1 1 1 1 1 1 1
ciInstanceKlass com/android/tools/r8/internal/SE 1 0 21 1 8 1 1 100 1 100 1 100 1 1 100 1 8 1 1 12 10 1 1
ciInstanceKlass com/android/tools/r8/internal/rW 1 0 15 1 8 1 1 100 1 100 1 1 1 1 1 1 1
instanceKlass com/android/tools/r8/internal/kj
instanceKlass com/android/tools/r8/internal/j2
instanceKlass com/android/tools/r8/internal/i2
instanceKlass com/android/tools/r8/internal/g00
instanceKlass com/android/tools/r8/internal/FD
instanceKlass com/android/tools/r8/internal/k70
instanceKlass com/android/tools/r8/internal/PY
instanceKlass com/android/tools/r8/internal/mj
instanceKlass com/android/tools/r8/internal/jd0
instanceKlass com/android/tools/r8/internal/Kw0
instanceKlass com/android/tools/r8/internal/OY
instanceKlass com/android/tools/r8/internal/sc
instanceKlass com/android/tools/r8/internal/F4
instanceKlass com/android/tools/r8/internal/w6
instanceKlass com/android/tools/r8/internal/m3
instanceKlass com/android/tools/r8/internal/L3
instanceKlass com/android/tools/r8/internal/KY
instanceKlass com/android/tools/r8/internal/zE
instanceKlass com/android/tools/r8/internal/hj
instanceKlass com/android/tools/r8/internal/d00
instanceKlass com/android/tools/r8/internal/S3
instanceKlass com/android/tools/r8/internal/XL
instanceKlass com/android/tools/r8/internal/i00
instanceKlass com/android/tools/r8/internal/tw
instanceKlass com/android/tools/r8/internal/rh
instanceKlass com/android/tools/r8/internal/qK
ciInstanceKlass com/android/tools/r8/internal/ME 1 1 867 1 8 1 1 7 1 7 1 100 1 100 1 100 1 100 1 7 1 100 1 100 1 100 1 100 1 100 1 100 1 100 1 1 100 1 100 1 1 1 1 1 1 1 1 1 1 1 1 1 1 1 1 1 1 1 1 1 12 9 1 12 9 1 1 12 9 12 9 1 100 1 1 12 10 1 1 100 1 1 12 9 1 7 1 1 12 10 1 7 1 1 1 12 10 1 1 12 10 1 12 9 1 7 10 1 12 9 1 16 1 12 10 15 1 16 1 7 1 1 12 10 15 1 1 12 18 1 12 10 1 1 12 10 1 7 1 7 1 12 11 1 1 12 11 12 11 1 12 9 1 12 10 12 10 1 12 10 1 9 1 1 100 1 12 9 1 1 100 1 12 10 1 1 12 10 1 1 12 9 1 100 1 12 10 12 10 1 1 12 10 1 100 1 12 10 1 7 1 12 9 1 1 12 10 1 1 1 12 10 1 1 1 1 1 12 10 1 1 12 10 1 7 1 12 10 11 1 1 1 1 12 10 1 8 1 100 1 1 12 10 15 1 12 18 1 12 10 12 9 11 1 12 10 11 1 1 12 9 1 7 12 9 1 12 9 1 12 11 1 12 9 1 12 10 1 12 10 1 12 10 1 12 11 1 1 1 7 1 12 10 1 1 100 10 12 10 1 1 12 10 1 12 10 1 8 1 12 10 1 8 1 12 10 1 12 9 1 8 1 12 10 12 10 1 12 9 1 1 1 7 12 10 12 10 1 12 11 1 7 1 12 9 1 7 1 12 11 1 12 10 1 12 10 1 1 12 10 1 1 12 10 1 100 1 1 12 10 1 100 1 12 9 1 100 10 8 1 100 1 12 10 1 100 1 100 1 7 1 7 1 7 1 12 9 1 1 12 9 1 100 1 12 10 1 12 9 100 1 12 10 1 12 11 1 1 12 10 1 1 12 10 1 7 10 12 10 1 12 10 12 10 1 7 1 7 1 12 10 1 12 10 12 10 1 12 9 1 12 9 1 7 1 12 10 1 1 100 1 1 7 1 12 10 1 1 1 7 1 12 10 1 7 1 12 9 1 12 9 12 10 1 7 1 12 9 1 12 9 1 12 10 1 100 1 12 9 1 100 1 12 9 1 1 1 1 1 1 7 12 9 1 7 1 12 9 1 1 1 1 1 1 1 1 1 1 1 1 1 1 1 1 1 100 1 1 1 1 7 1 1 1 12 10 1 12 10 1 1 12 9 1 100 1 12 10 1 100 12 10 1 1 1 1 1 1 1 1 1 1 1 1 1 1 1 1 1 1 1 1 1 1 1 1 1 1 1 1 1 1 1 1 1 1 1 1 1 1 1 1 1 1 1 1 1 1 1 1 1 1 1 1 100 1 1 1 1 1 1 7 1 1 1 1 1 1 100 1 1 1 1 1 1 1 1 1 1 1 7 1 12 10 1 1 1 1 1 1 1 1 1 1 1 1 1 1 1 1 1 1 1 1 1 1 1 1 1 7 1 1 1 1 1 1 1 1 1 1 1 1 1 1 1 1 1 1 1 1 1 1 1 1 1 1 1 1 1 1 100 1 1 1 1 1 1 1 1 1 1 1 100 1 100 1 7 1 100 1 1 1 1 1 1 1 1 1 1 1 1 1 1 1 1 1 1 1 1 1 1 1 1 1 1 1 1 1 100 1 1 1 1 1 1 1 1 1 100 1 1 1 1 100 1 1 1 1 1 1 100 1 1 1 1 12 10 1 7 1 7 1 12 10 12 10 1 1 1 1 100 12 10 1 100 1 8 1 12 10 1 1 1 100 1 8 1 12 18 10 1 1 1 1 8 1 1 1 1 10 12 10 10 12 10 1 100 1 100 1 12 9 1 1 10 10 12 10 12 10 12 10 16 15 16 1 1 12 18 1 1 12 10 11 1 1 12 10 1 1 7 11 1 1 1 1 1 1 1
staticfield com/android/tools/r8/internal/ME j Z 1
instanceKlass com/android/tools/r8/internal/BK
instanceKlass com/android/tools/r8/internal/f00
instanceKlass com/android/tools/r8/internal/rK
instanceKlass com/android/tools/r8/internal/zK
ciInstanceKlass com/android/tools/r8/internal/qK 1 1 389 1 8 1 1 7 1 7 1 1 1 1 1 7 1 1 12 10 1 16 1 7 1 12 10 15 16 1 7 1 1 12 10 15 1 1 12 18 1 12 10 1 1 12 9 1 7 1 1 12 10 1 12 10 1 12 10 15 1 16 1 1 12 18 1 7 1 12 10 1 7 1 1 12 10 1 1 12 10 1 7 1 12 10 1 1 1 1 12 9 1 100 1 1 12 10 1 1 12 10 1 1 1 1 1 12 10 1 7 1 12 11 1 1 12 11 1 1 12 9 1 7 1 12 10 1 1 1 12 10 1 7 1 100 1 1 12 9 1 1 12 9 1 12 10 12 10 1 12 10 1 7 1 1 12 10 1 12 9 1 12 10 1 1 12 9 1 7 1 12 9 12 9 1 1 12 10 1 1 12 9 1 12 10 1 1 12 10 1 12 10 1 7 1 12 10 1 12 10 1 7 10 1 12 10 1 7 10 1 7 1 100 1 12 10 1 100 1 1 12 10 1 8 1 100 1 1 12 10 15 1 12 18 1 12 10 1 12 10 1 1 100 1 12 10 1 12 10 1 100 1 12 10 12 10 1 12 10 1 12 10 1 100 1 12 10 1 100 1 12 10 1 1 12 10 1 7 1 12 9 3 1 1 1 1 12 10 1 8 1 12 18 1 1 1 1 12 10 1 7 1 12 10 1 7 1 12 10 1 12 10 1 8 1 1 12 10 1 12 10 1 1 7 1 12 10 1 100 1 8 1 12 18 1 100 1 100 1 100 1 100 1 7 1 12 10 1 8 1 100 1 12 10 1 100 10 1 7 1 12 10 1 7 1 12 10 1 7 10 1 7 10 1 7 10 1 1 7 1 12 10 1 12 10 1 1 1 1 1
staticfield com/android/tools/r8/internal/qK k Z 1
ciInstanceKlass com/android/tools/r8/internal/FS 1 1 561 1 8 1 1 7 1 7 1 1 1 1 1 1 1 1 1 1 1 1 12 10 1 7 1 12 10 12 9 12 9 1 7 10 12 9 12 9 1 8 1 7 1 12 10 1 16 1 12 10 15 1 16 1 7 1 1 12 10 15 1 1 12 18 1 7 1 12 10 1 7 1 12 10 1 7 10 1 7 10 1 7 10 1 7 10 1 7 10 1 7 10 1 7 10 1 7 10 1 7 10 1 7 10 1 7 1 1 12 10 1 1 12 10 1 7 1 1 12 9 1 100 1 12 10 1 100 10 1 100 10 1 1 12 10 1 100 1 1 12 10 1 12 10 1 100 10 1 12 10 16 12 10 15 1 12 18 1 8 1 12 10 1 8 1 100 10 1 12 9 1 7 1 1 12 9 1 100 1 1 12 9 1 12 10 1 100 1 12 9 1 12 9 1 100 1 12 9 1 100 1 12 10 1 100 1 12 10 1 12 10 1 1 12 10 1 100 1 1 12 10 1 100 1 12 9 1 1 12 9 1 100 1 12 9 9 1 100 12 10 1 1 12 9 1 100 10 1 12 9 1 100 1 12 10 1 12 10 12 9 1 12 9 1 100 1 12 10 1 100 1 12 10 1 100 1 1 12 9 1 1 12 9 1 100 9 1 100 1 12 9 1 100 12 9 1 100 1 12 9 1 12 10 9 12 9 10 1 1 12 9 1 7 1 1 12 11 1 7 1 12 11 1 1 12 11 1 100 12 9 1 12 10 1 12 9 1 100 1 1 12 10 1 12 10 1 12 10 1 100 10 1 1 12 10 1 100 1 12 10 12 9 1 12 10 1 12 10 1 12 9 1 12 10 12 10 1 1 12 9 1 100 9 12 9 1 12 9 1 100 1 12 10 1 100 11 12 9 1 1 12 11 1 1 7 1 12 10 9 1 1 100 10 1 100 1 1 12 10 1 100 12 10 1 100 1 12 9 1 100 11 11 1 100 1 12 9 1 1 12 11 1 1 12 10 1 100 1 100 1 100 1 100 1 12 10 1 1 12 10 1 12 10 1 100 1 12 10 1 100 1 100 1 12 10 1 1 12 10 1 7 16 1 12 11 15 1 16 1 1 12 18 1 100 1 1 12 11 1 100 1 12 11 1 12 10 1 100 1 12 10 1 12 10 1 12 10 1 12 10 1 12 10 1 1 12 9 1 7 11 1 7 1 7 1 12 10 1 12 11 15 1 16 1 12 18 1 12 10 1 12 11 1 1 12 10 1 1 1 1 1
staticfield com/android/tools/r8/internal/FS e Z 1
ciInstanceKlass com/android/tools/r8/internal/W10 0 0 96 1 8 1 1 100 1 100 1 1 1 1 1 1 12 10 1 1 100 1 1 12 10 12 9 10 12 9 1 1 1 1 100 12 10 1 1 1 1 100 1 1 12 10 1 100 1 12 10 1 12 10 1 1 12 9 1 100 10 12 10 1 1 12 10 1 1 1 1 1 100 1 1 12 10 1 1 1 8 1 1 1 12 10 1 12 10 1 100 1 12 10 1 1 1 1
ciInstanceKlass com/android/tools/r8/internal/v00 1 1 47 1 8 1 1 100 1 1 100 1 7 1 1 1 1 1 12 11 1 1 12 11 1 7 1 1 12 11 1 1 1 1 1 1 100 1 8 1 1 12 10 1 1 1 8 1 1
ciInstanceKlass com/android/tools/r8/internal/NE 1 1 61 1 8 1 1 100 1 1 100 1 100 1 100 1 1 1 100 8 1 1 12 10 1 1 1 1 1 1 12 11 1 1 12 11 1 100 12 11 1 12 11 1 1 1 1 1 1 1 100 1 8 1 1 12 10 1 1 1 8 1 1
ciInstanceKlass com/android/tools/r8/internal/h80 1 1 68 1 8 1 1 100 1 100 1 100 1 1 1 1 12 11 1 1 12 11 1 100 1 1 12 11 1 1 1 1 1 100 1 8 1 1 12 10 1 1 1 8 1 1 1 8 1 1 1 8 1 1 1 8 1 1 8 1 1 1 8 1 1 8 1 1 8 1
ciInstanceKlass com/android/tools/r8/internal/RE 1 1 239 1 8 1 1 100 1 1 100 1 100 1 100 1 100 1 7 1 1 1 1 1 1 12 9 1 1 1 12 11 1 1 1 1 100 1 1 12 10 12 11 1 1 1 1 12 11 1 100 1 100 1 12 10 1 1 12 11 1 1 1 100 10 1 1 1 1 1 100 1 1 12 10 1 12 11 1 1 1 1 1 1 12 11 1 12 11 1 1 100 1 12 11 1 1 1 1 100 1 12 10 1 12 11 1 1 1 100 1 12 10 1 12 11 1 1 1 1 1 1 1 1 1 1 1 1 1 1 1 1 1 1 1 12 11 1 1 12 11 1 12 10 12 11 1 12 11 1 1 12 11 1 1 1 1 12 11 1 1 1 1 1 100 1 12 10 12 11 1 100 12 10 1 16 12 11 15 1 16 1 100 1 1 12 10 15 1 1 12 18 12 11 12 11 15 18 12 11 1 1 1 1 1 1 1 1 100 1 8 1 1 12 10 1 1 1 8 1 1 8 1 1 1 8 1 1 1 8 1 1 8 1 1 1 8 1 1 8 1
ciInstanceKlass com/android/tools/r8/internal/Bx0 1 0 11 1 8 1 1 100 1 100 1 1 1
instanceKlass com/android/tools/r8/internal/xK
instanceKlass com/android/tools/r8/internal/MK
instanceKlass com/android/tools/r8/internal/tK
instanceKlass com/android/tools/r8/internal/RK
ciInstanceKlass com/android/tools/r8/internal/AK 1 1 484 1 8 1 1 7 1 7 1 100 1 100 1 1 100 1 7 1 1 100 1 100 1 1 1 1 12 10 1 1 1 7 1 1 12 10 12 9 1 1 1 1 1 1 7 1 1 12 9 1 7 1 1 12 10 1 100 12 10 1 1 12 10 1 7 1 1 12 10 1 1 12 10 1 100 1 1 12 10 1 100 1 12 10 1 100 1 12 10 1 7 1 100 12 10 1 12 9 1 12 9 1 100 1 12 9 1 12 10 1 100 1 12 9 1 100 10 1 1 12 9 1 12 9 1 1 1 1 12 10 1 7 1 1 12 10 1 7 1 12 9 1 7 1 12 9 1 7 1 1 12 10 1 7 12 10 1 100 1 1 12 10 1 7 1 1 12 9 1 7 1 12 9 1 7 1 12 10 1 7 1 12 10 1 12 9 1 100 1 12 10 1 1 12 10 1 12 9 1 12 10 1 12 10 1 100 1 12 9 1 7 1 12 10 1 100 1 12 11 1 12 10 12 10 1 100 1 12 10 1 100 10 1 12 10 1 100 1 12 10 1 12 10 1 1 1 1 12 10 1 100 12 10 1 1 12 10 12 10 1 12 10 1 12 10 1 100 1 12 10 1 100 1 100 1 12 10 1 100 1 12 10 1 1 12 10 1 1 12 9 1 12 9 1 12 10 1 100 1 1 12 10 1 100 1 12 10 1 12 10 1 8 1 12 10 1 1 12 9 1 100 12 10 12 10 1 12 10 1 1 12 9 1 12 9 1 12 10 1 12 10 1 1 12 9 1 100 1 12 10 1 12 10 10 1 12 10 1 12 10 1 1 12 10 1 100 1 12 10 1 100 12 10 10 1 12 9 1 12 9 1 12 10 1 12 9 1 100 1 12 10 1 12 10 1 12 10 1 12 10 1 100 1 12 10 1 100 1 100 1 12 11 1 12 9 1 100 1 1 12 11 1 100 1 12 10 12 10 1 12 10 1 1 12 10 1 12 10 1 100 10 12 10 1 12 10 16 1 12 10 15 1 16 1 100 1 1 12 10 15 1 1 12 18 1 12 10 1 12 11 1 12 10 1 12 10 12 10 1 1 1 1 1 1
staticfield com/android/tools/r8/internal/AK n Z 1
ciInstanceKlass com/android/tools/r8/internal/RK 1 1 307 1 8 1 1 7 1 7 1 100 1 100 1 1 1 1 1 12 10 1 1 1 7 1 1 12 10 12 9 1 1 1 1 1 1 100 1 12 10 1 1 1 7 1 1 12 9 1 1 1 8 1 1 7 1 12 10 1 7 1 12 9 1 12 10 1 12 10 1 12 10 1 12 10 1 12 10 1 12 10 1 7 1 7 1 1 12 10 1 12 10 1 100 10 1 12 10 1 100 1 7 1 12 10 1 7 10 1 100 1 12 10 1 1 7 1 12 10 12 10 1 1 1 1 100 1 1 12 10 1 100 1 1 12 9 1 100 1 12 10 1 12 9 1 100 1 100 1 100 1 12 9 1 100 1 12 10 1 100 1 100 1 12 10 1 100 1 12 10 1 100 1 12 9 1 100 1 12 10 1 12 9 12 9 1 100 1 12 10 1 12 10 12 9 1 1 100 1 12 10 1 100 1 1 12 9 1 100 1 12 10 1 12 9 1 100 1 1 12 10 1 1 1 12 10 1 100 1 1 12 10 1 100 12 10 1 12 10 1 1 12 10 1 12 10 1 100 1 12 10 1 100 1 12 10 1 12 10 1 12 10 1 12 10 1 100 1 1 12 10 1 12 10 1 100 12 10 1 1 100 1 12 10 1 9 1 100 1 1 12 10 1 100 1 12 10 1 1 1 100 12 10 1 1 1 1 1
staticfield com/android/tools/r8/internal/RK o Z 1
ciInstanceKlass com/android/tools/r8/internal/KK 1 1 362 1 8 1 1 7 1 7 1 100 1 100 1 100 1 1 100 1 100 1 1 1 1 1 1 12 10 12 9 12 9 1 100 1 1 12 9 1 100 1 1 12 9 1 100 1 1 12 10 1 100 11 1 100 1 12 10 1 1 1 7 1 1 12 10 1 1 1 1 1 100 1 12 10 1 1 1 7 1 12 9 1 1 1 8 1 1 7 1 12 10 1 7 1 12 9 1 12 10 12 10 1 12 10 1 12 10 1 7 1 1 12 10 1 12 10 1 12 10 1 7 1 12 10 1 100 1 12 10 1 1 7 1 12 10 12 10 1 1 1 1 100 1 1 12 10 1 100 1 12 9 1 100 1 12 10 1 1 12 9 1 100 1 100 1 12 9 1 7 1 12 10 1 100 1 100 1 12 10 1 12 10 12 9 1 1 12 10 1 12 10 1 100 1 12 9 1 12 10 1 1 100 1 12 10 1 1 100 1 12 10 1 100 1 1 12 9 1 100 1 12 10 1 12 9 1 100 1 1 12 10 1 1 1 12 10 1 100 1 12 10 1 100 1 12 10 1 1 12 10 1 100 1 1 12 10 1 100 1 12 9 1 1 12 9 9 1 100 1 12 10 1 100 12 10 1 1 12 10 1 12 10 12 9 1 12 9 1 12 10 1 100 1 12 10 1 100 1 12 10 1 100 12 10 1 12 9 1 1 12 10 1 100 1 12 10 1 1 12 10 1 100 1 12 10 12 10 1 12 10 1 100 1 12 10 1 1 100 1 12 10 1 1 100 1 100 1 1 12 10 1 12 10 1 1 10 1 1 1 1 1 1
staticfield com/android/tools/r8/internal/KK o Z 1
ciInstanceKlass com/android/tools/r8/synthesis/N 1 1 150 1 8 1 1 7 1 7 1 100 1 100 1 100 1 1 1 1 1 1 1 1 12 10 12 9 1 1 12 10 1 100 1 12 10 1 7 12 9 1 1 7 1 12 10 1 1 1 100 1 1 12 11 1 1 1 1 1 12 10 1 1 100 1 12 10 1 100 1 100 12 11 1 1 12 9 1 100 1 12 9 1 12 10 1 12 10 1 100 1 12 10 1 100 1 1 12 10 1 100 1 12 10 1 1 12 10 1 100 10 1 1 1 8 1 100 1 1 12 10 15 1 12 18 1 1 12 11 1 1 1 100 1 12 9 1 1 12 10 1 100 1 12 10 1 1 1 1 1 1
staticfield com/android/tools/r8/synthesis/N e Z 1
ciInstanceKlass com/android/tools/r8/graph/D4 1 1 56 1 8 1 1 7 1 7 1 100 1 1 1 1 1 12 10 1 1 1 7 1 1 12 10 12 9 1 1 1 7 1 1 12 9 1 7 1 12 10 1 100 12 10 1 12 10 1 1 1 12 10 1 1 1 1
staticfield com/android/tools/r8/graph/D4 f Z 1
ciInstanceKlass com/android/tools/r8/graph/e0 0 0 59 1 8 1 1 100 1 100 1 100 1 1 1 1 1 12 10 1 1 1 100 1 1 12 10 12 9 1 1 1 1 1 100 1 1 12 9 1 100 1 1 12 10 1 100 1 100 12 10 1 100 1 1 12 10 1 1 1 1
ciInstanceKlass com/android/tools/r8/internal/Mx0 1 1 223 1 8 1 1 7 1 1 7 1 100 1 7 1 1 1 1 1 1 1 1 1 1 1 12 10 1 1 1 16 1 1 12 10 15 1 16 1 100 1 1 12 10 15 1 1 12 18 1 100 1 12 10 1 1 100 1 8 1 100 1 1 12 10 15 1 12 18 1 12 10 1 8 18 12 9 12 9 12 9 12 9 12 9 1 1 8 1 12 18 1 100 1 8 10 1 1 7 1 12 9 1 7 1 12 9 12 10 1 1 12 9 1 8 1 12 18 1 1 7 1 1 12 10 1 7 1 7 1 7 1 100 1 8 1 12 18 1 1 1 8 12 10 1 8 1 8 1 8 1 8 12 9 1 1 16 12 10 15 12 18 12 10 1 12 9 12 10 1 7 1 1 12 9 1 12 9 1 12 9 1 12 9 1 12 9 1 1 8 1 12 18 1 1 12 10 1 1 12 10 1 1 12 10 1 1 12 10 1 1 1 12 10 1 1 1 1 1 1 1 1 1 1
staticfield com/android/tools/r8/internal/Mx0 b Lcom/android/tools/r8/internal/Mx0; com/android/tools/r8/internal/Mx0
staticfield com/android/tools/r8/internal/Mx0 c Lcom/android/tools/r8/internal/Mx0; com/android/tools/r8/internal/Mx0
staticfield com/android/tools/r8/internal/Mx0 d Lcom/android/tools/r8/internal/Mx0; com/android/tools/r8/internal/Mx0
staticfield com/android/tools/r8/internal/Mx0 e Lcom/android/tools/r8/internal/Mx0; com/android/tools/r8/internal/Mx0
staticfield com/android/tools/r8/internal/Mx0 f Lcom/android/tools/r8/internal/Mx0; com/android/tools/r8/internal/Mx0
staticfield com/android/tools/r8/internal/Mx0 g [Lcom/android/tools/r8/internal/Mx0; 5 [Lcom/android/tools/r8/internal/Mx0;
ciInstanceKlass com/android/tools/r8/graph/j0 1 1 172 1 8 1 1 7 1 1 7 1 100 1 1 1 1 1 1 1 1 1 1 16 1 12 10 15 16 1 100 1 1 12 10 15 1 1 12 18 1 100 1 12 10 1 12 10 15 16 18 12 10 15 18 1 12 10 1 1 1 12 10 12 9 12 9 12 9 1 1 7 1 1 12 11 1 7 1 1 12 11 1 7 1 1 12 11 1 100 1 7 1 1 12 11 1 1 12 11 1 7 1 12 10 1 7 1 1 12 11 1 1 12 10 1 1 16 12 10 15 12 18 1 1 7 12 10 1 1 1 12 10 1 100 1 12 10 1 100 12 10 1 100 1 12 10 1 100 1 8 1 100 1 1 12 10 15 1 12 18 1 100 10 1 8 1 1 1 1 1 1 1 1
staticfield com/android/tools/r8/graph/j0 e I 0
instanceKlass com/android/tools/r8/internal/iu0
instanceKlass com/android/tools/r8/ir/optimize/x0
instanceKlass com/android/tools/r8/internal/I6
instanceKlass com/android/tools/r8/internal/xd0
instanceKlass com/android/tools/r8/internal/qo0
instanceKlass com/android/tools/r8/internal/L7
instanceKlass com/android/tools/r8/internal/mo0
instanceKlass com/android/tools/r8/internal/hq0
instanceKlass com/android/tools/r8/internal/M3
instanceKlass com/android/tools/r8/internal/tf
instanceKlass com/android/tools/r8/internal/QZ
instanceKlass com/android/tools/r8/internal/qR
instanceKlass com/android/tools/r8/internal/hv
instanceKlass com/android/tools/r8/internal/fu0
instanceKlass com/android/tools/r8/internal/xR
instanceKlass com/android/tools/r8/internal/RY
instanceKlass com/android/tools/r8/internal/Ks0
instanceKlass com/android/tools/r8/internal/l60
instanceKlass com/android/tools/r8/internal/xo
instanceKlass com/android/tools/r8/internal/rr0
instanceKlass com/android/tools/r8/internal/mx
instanceKlass com/android/tools/r8/internal/Uc
instanceKlass com/android/tools/r8/internal/xE
instanceKlass com/android/tools/r8/internal/nr0
ciInstanceKlass com/android/tools/r8/internal/Ae 1 1 160 1 8 1 1 7 1 1 7 1 1 1 1 1 1 1 1 1 1 1 12 10 12 9 1 7 1 12 10 12 9 1 1 12 10 12 9 1 1 7 1 1 12 10 12 9 1 1 12 10 1 16 1 12 10 15 1 16 1 7 1 1 12 10 15 1 1 12 18 1 7 1 12 10 1 7 1 1 1 12 10 15 1 12 18 1 1 8 1 100 1 1 12 10 15 1 12 18 1 100 1 12 10 1 100 1 100 1 12 10 1 12 10 1 12 10 1 12 9 1 100 1 8 1 12 10 12 10 1 12 10 1 100 1 8 12 10 12 10 1 12 11 1 100 12 10 1 8 12 10 12 10 1 1 1 1 1 1 1 1
staticfield com/android/tools/r8/internal/Ae d Z 1
ciInstanceKlass com/android/tools/r8/internal/RY 1 1 311 1 8 1 1 7 1 7 1 1 1 1 12 10 1 1 1 7 1 1 12 10 1 100 1 12 10 1 1 1 7 1 1 12 10 12 9 1 1 8 1 1 1 12 9 1 7 1 12 10 1 7 1 1 12 9 1 7 12 10 1 1 7 1 12 10 1 1 12 10 1 7 1 12 9 1 12 10 12 9 1 7 1 100 1 7 1 12 11 1 1 12 11 1 7 1 1 12 11 1 1 12 10 1 100 1 1 12 10 1 12 10 1 1 12 10 1 7 1 12 10 1 7 1 1 12 10 1 12 10 1 100 1 7 1 12 10 1 7 1 12 10 1 1 12 9 1 7 12 10 1 1 12 10 1 1 12 10 1 100 1 12 9 1 100 1 12 9 1 100 1 1 12 10 1 100 1 12 10 1 12 10 1 1 12 9 1 100 1 12 9 1 100 12 9 1 100 1 100 12 10 1 12 10 1 12 10 1 12 9 1 100 1 1 12 10 1 1 12 10 1 12 10 1 1 12 10 1 7 1 12 9 1 12 10 1 12 10 1 12 10 1 12 10 1 12 9 1 12 11 12 10 1 16 12 10 15 1 16 1 100 1 1 12 10 15 1 1 12 18 1 12 10 1 12 10 12 10 10 1 12 10 1 12 10 1 12 10 1 100 10 1 7 1 12 10 1 12 10 1 7 1 12 9 12 9 1 1 1 1 1
staticfield com/android/tools/r8/internal/RY e Z 1
ciInstanceKlass com/android/tools/r8/internal/m3 1 1 163 1 8 1 1 7 1 7 1 100 1 100 1 100 1 1 1 1 1 1 1 1 1 12 10 12 9 12 9 1 1 1 7 1 1 12 10 12 9 1 1 1 12 9 1 7 1 12 10 1 100 1 12 9 1 100 1 12 9 1 1 1 1 1 7 1 12 9 1 1 100 1 8 1 12 10 1 3 1 1 7 1 12 9 1 1 12 10 1 12 9 1 7 1 12 10 1 7 1 12 10 1 12 10 1 1 12 10 1 1 1 1 12 9 1 1 1 100 12 10 1 1 1 1 12 10 1 1 1 1 1 100 1 12 10 1 1 12 10 1 100 1 1 12 10 1 100 1 100 1 12 11 1 1 12 11 10 1 1 1 1 1 1
staticfield com/android/tools/r8/internal/m3 m Z 1
ciInstanceKlass com/android/tools/r8/internal/tK 1 1 421 1 8 1 1 7 1 7 1 100 1 100 1 100 1 1 1 1 1 1 1 12 10 12 9 12 9 1 100 1 1 12 9 1 100 1 1 12 10 8 1 100 1 1 12 10 1 100 1 12 10 1 1 7 1 1 12 10 1 1 1 1 1 1 100 1 12 10 1 1 1 7 1 1 12 9 1 1 8 1 1 7 1 12 10 1 7 1 12 9 1 12 10 1 12 10 1 12 10 1 12 10 1 7 1 7 1 1 12 10 1 12 10 1 12 10 1 7 1 12 10 1 100 1 12 10 1 1 7 1 12 10 12 10 1 1 7 12 10 1 1 1 1 100 1 1 12 10 1 1 12 9 1 100 1 12 10 1 12 9 1 100 1 100 1 12 9 1 100 1 12 10 1 100 1 100 1 12 10 1 100 1 12 10 12 9 1 100 1 1 12 10 1 12 10 1 100 1 12 9 1 12 10 1 1 100 1 12 10 1 100 1 1 12 9 1 100 1 12 10 1 12 9 1 100 1 12 10 1 1 1 12 10 1 100 1 1 12 10 1 100 12 10 1 100 1 12 11 1 12 10 1 100 1 12 10 1 1 7 1 1 12 10 1 7 1 12 9 1 7 1 12 9 1 12 10 1 7 1 12 9 1 12 10 1 12 9 1 12 10 1 12 10 1 100 1 12 10 12 10 1 12 10 1 100 1 1 12 10 10 1 12 9 1 1 12 10 1 100 1 12 10 10 1 100 1 1 12 9 1 100 1 12 9 1 1 12 10 1 12 10 1 100 12 10 1 12 9 1 12 10 1 12 9 1 100 1 12 10 1 1 12 10 1 12 10 1 12 10 1 100 1 12 10 1 1 12 9 1 100 1 12 10 1 100 1 12 10 1 100 1 12 10 1 9 1 100 1 100 1 1 12 10 1 12 10 1 1 100 1 12 10 1 1 10 1 1 1 1 1 1
staticfield com/android/tools/r8/internal/tK p Z 1
instanceKlass com/android/tools/r8/graph/f6
instanceKlass com/android/tools/r8/graph/W5
ciInstanceKlass com/android/tools/r8/graph/h3 1 1 40 1 8 1 1 7 1 7 1 100 1 100 1 1 1 1 1 1 12 10 12 9 1 100 10 1 1 7 1 1 12 10 1 1 1 1 1 1 1 1
staticfield com/android/tools/r8/graph/h3 a Z 1
ciInstanceKlass com/android/tools/r8/graph/W5 1 1 47 1 8 1 1 7 1 7 1 100 1 100 1 1 1 1 1 1 1 12 10 12 9 1 100 1 12 10 1 100 12 9 1 1 7 1 1 12 10 1 1 1 1 1 1 1 1
staticfield com/android/tools/r8/graph/W5 c Z 1
ciInstanceKlass com/android/tools/r8/graph/f6 1 1 21 1 8 1 1 100 1 7 1 100 1 100 1 1 1 12 10 1 1 1 1
ciInstanceKlass com/android/tools/r8/internal/F4 0 0 306 1 8 1 1 100 1 100 1 100 1 100 1 1 1 1 1 1 1 1 1 1 1 1 1 12 9 1 100 1 1 12 10 1 100 1 1 12 10 12 10 1 1 1 8 1 1 1 1 12 9 1 100 1 12 10 12 9 12 10 1 100 1 1 12 10 1 12 10 1 12 10 1 1 1 12 10 1 100 1 12 10 1 100 1 1 12 9 1 12 10 12 10 1 12 10 1 100 1 12 10 1 12 10 1 100 1 12 10 1 12 10 1 12 10 1 12 10 1 100 1 1 12 10 1 100 1 12 10 1 1 100 1 8 1 12 10 1 1 1 1 1 1 100 1 1 12 10 12 10 1 1 12 10 1 1 1 12 9 1 1 12 10 1 100 12 10 1 12 10 1 100 1 12 10 1 1 100 1 12 10 1 1 1 1 1 1 1 100 12 10 10 1 8 1 1 12 10 1 12 10 1 12 10 1 8 1 12 10 12 10 1 8 10 10 1 1 1 1 12 10 1 12 10 1 100 12 10 1 1 12 10 1 100 12 10 1 8 1 100 1 1 12 10 15 1 12 18 1 12 10 1 12 10 10 1 100 1 12 10 12 10 1 12 10 1 12 10 1 100 11 1 8 1 8 1 12 18 12 10 1 8 1 12 18 1 1 12 10 12 9 1 12 10 1 1 100 1 12 10 1 1 1 1 1 1
ciInstanceKlass com/android/tools/r8/internal/De 1 1 50 1 8 1 1 7 1 100 1 7 1 1 1 1 1 1 1 1 1 12 10 12 9 12 9 1 16 1 7 1 12 10 15 1 7 1 1 12 10 15 1 12 18 12 9 1 1 1 1 1
staticfield com/android/tools/r8/internal/De a Lcom/android/tools/r8/internal/Ce; com/android/tools/r8/internal/Ce
staticfield com/android/tools/r8/internal/De b Lcom/android/tools/r8/internal/Ce; com/android/tools/r8/internal/Ce
staticfield com/android/tools/r8/internal/De c Lcom/android/tools/r8/internal/De; com/android/tools/r8/internal/De$$Lambda+0x000002c7222c3778
instanceKlass com/android/tools/r8/internal/Jl0
ciInstanceKlass com/android/tools/r8/internal/sc 1 1 322 1 8 1 1 7 1 7 1 100 1 100 1 100 1 1 1 1 1 1 1 1 1 12 10 12 9 12 9 1 1 1 1 7 1 1 12 10 12 9 1 1 1 1 1 1 1 12 9 1 7 1 1 12 10 1 7 1 1 12 9 1 7 1 1 12 9 1 7 1 12 10 1 1 12 9 1 12 10 1 12 10 1 7 1 12 10 1 7 1 12 10 1 7 1 7 10 1 12 10 1 1 12 10 1 1 12 10 1 1 1 1 7 1 1 12 10 1 7 1 12 9 1 12 10 1 100 1 12 10 1 100 1 12 10 1 1 12 10 1 12 10 1 12 10 1 12 10 1 12 10 1 100 1 12 10 1 100 1 100 1 12 10 1 100 12 10 1 1 12 9 1 100 1 12 10 1 100 1 12 10 1 7 1 12 10 1 12 10 1 12 10 1 1 1 12 10 1 8 1 100 1 1 12 10 15 1 12 18 1 1 100 1 12 9 1 12 10 1 1 12 10 1 12 10 1 1 12 10 1 100 12 10 1 100 12 10 1 12 10 1 100 1 12 10 1 100 1 12 10 1 8 1 12 18 1 12 10 1 1 100 1 12 10 12 10 1 1 1 1 100 1 12 10 1 100 1 1 12 9 1 100 1 12 10 9 1 1 12 10 1 1 1 100 1 12 10 1 1 100 1 1 12 10 1 100 1 100 1 1 12 10 1 12 10 1 1 1 1 1 1 1
staticfield com/android/tools/r8/internal/sc m Z 1
ciInstanceKlass com/android/tools/r8/internal/jj 1 1 183 1 8 1 1 7 1 7 1 1 1 1 12 10 12 9 1 100 1 1 12 10 1 100 1 12 10 1 1 7 1 12 10 1 1 1 1 1 1 1 1 100 1 1 12 10 1 1 1 12 10 1 100 1 12 10 1 1 100 1 12 10 1 100 1 12 10 1 12 10 1 100 1 12 10 1 1 12 9 1 12 9 1 1 12 9 1 100 1 12 11 1 100 1 12 9 1 100 1 1 12 11 1 1 12 9 1 1 100 1 1 12 10 1 12 10 1 100 1 1 12 9 1 100 1 12 10 1 12 10 1 1 12 9 1 100 1 12 10 1 12 9 1 100 1 1 12 10 1 1 12 10 1 1 12 10 12 10 1 100 1 12 10 1 1 100 1 1 12 9 1 1 12 10 1 100 1 12 10 1 1 1 1
staticfield com/android/tools/r8/internal/jj l Z 1
instanceKlass com/android/tools/r8/internal/ux
instanceKlass com/android/tools/r8/internal/vx
instanceKlass com/android/tools/r8/internal/fp0
instanceKlass com/android/tools/r8/internal/ep0
instanceKlass com/android/tools/r8/internal/U60
ciInstanceKlass com/android/tools/r8/internal/zx0 1 1 949 1 8 1 1 7 1 1 7 1 100 1 7 1 7 1 100 1 100 1 1 1 1 1 1 1 1 1 1 1 1 1 1 1 1 1 1 1 1 1 1 1 1 1 1 12 9 1 16 1 1 12 10 15 1 16 1 7 1 1 12 10 15 1 1 12 18 1 7 1 1 12 10 12 9 1 12 9 1 12 10 15 1 16 1 12 18 12 9 1 1 1 12 10 12 9 1 7 1 12 10 1 12 10 1 7 1 100 1 100 1 100 1 8 1 100 1 1 12 10 15 1 12 18 1 100 1 12 9 1 100 1 12 9 1 100 1 100 1 1 12 10 1 1 12 10 1 12 10 1 12 10 1 12 9 1 12 9 1 7 1 1 12 10 1 7 1 1 12 10 1 100 1 8 1 12 18 1 12 10 1 1 12 10 1 100 1 12 10 1 7 1 12 10 1 7 1 12 10 1 12 10 1 7 1 12 10 1 7 1 12 10 12 9 1 7 1 12 10 12 9 1 1 12 10 1 7 1 12 10 1 100 1 12 10 1 12 10 1 12 10 1 12 10 1 100 12 11 1 100 1 12 10 1 12 10 1 100 1 12 9 1 100 12 9 1 1 1 1 1 1 7 12 11 1 1 7 1 12 9 1 7 1 12 9 1 12 10 1 7 1 7 1 12 10 1 7 12 11 1 12 11 1 12 11 1 100 1 1 12 9 1 1 12 9 1 12 9 12 10 1 1 100 12 10 1 12 9 12 9 10 12 9 1 7 12 10 1 1 7 1 12 10 10 1 12 10 1 1 12 11 1 7 1 100 1 12 11 1 1 12 11 1 12 10 1 1 7 1 12 10 1 1 12 11 1 12 10 1 12 10 1 1 7 1 1 12 10 1 12 10 11 1 1 10 1 12 10 1 12 10 12 10 1 1 1 12 10 1 7 12 10 12 10 1 7 1 12 10 1 7 12 10 1 12 10 1 100 1 12 10 1 1 12 10 1 100 12 10 1 12 10 11 1 12 11 1 1 1 7 10 1 16 12 10 15 1 16 1 1 12 18 1 7 1 12 10 12 10 12 11 1 1 12 11 1 12 10 1 12 10 1 7 10 1 12 10 12 10 1 12 9 12 10 12 10 1 12 10 12 10 1 12 10 1 1 7 1 1 7 1 1 12 10 1 1 1 1 100 1 8 10 1 1 12 10 1 8 1 12 10 1 12 10 1 1 12 10 1 1 12 11 1 12 10 15 1 12 18 1 100 1 12 11 1 8 1 1 12 10 1 12 10 1 8 1 12 10 1 8 12 9 12 10 1 1 1 7 1 12 10 1 1 12 10 1 12 10 15 1 12 18 12 10 12 10 1 12 10 1 1 1 12 10 15 18 1 12 10 1 100 12 10 12 10 1 1 100 1 7 1 12 10 1 12 10 1 12 10 1 7 1 12 9 1 12 10 1 12 9 1 100 12 9 1 100 1 12 9 1 100 12 10 12 10 1 1 1 12 10 15 18 12 10 1 1 12 10 15 18 1 1 12 10 1 12 10 1 12 9 1 100 1 1 12 10 12 10 1 12 10 1 1 12 11 1 12 11 1 1 12 10 1 7 11 12 10 10 1 1 1 7 1 12 10 1 12 10 1 12 10 1 1 1 12 10 1 1 12 9 1 12 9 1 12 10 1 12 10 10 1 100 1 8 1 12 18 12 10 1 12 10 1 8 1 12 18 1 12 9 1 1 100 12 9 1 12 10 1 12 10 1 12 10 10 15 16 18 12 10 12 10 1 12 10 1 12 9 1 12 10 1 100 12 10 12 10 12 10 1 100 12 10 1 12 10 12 10 1 12 9 1 12 10 1 12 10 1 12 10 1 1 12 10 1 100 12 10 1 12 10 12 9 12 10 1 12 10 12 10 15 18 10 12 10 1 1 1 1 12 10 1 1 100 1 1 12 10 15 1 12 18 1 12 10 1 100 1 12 11 11 12 10 15 18 1 1 12 11 1 12 11 12 11 1 100 11 12 10 1 12 11 1 100 1 12 10 12 9 1 12 10 12 11 1 10 10 9 1 12 10 1 12 10 15 18 1 100 1 100 1 100 1 100 1 100 1 12 10 1 100 1 1 7 1 12 10 12 10 12 9 1 1 1 1 1 1 1 1
staticfield com/android/tools/r8/internal/zx0 n Lcom/android/tools/r8/internal/zx0; com/android/tools/r8/internal/zx0
staticfield com/android/tools/r8/internal/zx0 o Z 1
instanceKlass com/android/tools/r8/graph/p5
instanceKlass com/android/tools/r8/graph/j5
instanceKlass com/android/tools/r8/graph/b5
instanceKlass com/android/tools/r8/graph/c5$c
ciInstanceKlass com/android/tools/r8/graph/c5 1 1 235 1 8 1 1 7 1 1 7 1 100 1 100 1 100 1 100 1 100 1 100 1 100 1 100 1 100 1 100 1 100 1 100 1 100 1 100 1 100 1 100 1 7 1 100 1 7 1 100 1 1 1 1 1 1 1 1 1 1 1 1 1 1 1 1 1 1 1 1 100 1 12 10 1 100 1 12 10 1 1 1 1 1 1 1 1 1 1 12 10 1 1 1 1 12 10 1 1 1 1 1 1 1 1 1 1 1 1 1 12 10 12 10 12 10 1 1 1 1 1 1 1 1 1 1 1 1 100 1 12 11 1 12 10 1 1 1 1 1 1 100 1 100 1 1 12 10 1 16 12 10 15 1 100 1 1 12 10 15 1 12 18 12 10 1 1 1 1 1 1 1 1 1 1 1 1 12 10 1 1 7 1 12 10 1 1 12 10 1 12 10 1 7 1 12 10 1 12 10 12 9 1 7 1 12 10 1 100 10 1 100 1 12 10 1 12 10 1 1 7 1 12 10 1 1 1 1 1 1 1 1 1 1 1 1
staticfield com/android/tools/r8/graph/c5 a Z 1
instanceKlass com/android/tools/r8/graph/o5
instanceKlass com/android/tools/r8/graph/m5
instanceKlass com/android/tools/r8/graph/n5
ciInstanceKlass com/android/tools/r8/graph/c5$c 1 1 846 1 8 1 1 7 1 1 7 1 100 1 1 100 1 100 1 1 100 1 1 1 1 1 1 1 1 1 12 10 1 7 1 1 12 10 1 12 10 1 7 1 12 10 1 100 1 12 10 12 9 12 9 1 7 1 12 10 12 9 1 12 10 1 100 1 1 12 11 1 1 12 9 1 7 1 100 1 7 1 1 12 10 1 100 1 12 11 1 1 12 10 1 100 1 12 10 1 12 10 1 1 12 10 1 7 1 12 10 1 7 1 12 10 1 12 10 1 1 12 10 12 9 1 100 1 12 10 1 12 9 1 12 10 1 100 1 8 1 100 1 1 12 10 15 1 12 18 1 1 12 10 1 100 1 1 12 10 1 12 9 12 10 1 12 10 12 10 1 12 10 1 12 9 1 12 10 1 12 10 1 12 10 12 10 1 12 10 1 12 10 1 100 1 12 10 1 12 10 1 12 10 1 12 10 1 100 10 1 12 10 1 12 10 1 100 1 1 7 1 12 10 1 100 1 12 9 1 100 1 100 1 100 1 1 12 10 16 1 12 10 15 1 16 1 100 1 1 12 10 15 1 1 12 18 1 12 10 15 1 16 18 1 12 10 1 100 11 1 1 12 11 1 12 9 1 100 1 1 12 10 1 12 11 1 12 10 1 1 100 1 12 9 1 100 1 12 11 1 12 9 1 100 1 12 10 1 7 11 12 10 1 100 1 12 11 12 11 12 9 1 100 12 10 1 1 1 1 12 10 1 100 1 7 1 12 10 1 7 1 1 12 10 12 10 1 12 9 1 100 1 12 10 1 100 1 12 9 1 1 7 1 1 12 10 1 7 1 1 12 10 1 7 1 7 1 1 12 10 1 12 10 1 12 10 1 100 1 1 12 10 1 1 12 10 1 100 1 12 10 1 7 1 1 12 10 1 100 1 12 10 1 1 12 10 1 100 1 1 12 10 1 7 1 12 10 1 12 10 1 12 10 1 7 1 12 10 1 7 1 12 10 1 1 12 10 1 12 10 1 12 10 1 12 9 1 7 1 12 9 1 7 12 10 12 9 1 12 10 12 9 1 7 1 12 11 12 10 1 1 12 9 1 7 9 1 12 11 1 1 12 10 12 10 1 1 1 1 1 1 1 100 1 12 10 1 12 10 1 12 10 1 1 1 1 1 7 1 12 10 1 1 12 10 1 12 10 12 10 1 100 1 12 9 1 1 12 10 1 7 12 10 16 1 12 10 15 1 16 1 12 18 12 10 1 12 10 12 10 15 1 12 18 12 10 1 12 9 3 1 12 10 1 1 100 1 100 1 100 1 12 9 1 100 1 1 12 10 1 1 12 9 1 100 1 100 1 12 10 1 12 10 1 12 9 10 1 12 10 12 10 15 1 16 1 12 18 12 10 15 1 16 1 12 18 1 12 11 12 9 1 12 11 1 100 1 12 10 1 12 10 12 10 1 12 10 10 1 12 10 12 10 1 12 9 1 100 1 12 9 1 12 10 12 9 1 12 9 12 9 1 1 100 1 100 1 100 1 1 12 9 10 1 12 10 16 10 15 1 12 18 12 10 12 10 1 12 10 12 10 1 12 10 12 9 1 1 100 1 100 12 10 1 12 10 1 12 10 1 100 1 12 10 1 12 9 1 12 10 1 12 9 1 100 1 12 10 1 100 1 12 10 1 12 10 1 12 10 1 12 10 1 12 10 10 1 12 10 1 12 10 12 10 1 10 1 12 10 11 1 12 10 1 12 10 12 10 1 12 10 1 1 12 10 1 100 1 12 10 1 1 12 10 15 1 12 18 1 1 12 9 1 100 1 12 10 1 12 10 12 11 1 12 9 12 10 12 9 1 12 9 12 10 1 1 7 1 12 10 16 12 10 15 1 12 18 1 1 1 1 1 1 1 1 1 1
staticfield com/android/tools/r8/graph/c5$c e Z 1
ciInstanceKlass com/android/tools/r8/graph/W 1 1 89 1 8 1 1 7 1 7 1 7 1 1 1 1 1 1 1 1 12 10 1 1 7 1 1 12 10 12 9 1 12 9 1 100 10 1 100 1 1 100 1 12 9 1 100 1 1 7 1 12 9 1 100 1 100 1 12 11 1 100 1 1 12 11 1 12 10 1 100 1 1 12 10 1 100 1 100 1 1 12 11 1 12 10 1 1 1 1 1
staticfield com/android/tools/r8/graph/W c Z 1
ciInstanceKlass  @bci com/android/tools/r8/graph/h c (Lcom/android/tools/r8/graph/M2;)Lcom/android/tools/r8/graph/E0; 23 <appendix> member <vmtarget> ; 1 1 28 1 7 1 7 1 100 1 1 1 1 1 12 10 12 9 1 1 1 7 1 7 1 1 12 11 1 1
ciInstanceKlass  @bci com/android/tools/r8/internal/rd a (Lcom/android/tools/r8/graph/M2;)Lcom/android/tools/r8/graph/E0; 77 <appendix> member <vmtarget> ; 1 1 32 1 7 1 7 1 100 1 1 1 1 1 1 1 12 10 12 9 12 9 1 1 1 7 1 7 1 1 12 10 1 1
ciInstanceKlass com/android/tools/r8/internal/qd 1 1 125 1 8 1 1 7 1 7 1 100 1 7 1 1 1 1 1 1 1 1 1 1 1 1 1 1 12 10 12 9 12 9 12 9 12 9 12 9 1 1 7 1 1 12 10 12 9 1 1 1 100 1 100 10 1 16 1 12 10 15 16 1 7 1 1 12 10 15 1 1 12 18 1 7 1 12 10 1 1 12 10 1 7 1 12 10 1 100 1 12 10 12 9 1 12 10 1 100 1 100 1 1 12 10 1 8 1 100 1 1 12 10 15 1 12 18 1 12 10 1 1 1 1 1 1
staticfield com/android/tools/r8/internal/qd g Z 1
ciInstanceKlass  @bci com/android/tools/r8/internal/qd a ()Lcom/android/tools/r8/graph/E0; 71 <appendix> member <vmtarget> ; 1 1 28 1 7 1 7 1 100 1 1 1 1 1 12 10 12 9 1 1 1 7 1 7 1 1 12 10 1 1
ciInstanceKlass com/android/tools/r8/internal/DJ 0 0 72 1 8 1 1 100 1 100 1 100 1 1 1 1 1 16 1 100 1 12 10 15 1 16 1 100 1 1 12 10 15 1 1 12 18 1 16 1 100 1 1 12 10 15 1 16 1 12 18 1 100 1 1 12 10 1 12 10 12 9 1 1 1 1 100 10 1 1 1 1 1 1
ciInstanceKlass  @bci com/android/tools/r8/graph/z4 f (Lcom/android/tools/r8/graph/M2;)Lcom/android/tools/r8/graph/b0; 28 <appendix> member <vmtarget> ; 1 1 28 1 7 1 7 1 100 1 1 1 1 1 12 10 12 9 1 1 1 7 1 7 1 1 12 10 1 1
ciInstanceKlass  @bci com/android/tools/r8/graph/z4 f (Lcom/android/tools/r8/graph/M2;)Lcom/android/tools/r8/graph/b0; 60 <appendix> member <vmtarget> ; 1 1 28 1 7 1 7 1 100 1 1 1 1 1 12 10 12 9 1 1 1 7 1 7 1 1 12 10 1 1
ciInstanceKlass  @bci com/android/tools/r8/graph/z4 f (Lcom/android/tools/r8/graph/M2;)Lcom/android/tools/r8/graph/b0; 101 <appendix> member <vmtarget> ; 1 1 28 1 7 1 7 1 100 1 1 1 1 1 12 10 12 9 1 1 1 100 1 100 1 1 12 10 1 1
ciInstanceKlass com/android/tools/r8/graph/Z 1 1 31 1 8 1 1 7 1 7 1 100 1 1 1 1 12 10 1 10 12 9 1 1 1 1 1 1 1 1 1 1 1
staticfield com/android/tools/r8/graph/Z b Lcom/android/tools/r8/graph/Z; com/android/tools/r8/graph/Z
ciInstanceKlass com/android/tools/r8/graph/F2 1 1 31 1 8 1 1 7 1 7 1 1 1 1 1 1 1 12 10 12 9 12 9 1 1 1 1 1 1 1 1 1 1
ciInstanceKlass com/android/tools/r8/ProgramResource$ByteResource 1 1 83 1 8 1 1 7 1 7 1 7 1 100 1 1 1 1 1 1 1 1 1 1 1 1 1 1 1 12 10 12 9 1 100 10 1 100 100 1 100 12 9 12 9 12 9 12 9 1 1 7 1 1 12 10 1 1 1 1 1 1 1 1 1 100 1 100 1 12 10 1 1 1 1 1 1 1 1 1 1 1 1 1 1
staticfield com/android/tools/r8/ProgramResource$ByteResource e Z 1
ciInstanceKlass com/android/tools/r8/graph/n5 1 1 49 1 8 1 1 100 1 7 1 100 1 1 100 1 1 1 1 12 10 1 1 100 1 1 12 11 1 1 1 12 9 1 1 12 10 1 100 1 1 12 10 12 10 1 1 1 1 1 1
ciInstanceKlass com/android/tools/r8/graph/m5 0 0 51 1 8 1 1 100 1 100 1 100 1 1 100 1 1 1 1 12 10 1 1 100 1 1 12 11 1 1 1 1 1 12 9 1 1 12 10 1 100 1 1 12 10 12 10 1 1 1 1 1 1
ciInstanceKlass com/android/tools/r8/graph/o5 1 1 51 1 8 1 1 100 1 7 1 100 1 1 100 1 1 1 1 12 10 1 1 1 12 9 1 1 12 10 1 100 1 1 12 10 12 10 1 1 100 1 1 12 11 1 1 1 1 1 1 1 1
ciInstanceKlass com/android/tools/r8/internal/PK 1 1 287 1 8 1 1 7 1 7 1 1 1 1 1 1 1 1 1 1 1 1 1 1 1 1 1 12 10 12 9 12 9 1 1 1 100 1 8 1 100 1 1 12 10 15 1 12 18 1 12 10 12 9 12 9 1 7 1 100 1 7 1 7 1 12 10 1 12 10 1 100 1 1 12 9 1 100 1 12 10 1 1 12 10 1 7 1 1 12 10 12 9 12 9 1 12 10 12 9 1 1 12 10 1 7 1 1 12 10 1 12 10 1 7 1 1 12 10 1 12 10 12 10 1 1 12 10 1 7 1 12 10 1 12 10 1 12 10 1 100 1 12 10 1 7 1 12 9 1 12 10 1 7 1 12 9 1 12 10 1 7 1 12 10 12 9 1 7 9 12 10 12 10 1 100 1 12 10 1 12 10 1 1 12 9 1 100 1 12 9 1 100 1 1 12 11 12 9 12 9 1 100 1 12 10 1 12 9 1 100 1 12 10 1 1 7 1 12 10 1 8 12 10 1 8 1 8 1 8 1 8 1 8 12 9 1 8 12 9 1 8 1 1 12 10 10 1 1 1 8 1 12 18 1 100 1 12 9 12 9 12 9 12 9 1 12 9 1 100 1 1 12 10 8 1 100 1 12 10 12 9 12 9 1 1 1 1 1
staticfield com/android/tools/r8/internal/PK d Lcom/android/tools/r8/internal/PK; com/android/tools/r8/internal/PK
staticfield com/android/tools/r8/internal/PK e Lcom/android/tools/r8/internal/PK; com/android/tools/r8/internal/PK
staticfield com/android/tools/r8/internal/PK f Lcom/android/tools/r8/internal/PK; com/android/tools/r8/internal/PK
staticfield com/android/tools/r8/internal/PK g Lcom/android/tools/r8/internal/PK; com/android/tools/r8/internal/PK
staticfield com/android/tools/r8/internal/PK h Lcom/android/tools/r8/internal/PK; com/android/tools/r8/internal/PK
staticfield com/android/tools/r8/internal/PK i Lcom/android/tools/r8/internal/PK; com/android/tools/r8/internal/PK
staticfield com/android/tools/r8/internal/PK j Lcom/android/tools/r8/internal/PK; com/android/tools/r8/internal/PK
staticfield com/android/tools/r8/internal/PK k Lcom/android/tools/r8/internal/PK; com/android/tools/r8/internal/PK
staticfield com/android/tools/r8/internal/PK l Z 1
ciInstanceKlass com/android/tools/r8/internal/MK 1 1 277 1 8 1 1 7 1 7 1 100 1 100 1 1 1 1 1 1 1 12 10 12 9 1 1 1 7 1 1 12 10 12 9 1 1 1 1 1 1 100 1 12 10 1 1 1 7 1 1 12 9 1 1 1 8 1 1 7 1 12 10 1 7 1 12 9 1 12 10 1 12 10 1 12 10 1 12 10 1 7 1 7 1 1 12 10 1 12 10 1 12 10 1 7 1 12 10 1 100 1 12 10 1 1 100 1 12 10 1 100 1 1 12 9 1 100 1 12 10 1 1 12 9 1 100 1 1 12 10 1 1 100 1 1 12 10 12 10 1 1 1 1 100 1 1 12 9 1 100 1 12 10 1 12 10 1 1 1 12 10 1 100 1 1 12 10 1 100 12 10 1 100 1 12 10 1 100 1 12 10 1 1 12 10 1 1 12 10 1 12 10 1 100 1 12 10 1 100 1 100 1 12 9 1 12 10 1 100 1 100 12 9 1 100 12 9 1 100 12 10 1 12 10 12 10 1 100 1 12 10 1 12 10 1 100 1 12 10 1 12 10 1 100 12 10 1 1 100 1 12 10 1 1 100 9 1 100 1 100 1 1 12 10 1 12 10 1 1 1 100 12 10 1 1 1 1 1
staticfield com/android/tools/r8/internal/MK p Z 1
ciInstanceKlass com/android/tools/r8/internal/nB 1 1 1668 1 8 1 1 7 1 7 1 7 1 7 1 7 1 7 1 7 1 100 1 100 1 1 100 1 7 1 7 1 7 1 1 1 1 1 1 1 1 1 1 1 1 1 1 1 1 1 1 1 1 1 1 1 1 1 1 1 1 1 1 1 1 1 1 1 1 1 1 1 1 1 1 1 1 1 1 1 1 1 7 1 12 9 1 12 10 1 7 1 12 10 1 7 1 12 10 12 9 1 12 10 1 12 10 1 100 1 1 12 10 1 7 1 7 10 1 12 10 1 12 9 1 7 1 1 12 10 12 9 12 9 1 7 1 12 10 12 9 1 7 1 12 11 12 9 12 9 1 12 10 1 7 1 1 12 10 1 100 1 12 10 1 7 1 1 12 10 1 7 1 12 9 12 9 1 1 12 10 12 9 12 9 12 9 1 100 1 12 10 1 12 10 1 12 10 12 9 1 100 1 12 10 10 1 7 1 1 12 11 1 7 1 1 12 11 1 1 12 11 1 7 1 12 10 1 12 10 12 9 1 7 1 12 10 1 12 10 11 1 100 1 8 1 100 1 1 12 10 15 1 12 18 1 12 10 1 1 12 10 1 7 1 12 10 1 7 1 12 10 1 12 11 1 100 1 8 1 12 18 10 1 100 1 8 10 12 10 12 9 12 9 1 12 10 1 12 10 12 10 10 10 1 12 10 1 12 9 12 9 1 100 10 1 7 1 1 12 10 1 12 10 12 9 12 9 1 12 10 12 10 1 12 10 1 7 12 10 1 12 9 1 7 12 11 1 12 9 1 7 10 12 9 12 9 12 9 12 9 1 12 10 12 9 12 9 12 10 1 100 1 12 10 1 7 10 1 12 10 1 12 10 1 12 9 12 9 1 7 1 12 10 1 12 11 1 7 1 12 11 10 1 7 1 12 11 1 7 1 12 11 1 12 11 12 9 10 1 100 1 12 10 1 7 1 12 10 1 7 11 9 12 9 1 12 10 1 12 10 12 9 1 12 10 1 12 10 12 10 1 12 10 12 10 1 12 10 12 10 1 1 12 10 11 1 12 9 12 9 1 100 1 1 12 10 1 100 1 12 10 1 12 9 1 7 1 12 9 1 7 1 12 10 1 7 12 10 1 7 1 7 1 1 12 10 1 1 12 11 12 9 1 7 12 10 12 10 1 7 12 10 1 12 11 1 7 1 12 10 1 7 10 1 12 10 12 9 12 9 1 12 10 12 9 1 1 12 10 1 7 10 1 12 9 3 1 12 10 1 12 9 11 1 12 10 1 7 10 1 12 10 1 100 12 10 12 9 10 10 1 12 9 1 7 12 10 1 7 1 12 10 1 1 12 10 1 7 1 12 10 10 12 10 1 12 10 12 10 1 100 12 10 1 12 10 1 12 10 1 12 10 12 10 1 12 11 12 10 10 1 12 10 12 11 11 12 10 12 10 10 1 12 11 12 11 12 9 12 11 1 12 10 12 9 12 9 12 10 12 9 12 11 1 12 11 1 12 9 1 7 1 12 10 1 12 10 12 9 1 12 10 12 9 1 7 10 12 9 9 1 12 9 1 7 10 1 12 10 1 12 11 1 7 10 12 9 12 9 10 1 1 12 10 1 100 1 100 12 9 1 12 10 1 100 10 1 12 10 1 100 1 12 9 1 7 1 12 10 12 10 1 12 10 12 10 1 12 10 1 100 1 12 10 1 12 10 11 12 10 12 10 10 1 7 1 12 10 10 1 12 10 1 7 11 11 1 12 10 1 12 10 1 7 1 7 1 12 11 1 7 12 11 10 1 7 10 1 12 11 1 12 11 12 10 16 1 12 10 15 16 1 7 1 1 12 10 15 1 1 12 18 1 100 1 12 11 10 1 100 1 100 12 9 1 12 10 1 100 10 12 9 1 12 9 10 1 12 10 1 7 1 12 10 1 12 9 12 10 9 12 9 1 7 10 10 1 12 10 10 12 9 12 9 10 10 1 12 10 1 12 10 1 1 12 10 1 12 11 1 12 10 11 1 1 12 10 1 1 12 11 1 12 10 1 8 10 1 7 1 12 10 12 9 12 9 12 9 1 12 10 1 12 10 1 7 12 10 11 12 10 1 12 10 1 7 10 1 7 1 12 10 1 12 10 12 9 12 9 12 10 11 12 9 1 12 10 1 7 1 12 10 10 12 10 1 100 1 7 1 12 10 12 10 1 12 10 1 12 10 12 10 1 12 10 12 9 1 1 12 10 9 1 12 10 1 12 9 1 100 12 9 12 9 1 12 9 1 12 10 1 12 9 1 12 10 12 9 1 12 10 12 10 12 10 11 1 12 9 1 12 10 1 7 1 12 9 1 12 9 1 12 10 1 7 12 10 1 12 9 10 12 10 1 1 12 10 1 7 1 12 10 1 7 1 12 10 1 12 10 1 7 12 10 12 10 1 7 1 12 10 1 7 12 10 1 12 9 1 7 1 12 9 1 7 12 10 1 12 10 1 7 1 12 10 1 100 1 12 10 1 7 1 12 10 10 1 12 10 1 7 1 12 10 1 1 12 10 1 1 12 9 12 9 1 7 10 10 1 1 12 10 1 7 10 1 7 10 10 1 1 7 12 9 1 7 1 12 10 1 7 1 12 10 1 1 100 1 12 9 10 12 9 1 100 1 1 12 10 1 12 9 1 100 1 12 10 1 1 12 10 1 12 10 12 10 1 12 10 1 12 10 1 11 1 1 12 11 12 10 15 16 18 1 100 1 1 12 11 1 100 12 11 1 12 11 1 1 12 10 1 7 1 12 10 1 12 10 1 7 1 7 12 10 12 10 1 1 7 1 12 10 1 7 1 12 9 1 12 10 1 7 10 5 0 12 9 1 12 10 1 7 10 1 12 10 1 12 10 1 12 10 1 12 9 9 12 10 10 1 12 9 1 7 1 12 9 1 7 10 11 10 1 1 7 1 12 10 1 7 10 1 7 10 1 1 100 12 10 1 7 10 10 9 1 12 10 10 1 7 1 12 10 1 7 10 1 7 10 1 7 10 1 7 10 1 12 10 1 12 10 1 1 12 10 12 9 12 9 12 9 1 12 10 1 12 10 1 1 7 1 12 10 12 11 12 9 1 8 1 12 18 12 10 1 12 9 1 7 1 1 12 9 1 100 12 9 1 1 12 10 11 1 12 10 12 9 1 1 12 10 1 12 10 12 10 10 10 1 1 100 1 8 10 1 12 10 1 1 12 10 1 8 12 10 1 1 100 1 12 10 1 100 1 100 1 12 10 1 100 1 12 9 1 100 1 12 10 1 100 1 100 12 9 1 12 9 12 9 1 12 9 1 12 10 12 10 1 7 1 12 10 1 100 1 8 1 12 18 10 1 12 10 1 12 10 1 12 10 1 12 10 1 12 10 1 1 12 10 1 7 1 12 10 1 12 10 12 10 1 7 1 12 10 10 1 12 10 10 10 10 10 1 7 10 12 9 1 1 7 1 12 10 1 12 10 16 12 10 15 16 12 18 1 100 1 1 12 11 1 8 1 12 18 9 10 1 12 10 12 9 12 9 12 9 1 7 12 10 12 10 1 12 11 1 12 10 1 12 11 1 7 1 12 10 1 1 12 10 1 100 1 12 9 1 100 1 12 11 1 8 18 10 1 12 10 1 12 10 12 10 12 10 1 12 10 10 1 12 10 10 12 11 12 11 1 12 9 16 12 10 15 1 16 1 12 18 1 12 10 12 9 1 100 1 12 10 1 12 9 12 10 1 1 1 1 1 1 1
staticfield com/android/tools/r8/internal/nB D Z 1
ciInstanceKlass com/android/tools/r8/internal/V60 1 1 130 1 8 1 1 7 1 7 1 100 1 1 1 1 1 12 10 1 1 1 7 1 1 12 10 12 9 1 1 100 1 12 10 1 100 12 10 1 7 1 12 9 1 7 1 12 10 1 1 12 10 1 1 12 10 1 100 1 12 10 1 12 10 1 12 10 1 100 10 1 12 10 1 12 10 1 100 1 1 12 10 1 1 1 12 10 1 7 1 12 10 1 1 12 10 1 7 1 1 12 11 1 7 1 12 11 1 1 12 11 1 12 10 1 12 10 1 12 10 1 7 1 12 10 1 1 1 1 1 1
staticfield com/android/tools/r8/internal/V60 v Z 1
ciInstanceKlass com/android/tools/r8/internal/mj 1 1 141 1 8 1 1 7 1 7 1 100 1 100 1 1 1 1 1 1 12 10 1 1 7 1 1 12 10 12 9 1 1 1 1 1 1 1 1 1 12 10 1 100 1 12 10 1 7 1 1 12 10 1 100 1 100 12 10 1 7 1 7 1 7 10 1 12 10 1 12 10 1 1 1 100 10 1 1 1 1 12 9 1 1 7 1 12 9 1 1 1 1 100 1 100 10 1 1 12 9 1 100 1 12 10 1 1 12 9 1 100 1 1 12 10 1 1 1 1 100 1 12 9 1 12 9 12 10 1 1 12 9 1 100 1 12 10 1 1 1 1 1
staticfield com/android/tools/r8/internal/mj k Z 1
ciInstanceKlass com/android/tools/r8/internal/Y5 1 1 1190 1 8 1 1 7 1 7 1 7 1 7 1 100 1 100 1 100 1 100 1 1 100 1 7 1 1 1 1 1 1 1 1 1 1 1 1 1 1 1 1 1 1 1 1 1 1 1 1 1 1 12 9 1 7 1 12 9 1 7 1 1 12 11 12 9 1 1 12 11 1 7 1 1 12 10 12 9 1 100 1 1 12 10 1 7 1 12 10 1 12 10 1 1 12 11 1 16 1 12 10 15 1 16 1 7 1 1 12 10 15 1 1 12 18 1 100 1 1 12 11 1 12 10 1 12 11 12 10 1 12 9 1 7 1 12 10 1 12 10 1 1 12 10 1 7 1 12 10 1 7 1 1 12 10 1 12 10 1 8 1 12 10 1 12 10 1 12 10 1 100 12 9 1 7 10 1 1 12 11 1 7 1 12 11 1 1 12 11 1 12 10 1 8 1 8 1 1 12 10 1 8 10 1 1 12 10 1 12 10 1 1 100 12 9 1 1 12 10 1 12 10 1 7 1 12 11 1 7 1 12 11 1 10 1 12 10 1 12 10 1 12 10 11 1 12 10 1 7 1 12 10 1 1 12 9 1 7 12 10 1 100 1 1 12 10 12 10 1 1 7 1 12 11 1 7 12 9 1 7 1 12 10 16 1 12 10 15 1 16 1 12 18 12 10 1 12 10 1 12 10 1 7 11 1 1 12 9 1 12 10 1 12 10 1 8 1 7 10 1 12 9 1 7 1 1 12 10 9 1 12 10 1 1 8 1 7 1 100 12 10 1 12 10 1 12 10 1 12 10 10 1 12 10 1 12 10 10 1 12 10 1 12 10 1 12 10 1 12 10 1 12 11 1 1 12 10 1 1 12 10 1 12 10 1 8 1 1 12 10 1 12 10 11 1 1 8 12 10 1 12 10 12 10 12 10 12 9 1 7 1 12 10 1 7 12 11 1 12 9 1 100 12 10 1 7 1 12 10 1 100 1 100 1 12 10 1 1 12 10 1 12 10 1 12 10 1 12 10 1 12 9 1 7 10 1 12 9 1 7 10 1 12 10 1 1 12 10 1 100 12 9 12 9 100 1 12 10 1 12 10 1 8 1 12 9 1 12 11 12 9 1 1 12 10 1 1 12 10 12 9 12 9 10 1 1 12 9 10 12 9 1 1 8 1 100 1 1 12 10 15 1 12 18 1 8 1 16 12 10 15 1 12 18 12 10 15 18 1 1 12 10 1 12 10 12 10 1 12 10 12 10 15 16 1 12 18 1 7 1 12 11 12 10 12 9 1 10 12 9 1 7 1 12 10 1 8 1 12 18 12 9 11 10 1 7 1 12 10 1 1 1 100 10 9 12 9 1 12 10 12 9 12 9 1 12 10 11 1 7 1 12 11 1 12 11 1 12 10 10 11 11 1 1 12 10 1 1 100 10 1 1 12 10 1 12 10 1 100 12 10 11 15 1 12 18 1 12 10 1 12 10 12 10 1 12 10 1 12 10 1 12 10 1 7 1 12 10 12 10 1 12 10 1 12 10 12 10 1 12 10 11 1 12 11 12 9 1 12 10 10 15 1 16 1 12 18 1 1 12 11 1 1 12 11 1 100 10 12 10 1 12 10 1 1 12 9 1 12 10 1 12 11 12 9 1 12 10 1 1 12 10 1 1 12 10 11 1 1 12 10 1 100 10 1 8 1 1 12 10 1 12 10 1 8 18 1 8 18 1 8 18 1 8 1 12 18 1 8 18 1 8 16 12 10 15 16 1 1 12 18 1 100 12 10 12 11 1 12 10 1 8 12 10 15 1 12 18 1 8 10 1 8 1 8 1 12 10 1 8 1 8 12 9 1 8 1 100 1 12 10 1 12 9 1 8 1 12 10 1 12 9 1 8 1 100 12 10 1 12 10 1 100 1 1 12 10 9 1 1 12 10 1 12 10 1 12 10 1 12 10 1 8 10 1 100 12 9 11 1 8 1 8 1 8 10 1 12 10 1 12 10 12 9 1 7 1 12 10 15 1 16 1 12 18 1 12 10 1 1 12 9 10 1 1 12 10 1 12 9 1 12 10 12 10 11 12 10 12 10 9 12 10 12 10 12 10 12 10 1 12 10 1 100 1 12 9 1 1 12 9 1 100 1 1 12 9 1 100 1 1 12 10 1 12 10 12 9 1 100 10 1 12 9 1 100 12 10 1 12 10 1 12 10 1 12 10 12 10 12 10 9 10 12 11 1 100 1 8 1 12 10 12 9 1 12 9 1 12 10 12 10 12 10 1 7 10 1 7 10 1 12 10 10 1 12 10 11 10 10 1 7 1 12 10 12 10 1 12 10 10 12 11 12 9 12 10 15 16 1 12 18 11 12 10 15 18 1 1 12 10 15 1 12 18 1 12 11 1 1 100 10 1 100 1 12 10 12 10 1 100 12 11 12 10 1 1 100 10 1 100 1 100 12 10 1 100 1 1 12 10 1 12 10 10 1 12 10 1 100 1 12 11 1 12 10 1 100 1 7 1 7 1 12 11 1 100 1 12 10 1 100 10 12 10 1 8 1 100 1 1 12 11 1 1 12 10 1 1 12 9 12 9 12 10 10 12 10 1 1 12 10 12 10 12 10 1 1 7 1 12 10 1 1 100 10 10 1 12 10 11 1 12 10 15 18 12 10 15 18 11 1 1 1 1 1 1 1 1 1
staticfield com/android/tools/r8/internal/Y5 q Z 1
ciInstanceKlass com/android/tools/r8/internal/PE 1 1 220 1 8 1 1 7 1 1 7 1 100 1 100 1 1 1 1 1 1 1 1 1 1 1 1 12 10 12 9 1 1 7 1 1 12 10 12 9 1 1 12 9 1 12 9 1 1 12 10 1 100 10 1 1 1 8 1 100 1 1 12 10 15 1 12 18 1 12 10 12 9 1 7 9 9 1 1 12 10 9 1 7 1 1 12 9 1 1 12 10 1 12 10 1 7 1 12 9 12 9 12 9 1 1 12 10 1 1 12 9 1 7 1 1 12 10 1 7 1 12 11 1 1 12 11 1 7 1 12 9 1 7 1 1 12 10 1 12 9 1 12 10 1 12 10 1 100 1 12 10 1 7 1 12 10 1 12 10 1 12 10 12 10 1 1 12 9 1 1 12 10 1 12 10 12 10 1 1 12 10 1 7 11 1 12 10 1 12 10 1 7 10 12 10 1 1 1 1 12 10 1 100 1 12 10 1 1 7 1 12 10 12 10 1 1 1 1 1 1 1
staticfield com/android/tools/r8/internal/PE f Z 1
ciInstanceKlass com/android/tools/r8/internal/xx0 1 1 33 1 8 1 1 7 1 7 1 100 1 1 1 1 1 1 1 12 10 1 7 1 1 12 10 12 9 12 9 1 1 1 1
ciInstanceKlass com/android/tools/r8/internal/xK 1 1 303 1 8 1 1 7 1 7 1 100 1 100 1 1 1 1 1 12 10 1 1 1 7 1 1 12 10 12 9 1 1 1 1 1 1 100 1 12 10 1 1 1 7 1 1 12 9 1 1 1 8 1 1 7 1 12 10 1 7 1 12 9 1 12 10 1 12 10 1 12 10 1 12 10 1 12 10 12 10 1 7 1 7 1 1 12 10 1 12 10 1 100 10 1 12 10 1 100 1 7 1 12 10 1 100 10 1 100 1 12 10 1 1 7 1 1 12 10 12 10 1 1 1 1 100 1 1 12 9 1 100 1 12 10 1 12 9 1 100 1 100 1 100 1 12 9 1 100 1 12 10 1 100 1 100 1 12 10 1 100 1 12 10 1 100 1 12 9 1 100 1 12 10 1 12 9 12 9 1 100 1 12 10 1 12 10 12 9 1 1 100 1 12 10 1 100 1 1 12 9 1 100 1 12 10 1 12 9 1 100 1 1 12 10 1 1 1 12 10 1 100 1 1 12 10 1 100 12 10 1 12 10 1 1 12 10 1 12 10 1 100 1 12 10 1 100 1 12 10 1 12 10 1 12 10 1 12 10 1 100 1 1 12 10 1 12 10 1 100 12 10 1 1 100 1 12 10 1 1 100 9 1 100 1 1 12 10 1 100 1 12 10 1 1 1 100 12 10 1 1 1 1 1
staticfield com/android/tools/r8/internal/xK o Z 1
ciInstanceKlass com/android/tools/r8/graph/p5 1 1 48 1 8 1 1 7 1 7 1 100 1 1 100 1 1 1 1 1 12 10 1 10 12 9 1 1 100 1 12 9 1 1 1 1 100 10 1 1 1 1 1 1 1 1 1 1 1 1
staticfield com/android/tools/r8/graph/p5 b Lcom/android/tools/r8/graph/p5; com/android/tools/r8/graph/p5
ciInstanceKlass com/android/tools/r8/internal/a6 1 1 973 1 8 1 1 7 1 7 1 100 1 100 1 100 1 1 100 1 100 1 1 1 1 1 1 1 1 1 1 1 1 12 9 12 9 1 7 12 9 1 100 1 1 12 10 1 1 12 9 12 9 12 9 1 100 1 8 1 100 1 1 12 10 15 1 12 18 1 12 10 1 100 10 1 1 1 100 10 1 1 12 9 1 7 1 12 10 9 1 9 1 1 1 1 12 9 12 9 1 12 10 1 12 10 1 12 10 10 1 100 1 100 1 100 1 100 1 7 1 12 10 11 1 1 12 11 1 1 12 10 1 12 10 1 100 12 11 1 1 12 11 1 12 10 1 100 1 1 12 11 1 12 10 1 12 10 1 1 12 10 1 100 1 12 11 1 1 12 10 12 10 1 12 10 12 9 1 12 10 1 100 1 12 10 1 12 10 12 10 1 12 10 1 1 1 100 1 12 10 1 12 10 12 10 1 1 12 10 12 9 10 1 100 1 12 9 1 12 10 12 10 1 1 100 1 12 10 1 100 1 12 10 1 100 1 12 10 1 100 1 1 12 10 1 1 12 10 1 1 12 9 1 12 9 1 100 12 9 1 100 10 1 100 9 1 100 1 12 9 1 100 10 1 12 10 1 100 12 9 1 12 10 11 1 1 100 1 12 10 1 12 10 1 12 10 1 12 10 1 1 12 10 1 100 1 1 12 10 1 100 1 12 10 1 100 1 12 9 1 100 1 12 9 1 12 10 1 1 12 10 1 100 12 11 1 1 12 10 1 100 1 12 10 1 12 10 1 12 10 1 1 100 1 100 1 12 10 1 12 10 1 1 12 10 1 12 9 1 12 9 1 12 10 12 10 1 12 10 1 100 1 12 10 1 12 10 1 100 11 1 100 1 100 1 12 9 1 12 10 12 11 1 12 11 1 12 9 1 12 9 1 12 10 1 12 10 1 100 1 12 10 10 1 1 12 10 1 12 10 1 100 1 12 10 1 12 10 1 1 1 100 1 1 12 10 12 10 1 100 1 12 10 1 1 12 10 1 100 1 1 12 11 1 100 12 10 1 12 10 1 12 10 1 100 12 10 1 12 10 1 1 12 11 1 12 10 11 1 100 1 12 9 1 100 10 1 12 9 10 1 100 1 12 9 1 12 10 1 1 12 11 10 1 1 12 10 12 11 11 1 12 10 1 16 1 12 10 15 1 16 1 100 1 1 12 10 15 1 12 18 1 100 1 12 10 1 12 10 1 100 1 12 10 1 12 9 1 100 12 10 1 12 10 1 12 9 1 100 1 1 12 11 1 12 11 12 11 1 1 1 12 11 1 12 10 1 1 1 12 10 1 100 1 12 10 1 100 1 12 9 1 100 12 9 1 12 10 1 100 1 12 10 1 12 10 9 1 100 1 100 12 9 1 100 11 1 12 10 12 10 1 12 10 1 12 9 1 100 12 10 1 100 9 1 100 1 12 9 1 12 10 10 1 12 10 1 1 12 10 1 12 10 1 12 10 1 12 10 1 100 12 10 1 12 10 1 12 10 1 1 12 10 1 12 10 1 1 12 11 1 12 10 1 100 1 12 10 12 10 1 100 10 11 1 100 12 10 12 9 10 10 12 10 1 12 10 1 100 1 12 10 12 10 1 12 11 1 12 10 12 9 12 10 1 12 10 1 12 10 1 1 12 10 16 1 12 10 15 1 16 1 1 12 18 1 100 1 1 12 11 1 100 1 12 10 1 12 10 12 10 11 1 12 10 1 12 10 1 1 12 10 1 100 1 12 10 12 9 1 100 1 100 1 12 10 1 100 1 12 10 1 12 10 1 12 10 12 11 1 100 12 10 1 12 10 12 10 10 10 12 10 1 12 9 1 100 1 12 9 12 9 1 100 10 1 12 10 10 1 12 10 10 1 12 10 15 1 16 1 12 18 1 100 12 11 12 11 9 12 9 1 1 1 12 10 1 12 10 10 1 12 10 1 1 12 10 1 12 10 1 12 10 10 10 1 12 10 1 100 10 1 12 10 12 10 1 12 9 1 12 10 1 100 10 1 1 7 1 12 10 15 18 1 100 1 12 11 15 1 12 18 11 1 100 1 12 10 16 12 10 15 1 16 1 12 18 1 100 1 12 10 15 18 12 10 11 10 12 9 1 12 10 1 12 9 1 12 10 1 12 10 1 100 9 1 100 10 1 1 1 1 1 1
staticfield com/android/tools/r8/internal/a6 g Z 1
ciInstanceKlass com/android/tools/r8/internal/ni 1 1 241 1 8 1 1 100 1 100 1 100 1 1 1 100 1 1 12 11 1 100 1 1 12 9 1 1 100 1 12 11 1 1 1 1 100 1 1 12 11 1 100 1 1 100 1 12 11 1 1 1 1 16 12 11 15 1 16 1 100 1 1 12 10 15 1 12 18 1 1 12 10 1 12 11 1 12 11 1 1 1 12 11 1 12 11 16 12 11 15 1 16 1 12 18 1 12 11 1 12 11 1 1 12 9 1 12 11 1 100 1 1 12 10 16 12 11 15 1 16 1 12 18 1 100 1 12 10 12 11 12 11 15 18 16 12 11 15 1 16 1 12 18 1 12 10 12 11 15 18 12 11 15 18 12 11 15 18 12 11 15 1 16 18 1 12 11 12 11 15 18 12 11 1 12 11 15 1 12 18 12 11 15 18 1 12 11 15 18 12 11 12 11 15 18 12 11 12 11 15 1 16 1 12 18 12 10 12 11 15 18 1 1 12 11 16 12 11 15 1 16 1 12 18 12 11 12 11 15 1 16 1 12 18 12 11 1 1 1 1 1 1
ciInstanceKlass com/android/tools/r8/internal/wB 1 1 57 1 8 1 1 100 1 100 1 100 1 1 1 100 1 1 12 10 1 1 12 10 1 1 1 1 12 10 1 1 1 1 100 1 8 1 1 12 10 1 1 1 8 1 1 1 8 1 1 1 8 1 8 1 1 8 1
ciInstanceKlass com/android/tools/r8/internal/sB 1 1 1558 1 8 1 1 7 1 7 1 100 1 100 1 7 1 7 1 7 1 7 1 100 1 100 1 1 7 1 7 1 1 100 1 7 1 1 1 1 1 1 1 1 1 1 1 1 1 1 1 1 1 1 1 1 1 12 9 1 12 9 1 7 1 1 12 10 1 12 10 1 7 1 1 12 10 1 12 10 1 7 1 12 10 1 1 12 10 1 7 1 12 11 1 1 12 10 1 7 11 1 1 12 10 1 12 10 12 10 1 1 1 1 12 10 1 1 12 10 1 7 1 12 10 1 1 12 10 1 12 9 1 100 1 1 12 10 1 100 1 12 10 1 100 1 12 10 12 9 1 7 12 10 1 1 12 10 1 12 10 1 1 100 1 12 10 1 100 12 9 1 7 1 1 12 10 1 8 1 100 1 1 12 10 15 1 12 18 1 12 10 1 1 1 12 10 1 7 1 12 9 1 7 1 1 12 10 1 1 7 1 12 10 1 7 1 100 1 12 11 1 12 11 1 12 10 1 1 12 10 1 12 9 1 7 1 1 12 10 1 7 1 12 11 1 100 1 12 10 1 1 12 10 1 12 10 1 1 12 10 12 10 1 7 1 7 11 11 1 1 12 10 1 100 1 12 10 1 12 10 1 12 11 1 100 1 12 11 1 12 10 11 1 100 1 12 10 12 10 1 12 10 1 12 11 1 1 12 10 1 16 12 10 15 16 1 7 1 1 12 10 15 1 1 12 18 1 100 1 1 12 11 1 10 12 10 1 12 9 1 12 10 1 1 12 10 1 100 11 12 9 10 1 1 12 10 12 9 1 12 10 12 10 1 12 10 11 1 1 12 11 1 1 12 10 1 1 1 12 10 1 12 10 10 1 7 1 12 10 1 100 1 12 10 1 12 10 10 1 7 1 12 10 1 12 10 12 10 12 10 12 9 1 1 100 1 8 1 12 10 1 12 10 1 1 12 10 1 8 12 10 1 1 1 7 11 1 12 10 1 10 1 12 9 1 12 9 1 12 11 10 12 10 1 7 10 1 7 10 1 12 10 10 1 12 10 12 9 1 12 10 10 12 10 12 9 1 100 1 7 1 12 10 1 7 1 1 12 10 1 12 10 1 1 12 9 1 12 9 1 100 10 1 12 10 12 10 1 1 12 10 1 12 10 1 12 10 12 10 1 100 1 12 10 1 12 9 1 12 10 15 1 16 18 1 12 10 1 100 11 1 100 1 1 12 10 1 100 1 1 12 10 1 12 10 1 100 1 1 12 10 1 100 1 12 9 1 100 1 12 11 1 12 10 1 12 10 16 12 10 15 1 12 18 1 1 15 1 12 18 1 12 10 1 100 1 12 10 12 10 15 18 1 7 10 1 1 1 7 10 1 1 12 10 10 1 1 12 10 1 100 1 12 10 12 10 1 100 1 12 10 12 10 15 18 1 1 12 10 1 12 10 1 7 1 100 12 10 1 100 10 12 10 1 100 12 10 1 12 9 1 100 1 12 10 1 12 10 15 18 1 100 1 12 11 12 9 1 12 9 1 12 10 1 1 7 1 12 10 1 7 12 10 1 12 10 1 1 12 10 1 12 10 1 100 1 100 1 12 10 1 12 10 1 7 12 10 11 12 10 12 10 1 12 10 1 12 10 1 12 10 1 12 10 12 10 1 12 11 12 10 11 16 10 15 16 1 12 18 1 12 10 1 12 9 12 9 12 9 11 1 1 100 1 100 12 10 12 10 10 1 7 10 12 10 12 10 12 10 12 10 10 1 12 10 1 12 10 1 7 1 12 10 1 7 1 12 9 1 12 10 12 10 1 12 10 15 1 16 12 18 1 12 11 3 12 9 12 9 1 1 12 10 1 100 10 10 1 12 10 11 1 100 1 12 10 1 12 10 15 1 12 18 1 7 1 12 10 1 1 12 10 15 1 12 18 1 12 10 1 12 11 1 10 10 1 12 10 11 1 1 12 10 1 100 10 1 100 1 100 1 12 9 1 7 1 12 9 1 12 10 12 10 1 12 11 12 10 1 1 100 12 10 12 10 12 9 1 8 1 12 18 1 12 10 1 12 10 1 8 1 12 18 1 12 10 12 10 12 10 1 12 10 1 100 12 11 9 12 9 1 12 10 12 10 1 1 12 10 1 100 1 100 1 12 9 1 12 10 1 100 10 12 9 12 9 10 1 12 11 12 9 11 1 7 1 7 1 12 9 1 1 12 10 10 1 100 1 12 10 1 7 10 1 16 1 12 10 15 16 1 1 12 18 1 100 1 12 10 15 1 16 1 12 18 1 100 1 1 12 11 12 10 15 18 11 1 12 11 11 12 10 15 18 11 12 10 15 18 1 1 100 12 10 12 10 1 100 1 12 10 1 1 12 10 1 12 10 10 12 10 12 10 1 12 10 15 16 18 1 12 10 1 12 10 1 100 12 11 1 10 12 10 10 1 7 10 1 12 10 10 12 10 1 12 9 10 1 12 9 11 1 12 9 1 100 11 11 1 1 12 11 12 9 11 10 11 1 12 10 1 12 11 12 11 11 100 12 10 11 1 12 10 1 16 1 12 10 15 1 16 1 1 12 18 1 1 12 10 10 15 18 15 18 10 11 1 12 10 1 1 12 10 1 12 10 10 1 8 1 12 18 12 10 10 12 10 12 10 1 12 10 1 12 9 1 12 10 12 10 1 12 10 1 100 12 10 1 12 10 1 8 1 12 18 1 12 10 1 16 12 10 15 1 16 1 12 18 1 100 1 12 10 12 10 12 10 12 10 12 10 1 100 10 10 1 8 1 100 1 8 1 12 10 1 8 1 12 10 1 8 1 12 10 1 8 1 100 1 8 1 100 1 8 1 100 1 8 1 100 1 8 12 10 1 8 1 100 1 8 1 12 10 1 8 1 12 10 1 8 1 100 1 8 1 100 1 8 1 12 10 1 8 1 100 1 8 1 12 10 1 8 1 100 1 8 1 100 1 8 1 100 1 8 1 12 10 1 8 1 100 1 8 1 100 1 8 1 100 1 8 1 100 1 8 12 10 1 8 1 12 10 1 8 1 100 1 8 1 100 1 8 1 100 1 8 1 100 10 1 100 1 12 9 1 100 12 10 12 10 1 100 1 1 12 10 1 12 10 1 12 10 1 100 1 12 10 12 10 15 1 12 18 12 10 15 1 16 18 1 100 1 1 12 10 1 1 12 10 1 1 12 11 1 16 12 10 15 16 1 12 18 1 12 11 12 10 15 18 12 10 15 18 1 1 100 12 10 12 11 1 1 12 10 1 1 10 12 9 12 9 12 9 1 12 10 1 1 1 12 11 11 12 10 15 18 1 12 11 12 10 15 18 12 10 1 100 1 12 10 1 100 1 12 10 1 100 12 10 12 10 1 100 1 12 9 1 100 1 12 10 12 10 1 100 1 100 1 100 1 100 1 100 1 100 1 12 11 1 100 10 12 11 1 1 7 1 12 10 12 10 15 12 18 1 12 10 12 10 1 1 1 1 1 1 1 1 1 1
staticfield com/android/tools/r8/internal/sB k Z 1
ciInstanceKlass com/android/tools/r8/ir/optimize/a 1 1 146 1 8 1 1 7 1 1 7 1 7 1 1 1 1 1 1 1 7 1 12 10 12 10 12 9 1 1 1 1 7 1 12 9 1 7 1 1 12 9 12 10 12 9 1 1 1 1 12 11 1 7 1 12 10 1 7 1 1 12 11 1 7 1 12 10 1 12 10 1 12 10 1 12 11 1 1 1 12 11 1 1 12 11 1 1 7 1 12 10 1 1 12 11 1 7 1 7 1 12 11 1 1 12 11 1 12 10 1 12 10 1 12 11 1 12 11 1 12 11 1 12 11 1 12 11 1 12 11 1 1 12 11 1 1 12 11 1 12 11 1 1 1 1 1 1
staticfield com/android/tools/r8/ir/optimize/a c Lcom/android/tools/r8/ir/optimize/a; com/android/tools/r8/ir/optimize/a
ciInstanceKlass com/android/tools/r8/internal/b6 1 1 145 1 8 1 1 7 1 1 7 1 7 1 1 1 1 1 1 1 12 10 1 7 1 1 12 9 1 7 1 1 12 10 12 9 1 1 100 1 12 10 1 1 1 1 12 11 1 1 12 11 1 12 11 1 12 11 1 1 16 12 10 15 1 16 1 100 1 1 12 10 15 1 1 12 18 1 100 1 12 10 1 7 1 1 12 11 12 9 1 12 10 15 18 1 1 1 12 9 1 7 1 12 10 1 7 1 12 10 1 12 10 1 1 12 10 1 12 9 12 9 1 1 12 9 12 11 1 100 10 1 1 12 11 1 12 11 1 12 11 1 1 1 1 1 1
ciInstanceKlass com/android/tools/r8/internal/iv0 1 1 418 1 8 1 1 7 1 7 1 1 1 1 1 1 1 1 1 1 1 1 1 1 1 1 1 12 10 12 9 12 9 1 7 1 12 10 12 9 12 9 1 7 1 12 10 12 9 12 9 12 9 12 10 1 7 1 1 12 10 1 16 1 12 10 15 16 1 7 1 1 12 10 15 1 1 12 18 1 7 1 1 12 10 12 10 1 1 100 1 1 12 10 1 100 1 12 10 1 100 1 12 10 1 7 1 1 12 10 1 12 10 1 100 1 12 10 1 100 1 12 10 1 12 10 1 100 1 12 10 1 1 7 1 12 10 12 9 1 12 9 1 7 1 12 11 1 100 10 12 10 1 12 10 12 9 1 1 12 11 1 7 1 1 12 10 1 7 1 12 11 1 1 12 11 1 7 12 10 1 12 9 1 7 12 10 1 12 10 1 12 10 1 7 1 12 10 12 9 1 12 9 1 100 1 1 12 10 1 7 1 12 11 1 12 11 1 7 1 1 12 10 1 100 1 100 11 11 1 1 12 10 1 100 1 1 12 10 1 1 12 10 1 12 10 1 12 10 1 12 10 1 1 12 9 1 12 10 1 100 1 12 10 12 9 1 12 10 12 9 1 12 10 1 12 10 1 100 1 12 10 1 100 12 10 12 10 12 10 1 12 9 9 1 100 1 12 9 1 12 11 1 12 10 1 100 10 1 12 10 1 12 10 1 7 1 12 10 15 16 18 11 12 10 1 12 10 1 7 12 10 12 10 1 12 10 1 12 10 1 1 12 10 1 7 11 16 1 12 10 15 1 16 1 1 12 18 1 12 10 1 12 10 1 12 11 1 12 10 1 8 1 12 10 1 8 1 100 1 1 12 10 15 1 12 18 12 10 1 7 1 7 1 12 10 1 12 10 1 100 10 1 12 10 1 12 10 1 12 10 11 1 12 10 1 1 1 1 1
staticfield com/android/tools/r8/internal/iv0 h Z 1
ciInstanceKlass com/android/tools/r8/internal/bz0 1 1 186 1 8 1 1 7 1 1 7 1 1 1 1 1 1 12 9 1 7 1 12 10 1 1 100 1 1 12 10 16 1 100 11 15 1 7 1 1 12 10 15 1 1 12 18 1 7 1 1 12 11 1 1 12 10 15 1 12 18 1 1 12 9 1 7 1 12 11 1 12 10 1 1 12 10 1 12 10 1 7 1 12 11 1 1 16 1 12 10 15 1 16 1 1 12 18 1 12 10 1 100 12 11 1 100 12 10 1 100 1 12 9 1 12 10 1 1 1 12 10 1 12 10 1 1 1 7 10 1 100 1 1 12 10 16 1 12 10 15 1 16 1 12 18 12 10 1 12 10 15 18 1 1 1 1 12 10 12 10 1 12 10 10 1 100 12 11 1 100 12 11 1 100 10 1 7 12 10 12 10 1 1 1 1 1 1
ciInstanceKlass com/android/tools/r8/ir/optimize/r 1 1 94 1 8 1 1 7 1 7 1 1 1 1 1 1 1 1 1 1 1 12 10 1 7 1 12 10 12 9 12 9 12 9 1 1 7 1 1 12 10 12 9 1 1 100 1 1 12 10 1 100 12 10 1 100 1 1 12 10 1 100 1 1 12 10 1 12 10 1 100 1 1 12 11 1 100 1 100 1 1 12 10 1 1 12 11 1 100 1 12 11 1 1 1 1
staticfield com/android/tools/r8/ir/optimize/r d Z 1
ciInstanceKlass com/android/tools/r8/internal/Ce 1 1 30 1 8 1 1 7 1 7 1 100 1 1 1 1 1 12 10 12 9 1 1 1 7 1 12 10 1 1 1 1
ciInstanceKlass  @bci com/android/tools/r8/internal/iv0 a (Ljava/lang/Iterable;I)V 35 <appendix> member <vmtarget> ; 1 1 28 1 7 1 7 1 100 1 1 1 1 1 12 10 12 9 1 1 1 7 1 7 1 1 12 10 1 1
ciInstanceKlass  @bci com/android/tools/r8/internal/G1 a (J)Lcom/android/tools/r8/internal/Cn0; 8 <appendix> argL0 ; 1 1 26 1 7 1 7 1 100 1 1 12 10 1 1 1 7 1 7 1 1 12 10 1 12 10 1 1
ciMethodData java/lang/Object <init> ()V 2 5335843 orig 80 0 0 0 0 0 0 0 0 0 0 0 0 0 0 0 0 0 0 0 0 0 0 0 0 0 0 0 0 0 0 0 0 0 0 0 0 0 0 0 0 0 0 0 0 0 0 0 0 0 0 0 0 0 0 0 0 0 0 0 0 0 0 0 0 0 0 0 0 0 0 0 0 0 0 0 0 0 0 0 0 data 4 0x0 0x9 0x1 0x0 oops 0 methods 0
ciMethodData java/util/Objects requireNonNull (Ljava/lang/Object;)Ljava/lang/Object; 2 656168 orig 80 0 0 0 0 0 0 0 0 0 0 0 0 0 0 0 0 0 0 0 0 0 0 0 0 0 0 0 0 0 0 0 0 0 0 0 0 0 0 0 0 0 0 0 0 0 0 0 0 0 0 0 0 0 0 0 0 0 0 0 0 0 0 0 0 0 0 0 0 0 0 0 0 0 0 0 0 0 0 0 0 data 15 0x10007 0xa054f 0x30 0x0 0x80002 0x0 0x0 0x0 0x0 0x0 0x0 0x0 0x9 0x1 0x0 oops 0 methods 0
ciMethodData java/util/concurrent/ConcurrentHashMap tabAt ([Ljava/util/concurrent/ConcurrentHashMap$Node;I)Ljava/util/concurrent/ConcurrentHashMap$Node; 2 5229 orig 80 0 0 0 0 0 0 0 0 0 0 0 0 0 0 0 0 0 0 0 0 0 0 0 0 0 0 0 0 0 0 0 0 0 0 0 0 0 0 0 0 0 0 0 0 0 0 0 0 0 0 0 0 0 0 0 0 0 0 0 0 0 0 0 0 0 0 0 0 0 0 0 0 0 0 0 0 0 0 0 0 data 27 0xf000b 0x146d 0x0 0x0 0x0 0x0 0x0 0x2 0x1 0x2c76b63a440 0x120104 0x0 0x0 0x2c76b63a390 0x7e5 0x2c76b63c588 0x4e0 0x0 0x0 0x0 0x0 0x0 0x0 0x9 0x2 0x0 0x0 oops 3 9 [Ljava/util/concurrent/ConcurrentHashMap$Node; 13 java/util/concurrent/ConcurrentHashMap$Node 15 java/util/concurrent/ConcurrentHashMap$ForwardingNode methods 0
ciMethodData java/util/concurrent/ConcurrentHashMap spread (I)I 2 214975 orig 80 0 0 0 0 0 0 0 0 0 0 0 0 0 0 0 0 0 0 0 0 0 0 0 0 0 0 0 0 0 0 0 0 0 0 0 0 0 0 0 0 0 0 0 0 0 0 0 0 0 0 0 0 0 0 0 0 0 0 0 0 0 0 0 0 0 0 0 0 0 0 0 0 0 0 0 0 0 0 0 0 data 5 0x0 0x0 0x9 0x1 0x0 oops 0 methods 0
ciMethodData java/util/concurrent/ConcurrentHashMap get (Ljava/lang/Object;)Ljava/lang/Object; 2 15912 orig 80 1 0 0 0 1 0 0 0 0 0 0 0 0 0 0 0 0 0 0 0 0 0 0 0 0 0 0 0 0 0 0 0 0 0 0 0 0 0 0 2 0 0 0 0 0 0 0 0 0 0 0 0 0 0 0 0 0 0 0 0 0 0 0 0 0 0 0 0 0 0 0 0 0 0 0 0 0 0 0 0 data 101 0x10005 0x2af2 0x0 0x2c76b63c4d8 0x572 0x2c7621897a8 0xdc0 0x40002 0x3e1d 0xf0007 0x5f4 0x290 0x3843 0x170007 0x0 0x270 0x3842 0x220002 0x3842 0x270007 0x1168 0x240 0x26fd 0x330007 0x113c 0xb8 0x15e5 0x3e0007 0xf8c 0x98 0x659 0x430007 0x0 0x108 0x659 0x490005 0x417 0x0 0x2c76b63c4d8 0x220 0x2c76218bdf8 0x22 0x4c0007 0x0 0xb0 0x659 0x8000000600560007 0x113b 0x90 0x3 0x5d0005 0x0 0x0 0x2c76b63c588 0x3 0x0 0x0 0x630007 0x0 0x38 0x3 0x6b0003 0x3 0x18 0x760007 0x581 0xd8 0x1048 0x7f0007 0x48e 0xffffffffffffffe0 0xbb9 0x8a0007 0x554 0x98 0x666 0x8f0007 0x0 0xffffffffffffffa0 0x666 0x950005 0x3a 0x0 0x2c7621897a8 0x243 0x2c76b63c638 0x3e9 0x980007 0x0 0xffffffffffffff48 0x666 0x0 0x0 0x0 0x0 0x0 0x0 0x9 0x2 0x0 0x0 oops 7 3 jdk/internal/util/StrongReferenceKey 5 java/lang/String 38 jdk/internal/util/StrongReferenceKey 40 java/lang/invoke/MemberName 53 java/util/concurrent/ConcurrentHashMap$ForwardingNode 83 java/lang/String 85 java/security/Provider$ServiceKey methods 0
ciMethod java/lang/AssertionError <init> ()V 0 0 1 0 -1
ciMethodData java/lang/invoke/DirectMethodHandle allocateInstance (Ljava/lang/Object;)Ljava/lang/Object; 2 865453 orig 80 0 0 0 0 0 0 0 0 0 0 0 0 0 0 0 0 0 0 0 0 0 0 0 0 0 0 0 0 0 0 0 0 0 0 0 0 0 0 0 0 0 0 0 0 0 0 0 0 0 0 0 0 0 0 0 0 0 0 0 0 0 0 0 0 0 0 0 0 0 0 0 0 0 0 0 0 0 0 0 0 data 23 0x10004 0x0 0x0 0x2c76a8033e8 0x6086 0x0 0x0 0xc0005 0xd38d4 0x0 0x0 0x0 0x0 0x0 0x0 0x0 0x0 0x0 0x0 0x0 0x9 0x1 0x0 oops 1 3 java/lang/invoke/DirectMethodHandle$Constructor methods 0
ciMethodData java/lang/invoke/DirectMethodHandle constructorMethod (Ljava/lang/Object;)Ljava/lang/Object; 2 893867 orig 80 0 0 0 0 0 0 0 0 0 0 0 0 0 0 0 0 0 0 0 0 0 0 0 0 0 0 0 0 0 0 0 0 0 0 0 0 0 0 0 0 0 0 0 0 0 0 0 0 0 0 0 0 0 0 0 0 0 0 0 0 0 0 0 0 0 0 0 0 0 0 0 0 0 0 0 0 0 0 0 0 data 16 0x10004 0x0 0x0 0x2c76a8033e8 0x54b3 0x0 0x0 0x0 0x0 0x0 0x0 0x0 0x0 0x9 0x1 0x0 oops 1 3 java/lang/invoke/DirectMethodHandle$Constructor methods 0
ciMethodData java/lang/invoke/Invokers$Holder linkToTargetMethod (Ljava/lang/Object;Ljava/lang/Object;)Ljava/lang/Object; 2 622359 orig 80 0 0 0 0 0 0 0 0 0 0 0 0 0 0 0 0 0 0 0 0 0 0 0 0 0 0 0 0 0 0 0 0 0 0 0 0 0 0 0 0 0 0 0 0 0 0 0 0 0 0 0 0 0 0 0 0 0 0 0 0 0 0 0 0 0 0 0 0 0 0 0 0 0 0 0 0 0 0 0 0 data 34 0x10004 0x0 0x0 0x2c76a803e78 0x335 0x2c76a8033e8 0x341 0x5000b 0x97f75 0x0 0x0 0x0 0x0 0x0 0x3 0x1 0x2 0x2 0x0 0x0 0x0 0x0 0x0 0x0 0x9 0x2 0x0 0x0 0xc 0x4 0x0 0x2 0x1 0x2 oops 2 3 java/lang/invoke/BoundMethodHandle$Species_LLLLL 5 java/lang/invoke/DirectMethodHandle$Constructor methods 0
ciMethodData java/util/concurrent/ConcurrentHashMap computeIfAbsent (Ljava/lang/Object;Ljava/util/function/Function;)Ljava/lang/Object; 2 177461 orig 80 4 0 0 0 0 0 0 0 0 0 0 0 0 0 0 0 0 0 0 0 0 0 0 4 0 0 0 0 0 0 0 0 0 0 0 0 0 0 0 5 0 0 0 0 0 0 0 0 0 0 0 0 0 0 0 0 0 0 0 0 0 0 0 0 0 0 0 0 0 0 0 0 0 0 0 0 0 0 0 0 data 316 0x10007 0x0 0x40 0x2af98 0x50007 0x2adf6 0x30 0x0 0xc0002 0x0 0x110005 0x66c9 0x0 0x2c7693c9348 0x26e 0x2c7621897a8 0x241ce 0x140002 0x2b1d7 0x260007 0x6 0x40 0x2afbb 0x2f0007 0x2b42b 0x70 0x0 0x330005 0x6 0x0 0x0 0x0 0x0 0x0 0x380003 0x7 0x7d8 0x460002 0x2b1e5 0x4c0007 0x28316 0x168 0x3968 0x530002 0x3969 0x650002 0x39c0 0x680007 0x7 0xc0 0x39cb 0x730005 0x39a3 0x0 0x2c7693c93f8 0x1 0x2c7693c94a8 0x25 0x7b0007 0x0 0x30 0x399b 0x860002 0x399a 0x910002 0x39c9 0x940003 0x39c5 0x28 0x9f0002 0x0 0xa80003 0x39c2 0x18 0xb50007 0x7 0x38 0x39b8 0xb80003 0x39b8 0x690 0xbb0003 0x7 0x660 0xc70007 0x2685b 0x70 0x13d0 0xcf0005 0x13df 0x0 0x0 0x0 0x0 0x0 0xd40003 0x136a 0x5f0 0xda0007 0xa9da 0xd8 0x1d750 0xe60007 0x46b2 0x98 0x19279 0xeb0007 0x0 0x98 0x190e9 0x8000000700f10005 0x5b 0x0 0x2c7693c9348 0x26e 0x2c7621897a8 0x18ed2 0x8000000600f40007 0x12 0x40 0x18f3a 0xff0007 0x0 0x20 0x1d501 0x1120002 0xae4d 0x1170007 0x68 0x440 0xadfd 0x80000006011c0007 0x3f6 0x1f0 0xa977 0x12c0007 0xd9ee 0xd0 0x7ac5 0x1380007 0x201b 0x98 0x5aee 0x13d0007 0x0 0x90 0x5af5 0x1430005 0x0 0x0 0x2c7621897a8 0x5aad 0x2c76218dc68 0x1f 0x1460007 0x12 0x38 0x59a8 0x1500003 0x7a2e 0x100 0x15f0007 0xad88 0xd0 0x2d30 0x1640005 0x2849 0x0 0x2c7693c94a8 0x19 0x2c7693c9558 0x4d9 0x16c0007 0x0 0x90 0x2d45 0x1740007 0x2d46 0x30 0x0 0x17d0002 0x0 0x18e0002 0x2d3e 0x1940003 0x2d62 0x30 0x19a0003 0xace4 0xfffffffffffffe60 0x19d0003 0xa5d5 0x248 0x1a20004 0x0 0x0 0x2c769a92d40 0x3f6 0x0 0x0 0x1a50007 0x0 0x190 0x3f6 0x1ad0004 0x0 0x0 0x2c769a92d40 0x3f6 0x0 0x0 0x1ba0007 0x0 0x90 0x3f6 0x1c20005 0x3f6 0x0 0x0 0x0 0x0 0x0 0x1c80007 0x11 0x38 0x3e5 0x1d20003 0x3e5 0xa8 0x1d70005 0x0 0x0 0x2c7693c9608 0x11 0x0 0x0 0x1df0007 0x0 0x58 0x11 0x1eb0005 0x11 0x0 0x0 0x0 0x0 0x0 0x1ef0003 0x3f6 0x80 0x1f40004 0x0 0x0 0x0 0x0 0x0 0x0 0x1f70007 0x0 0x30 0x0 0x2000002 0x0 0x2070003 0xade5 0x18 0x2140007 0x68 0x98 0xad1b 0x80000006021b0007 0xad2d 0x58 0x2 0x2230005 0x2 0x0 0x0 0x0 0x0 0x0 0x2280007 0x2d58 0x38 0x8011 0x22e0003 0x13b2 0xfffffffffffff7b0 0x2330007 0x0 0x58 0x66a8 0x23a0005 0x6692 0x0 0x0 0x0 0x0 0x0 0x0 0x0 0x0 0x0 0x0 0x0 0x0 0x0 0x0 0x0 0x0 0x0 0x9 0x3 0x0 0x0 0x0 oops 13 13 java/security/SecureClassLoader$CodeSourceKey 15 java/lang/String 54 java/lang/invoke/ClassSpecializer$1 56 jdk/internal/loader/BuiltinClassLoader$5 113 java/security/SecureClassLoader$CodeSourceKey 115 java/lang/String 150 java/lang/String 152 java/lang/Long 168 jdk/internal/loader/BuiltinClassLoader$5 170  @bci com/android/tools/r8/graph/k4 a (Ljava/lang/String;)Lcom/android/tools/r8/internal/qu0; 5 <appendix> argL0 ; 196 java/util/concurrent/ConcurrentHashMap$TreeBin 207 java/util/concurrent/ConcurrentHashMap$TreeBin 232  @bci com/android/tools/r8/internal/G1 a (J)Lcom/android/tools/r8/internal/Cn0; 8 <appendix> argL0 ; methods 0
ciMethodData java/util/Arrays hashCode ([B)I 2 29491 orig 80 0 0 0 0 0 0 0 0 0 0 0 0 0 0 0 0 0 0 0 0 0 0 0 0 0 0 0 0 0 0 0 0 0 0 0 0 0 0 0 0 0 0 0 0 0 0 0 0 0 0 0 0 0 0 0 0 0 0 0 0 0 0 0 0 0 0 0 0 0 0 0 0 0 0 0 0 0 0 0 0 data 29 0x10007 0x7343 0x20 0x9 0x80008 0x6 0x7348 0x70 0x0 0x40 0x1 0x58 0x250003 0x0 0x40 0x2e0003 0x1 0x28 0x380002 0x7340 0x0 0x0 0x0 0x0 0x0 0x0 0x9 0x1 0xffffffffffffffff oops 0 methods 0
ciMethodData java/util/IdentityHashMap hash (Ljava/lang/Object;I)I 2 238508 orig 80 0 0 0 0 0 0 0 0 0 0 0 0 0 0 0 0 0 0 0 0 0 0 0 0 0 0 0 0 0 0 0 0 0 0 0 0 0 0 0 0 0 0 0 0 0 0 0 0 0 0 0 0 0 0 0 0 0 0 0 0 0 0 0 0 0 0 0 0 0 0 0 0 0 0 0 0 0 0 0 0 data 12 0x10002 0x3a446 0x0 0x0 0x0 0x0 0x0 0x0 0x9 0x2 0xffffffffffffffff 0x0 oops 0 methods 0
ciMethodData java/util/Arrays hashCode ([Ljava/lang/Object;)I 2 17450 orig 80 1 0 0 0 0 0 0 0 0 0 0 0 0 0 0 0 0 0 0 0 0 0 0 0 0 0 0 0 0 0 0 0 0 0 0 0 0 0 0 1 0 0 0 0 0 0 0 0 0 0 0 0 0 0 0 0 0 0 0 0 0 0 0 0 0 0 0 0 0 0 0 0 0 0 0 0 0 0 0 0 data 34 0x10007 0x443c 0x20 0x0 0x130007 0x43e1 0xa8 0x984b 0x8000000600220007 0x8e86 0x38 0x9b5 0x260003 0x9b5 0x50 0x2b0005 0x5dd9 0x0 0x2c76a156e60 0x2dc1 0x2c762189838 0x396 0x330003 0x980b 0xffffffffffffff70 0x0 0x0 0x0 0x0 0x0 0x0 0x9 0x1 0x0 oops 2 18 com/android/tools/r8/graph/M2 20 java/lang/Class methods 0
ciMethodData java/util/IdentityHashMap nextKeyIndex (II)I 2 73060 orig 80 0 0 0 0 0 0 0 0 0 0 0 0 0 0 0 0 0 0 0 0 0 0 0 0 0 0 0 0 0 0 0 0 0 0 0 0 0 0 0 0 0 0 0 0 0 0 0 0 0 0 0 0 0 0 0 0 0 0 0 0 0 0 0 0 0 0 0 0 0 0 0 0 0 0 0 0 0 0 0 0 data 12 0x40007 0x665 0x38 0x11718 0xa0003 0x11714 0x18 0x0 0x9 0x2 0x0 0x0 oops 0 methods 0
ciMethod java/util/concurrent/atomic/AtomicReference get ()Ljava/lang/Object; 328 0 164 0 0
ciMethodData java/lang/invoke/DirectMethodHandle$Holder newInvokeSpecial (Ljava/lang/Object;Ljava/lang/Object;Ljava/lang/Object;)Ljava/lang/Object; 2 108204 orig 80 0 0 0 0 0 0 0 0 0 0 0 0 0 0 0 0 0 0 0 0 0 0 0 0 0 0 0 0 0 0 0 0 0 0 0 0 0 0 0 0 0 0 0 0 0 0 0 0 0 0 0 0 0 0 0 0 0 0 0 0 0 0 0 0 0 0 0 0 0 0 0 0 0 0 0 0 0 0 0 0 data 43 0x1000a 0x1a6a4 0x3 0x0 0x2c76a8033e8 0x2 0x6000a 0x1a73a 0x3 0x0 0x2c76a8033e8 0x2c76218bdf8 0x100004 0x0 0x0 0x2c76218bdf8 0x80 0x0 0x0 0x13000a 0x1a71c 0x4 0x0 0x2 0x1 0x2 0x0 0x0 0x0 0x0 0x0 0x0 0x9 0x3 0x0 0x0 0x0 0xc 0x4 0x0 0x2c76a8033e8 0x1 0x2 oops 5 4 java/lang/invoke/DirectMethodHandle$Constructor 10 java/lang/invoke/DirectMethodHandle$Constructor 11 java/lang/invoke/MemberName 15 java/lang/invoke/MemberName 40 java/lang/invoke/DirectMethodHandle$Constructor methods 0
ciMethodData java/lang/invoke/Invokers$Holder linkToTargetMethod (Ljava/lang/Object;Ljava/lang/Object;Ljava/lang/Object;)Ljava/lang/Object; 2 112173 orig 80 1 0 0 0 0 0 0 0 0 0 0 0 0 0 0 0 0 0 0 0 4 0 0 0 0 0 0 0 0 0 0 0 0 0 0 0 0 0 0 0 0 0 0 0 0 0 0 0 0 0 0 0 0 0 0 0 0 0 0 0 0 0 0 0 0 0 0 0 0 0 0 0 0 0 0 0 0 0 0 0 data 37 0x8000000400010004 0x0 0x0 0x2c76a8033e8 0x1a1d 0x2c76a803e78 0x2b 0x6000b 0x1b638 0x0 0x0 0x0 0x0 0x0 0x5 0x1 0x2 0x2 0x2 0x2 0x0 0x0 0x0 0x0 0x0 0x0 0x9 0x3 0x0 0x0 0x0 0xc 0x4 0x0 0x2 0x1 0x3 oops 2 3 java/lang/invoke/DirectMethodHandle$Constructor 5 java/lang/invoke/BoundMethodHandle$Species_LLLLL methods 0
ciMethodData java/lang/invoke/DirectMethodHandle$Holder newInvokeSpecial (Ljava/lang/Object;Ljava/lang/Object;)Ljava/lang/Object; 2 560902 orig 80 0 0 0 0 0 0 0 0 0 0 0 0 0 0 0 0 0 0 0 0 0 0 0 0 0 0 0 0 0 0 0 0 0 0 0 0 0 0 0 0 0 0 0 0 0 0 0 0 0 0 0 0 0 0 0 0 0 0 0 0 0 0 0 0 0 0 0 0 0 0 0 0 0 0 0 0 0 0 0 0 data 42 0x1000a 0x89468 0x3 0x0 0x2c76a8033e8 0x2 0x6000a 0x8e15a 0x3 0x0 0x2c76a8033e8 0x2c76218bdf8 0xd0004 0x0 0x0 0x0 0x0 0x0 0x0 0x10000a 0x8d8c6 0x4 0x0 0x2 0x1 0x2 0x0 0x0 0x0 0x0 0x0 0x0 0x9 0x2 0x0 0x0 0xc 0x4 0x0 0x2c76a8033e8 0x1 0x2 oops 4 4 java/lang/invoke/DirectMethodHandle$Constructor 10 java/lang/invoke/DirectMethodHandle$Constructor 11 java/lang/invoke/MemberName 39 java/lang/invoke/DirectMethodHandle$Constructor methods 0
ciMethodData java/util/Objects hash ([Ljava/lang/Object;)I 2 55571 orig 80 0 0 0 0 0 0 0 0 0 0 0 0 0 0 0 0 0 0 0 0 0 0 0 0 0 0 0 0 0 0 0 0 0 0 0 0 0 0 0 0 0 0 0 0 0 0 0 0 0 0 0 0 0 0 0 0 0 0 0 0 0 0 0 0 0 0 0 0 0 0 0 0 0 0 0 0 0 0 0 0 data 11 0x10002 0xd924 0x0 0x0 0x0 0x0 0x0 0x0 0x9 0x1 0x0 oops 0 methods 0
ciMethodData java/util/IdentityHashMap maskNull (Ljava/lang/Object;)Ljava/lang/Object; 2 193305 orig 80 0 0 0 0 0 0 0 0 0 0 0 0 0 0 0 0 0 0 0 0 0 0 0 0 0 0 0 0 0 0 0 0 0 0 0 0 0 0 0 0 0 0 0 0 0 0 0 0 0 0 0 0 0 0 0 0 0 0 0 0 0 0 0 0 0 0 0 0 0 0 0 0 0 0 0 0 0 0 0 0 data 16 0x10007 0x2f29b 0x38 0x0 0x70003 0x0 0x18 0x0 0x0 0x0 0x0 0x0 0x0 0x9 0x1 0x0 oops 0 methods 0
ciMethod java/util/concurrent/ConcurrentHashMap$TreeNode findTreeNode (ILjava/lang/Object;Ljava/lang/Class;)Ljava/util/concurrent/ConcurrentHashMap$TreeNode; 1914 4858 783 0 -1
ciMethod java/util/concurrent/ConcurrentHashMap$TreeBin putTreeVal (ILjava/lang/Object;Ljava/lang/Object;)Ljava/util/concurrent/ConcurrentHashMap$TreeNode; 0 0 17 0 -1
ciMethodData java/util/Collections$SetFromMap isEmpty ()Z 2 52534 orig 80 0 0 0 0 0 0 0 0 0 0 0 0 0 0 0 0 0 0 0 0 0 0 0 0 0 0 0 0 0 0 0 0 0 0 0 0 0 0 0 0 0 0 0 0 0 0 0 0 0 0 0 0 0 0 0 0 0 0 0 0 0 0 0 0 0 0 0 0 0 0 0 0 0 0 0 0 0 0 0 0 data 16 0x40005 0x0 0x0 0x2c7689fc6d0 0xcd7a 0x0 0x0 0x0 0x0 0x0 0x0 0x0 0x0 0x9 0x1 0x0 oops 1 3 java/util/IdentityHashMap methods 0
ciMethodData java/util/IdentityHashMap containsKey (Ljava/lang/Object;)Z 2 30245 orig 80 0 0 0 0 0 0 0 0 0 0 0 0 0 0 0 0 0 0 0 0 0 0 0 0 0 0 0 0 0 0 0 0 0 0 0 0 0 0 0 0 0 0 0 0 0 0 0 0 0 0 0 0 0 0 0 0 0 0 0 0 0 0 0 0 0 0 0 0 0 0 0 0 0 0 0 0 0 0 0 0 data 27 0x10002 0x760e 0x110002 0x75f7 0x1f0007 0x75d7 0x20 0xdf2 0x260007 0xdd2 0x20 0x682e 0x2f0002 0xdd2 0x340003 0xdd2 0xffffffffffffffb0 0x0 0x0 0x0 0x0 0x0 0x0 0x9 0x2 0x0 0x0 oops 0 methods 0
ciMethodData java/util/Collections$SetFromMap contains (Ljava/lang/Object;)Z 2 160827 orig 80 0 0 0 0 0 0 0 0 0 0 0 0 0 0 0 0 0 0 0 0 0 0 0 0 0 0 0 0 0 0 0 0 0 0 0 0 0 0 0 0 0 0 0 0 0 0 0 0 0 0 0 0 0 0 0 0 0 0 0 0 0 0 0 0 0 0 0 0 0 0 0 0 0 0 0 0 0 0 0 0 data 17 0x50005 0x0 0x0 0x2c7689fc6d0 0x275b9 0x0 0x0 0x0 0x0 0x0 0x0 0x0 0x0 0x9 0x2 0x0 0xffffffffffffffff oops 1 3 java/util/IdentityHashMap methods 0
ciMethod com/android/tools/r8/graph/d1 f (Lcom/android/tools/r8/graph/M2;)Lcom/android/tools/r8/graph/b0; 0 0 1 0 -1
ciMethod com/android/tools/r8/graph/d1 g (Lcom/android/tools/r8/graph/M2;)Lcom/android/tools/r8/graph/E0; 0 0 1 0 -1
ciMethod com/android/tools/r8/graph/d1 b (Lcom/android/tools/r8/graph/B2;)Lcom/android/tools/r8/graph/H0; 1024 0 1757 0 0
ciMethod com/android/tools/r8/graph/x0 f (Lcom/android/tools/r8/graph/M2;)Lcom/android/tools/r8/graph/b0; 0 0 1 0 -1
ciMethod com/android/tools/r8/graph/z4 f (Lcom/android/tools/r8/graph/M2;)Lcom/android/tools/r8/graph/b0; 526 0 15330 0 0
ciMethod com/android/tools/r8/graph/o0 e0 ()Z 0 0 1 0 -1
ciMethod com/android/tools/r8/graph/b0 X ()Z 0 0 1 0 -1
ciMethod com/android/tools/r8/graph/b0 D ()Lcom/android/tools/r8/graph/E0; 0 0 1 0 -1
ciMethod com/android/tools/r8/graph/E0 D ()Lcom/android/tools/r8/graph/E0; 518 0 1816 0 80
ciMethod com/android/tools/r8/graph/E0 a (Lcom/android/tools/r8/graph/B2;)Lcom/android/tools/r8/graph/H0; 694 0 8381 0 0
ciMethod com/android/tools/r8/graph/E0 b (Lcom/android/tools/r8/graph/B2;)Lcom/android/tools/r8/graph/j1; 532 0 12661 0 0
ciMethod com/android/tools/r8/graph/E0 k ()Lcom/android/tools/r8/graph/I0; 0 0 1 0 -1
ciMethod com/android/tools/r8/graph/E0 f0 ()Z 474 0 10711 0 -1
ciMethod com/android/tools/r8/graph/E0 G ()Lcom/android/tools/r8/graph/v2; 0 0 1 0 -1
ciMethod com/android/tools/r8/graph/b1 e0 ()Z 290 0 145 0 -1
ciMethod com/android/tools/r8/graph/b1 d0 ()Lcom/android/tools/r8/graph/H2; 0 0 1 0 -1
ciMethod com/android/tools/r8/graph/H2 d0 ()Lcom/android/tools/r8/graph/H2; 21798 0 22208 0 80
ciMethod com/android/tools/r8/graph/H2 get ()Ljava/lang/Object; 772 0 1920 0 80
ciMethod com/android/tools/r8/graph/w2 s0 ()Lcom/android/tools/r8/graph/M2; 270 0 135 0 0
ciMethod com/android/tools/r8/graph/w2 t0 ()Lcom/android/tools/r8/graph/L2; 2116 0 1058 0 0
ciMethod com/android/tools/r8/graph/E k0 ()I 0 0 1 0 -1
ciMethod com/android/tools/r8/graph/E c (Ljava/lang/Object;)Z 0 0 1 0 -1
ciMethod com/android/tools/r8/graph/E hashCode ()I 514 0 6256 0 152
ciMethod com/android/tools/r8/graph/E equals (Ljava/lang/Object;)Z 514 0 219066 0 128
ciMethod com/android/tools/r8/graph/E j (I)V 0 0 1 0 -1
ciMethod com/android/tools/r8/ClassFileResourceProvider getProgramResource (Ljava/lang/String;)Lcom/android/tools/r8/ProgramResource; 0 0 1 0 -1
ciMethod com/android/tools/r8/Resource getOrigin ()Lcom/android/tools/r8/origin/Origin; 0 0 1 0 -1
ciMethod com/android/tools/r8/internal/Qf <init> (Ljava/lang/String;Ljava/lang/Throwable;)V 0 0 1 0 -1
ciMethod com/android/tools/r8/graph/M2 a (Lcom/android/tools/r8/graph/M2;)Z 1024 0 53823 0 96
ciMethod com/android/tools/r8/graph/M2 k0 ()I 1018 0 3529 0 0
ciMethod com/android/tools/r8/graph/M2 c (Ljava/lang/Object;)Z 786 0 19369 0 0
ciMethod com/android/tools/r8/graph/B2 y0 ()Lcom/android/tools/r8/graph/I2; 582 0 291 0 0
ciMethod com/android/tools/r8/graph/B2 a (Lcom/android/tools/r8/graph/I2;Lcom/android/tools/r8/graph/L2;)Z 660 0 82279 0 0
ciMethod com/android/tools/r8/graph/L2 k0 ()I 512 0 29606 0 664
ciMethod com/android/tools/r8/graph/L2 c (Ljava/lang/Object;)Z 514 0 21796 0 408
ciMethod com/android/tools/r8/graph/L2 toString ()Ljava/lang/String; 20 0 11206 0 -1
ciMethod com/android/tools/r8/internal/mv0 u ()Z 1024 0 4298 0 -1
ciMethod com/android/tools/r8/internal/mv0 A ()Lcom/android/tools/r8/internal/e20; 0 0 1 0 -1
ciMethod com/android/tools/r8/internal/mv0 c (Lcom/android/tools/r8/internal/mv0;Lcom/android/tools/r8/graph/y;)Z 0 0 1 0 -1
ciMethod com/android/tools/r8/internal/mv0 a (Lcom/android/tools/r8/internal/mv0;Lcom/android/tools/r8/graph/y;)Z 0 0 1 0 -1
ciMethod com/android/tools/r8/internal/mv0 equals (Ljava/lang/Object;)Z 0 0 1 0 -1
ciMethod com/android/tools/r8/internal/mv0 a (Lcom/android/tools/r8/graph/M2;Lcom/android/tools/r8/internal/e20;Lcom/android/tools/r8/graph/y;)Lcom/android/tools/r8/internal/mv0; 1024 0 25823 0 -1
ciMethod com/android/tools/r8/internal/Em0 c ()Ljava/util/Set; 2 0 89578 0 -1
ciMethod com/android/tools/r8/internal/wA a (I)I 1024 0 287975 0 96
ciMethodData com/android/tools/r8/graph/E hashCode ()I 2 5999 orig 80 0 0 0 0 0 0 0 0 0 0 0 0 0 0 0 0 0 0 0 0 0 0 0 0 0 0 0 0 0 0 0 0 0 0 0 0 0 0 0 0 0 0 0 0 0 0 0 0 0 0 0 0 0 0 0 0 0 0 0 0 0 0 0 0 0 0 0 0 0 0 0 0 0 0 0 0 0 0 0 0 data 35 0x70007 0x1131 0x78 0x65b 0xb0005 0x3a9 0x0 0x2c7629c9838 0x1f4 0x2c76a156e60 0xc0 0x110007 0x653 0x20 0x0 0x1e0007 0x1783 0x58 0x0 0x240005 0x0 0x0 0x0 0x0 0x0 0x0 0x0 0x0 0x0 0x0 0x0 0x0 0x9 0x1 0xffffffffffffffff oops 2 7 com/android/tools/r8/graph/L2 9 com/android/tools/r8/graph/M2 methods 0
ciMethodData com/android/tools/r8/graph/L2 k0 ()I 2 29350 orig 80 0 0 0 0 0 0 0 0 0 0 0 0 0 0 0 0 0 0 0 0 0 0 0 0 0 0 0 0 0 0 0 0 0 0 0 0 0 0 0 0 0 0 0 0 0 0 0 0 0 0 0 0 0 0 0 0 0 0 0 0 0 0 0 0 0 0 0 0 0 0 0 0 0 0 0 0 0 0 0 0 data 11 0xc0002 0x72d4 0x0 0x0 0x0 0x0 0x0 0x0 0x9 0x1 0x0 oops 0 methods 0
ciMethod com/android/tools/r8/graph/h1 E0 ()Lcom/android/tools/r8/graph/w2; 2000 0 1000 0 0
ciMethod com/android/tools/r8/graph/j1 L0 ()V 618 0 210635 0 -1
ciMethod com/android/tools/r8/graph/G0 getHolder ()Lcom/android/tools/r8/graph/E0; 0 0 1 0 -1
ciMethod com/android/tools/r8/graph/G0 p ()Lcom/android/tools/r8/graph/M2; 486 0 36216 0 104
ciMethod com/android/tools/r8/graph/G0 d ()Lcom/android/tools/r8/graph/h1; 468 0 234 0 0
ciMethod com/android/tools/r8/graph/H0 a (Lcom/android/tools/r8/graph/E0;Lcom/android/tools/r8/graph/j1;)Lcom/android/tools/r8/graph/H0; 516 0 12875 0 0
ciMethod com/android/tools/r8/graph/H0 a (Lcom/android/tools/r8/graph/H0;)Z 0 0 1 0 -1
ciMethod com/android/tools/r8/graph/H0 u ()Lcom/android/tools/r8/graph/O4; 514 0 8160 0 -1
ciMethodData com/android/tools/r8/graph/E equals (Ljava/lang/Object;)Z 2 218809 orig 80 0 0 0 0 0 0 0 0 0 0 0 0 0 0 0 0 0 0 0 0 0 0 0 0 0 0 0 0 0 0 0 0 0 0 0 0 0 0 0 0 0 0 0 0 0 0 0 0 0 0 0 0 0 0 0 0 0 0 0 0 0 0 0 0 0 0 0 0 0 0 0 0 0 0 0 0 0 0 0 0 data 28 0x20007 0x2e217 0x90 0x7484 0x70005 0x4f72 0x0 0x2c7629c9838 0xb4a 0x2c76a156ca0 0x19ed 0xa0007 0x4ecb 0x38 0x25c8 0xd0003 0x25c8 0x18 0x0 0x0 0x0 0x0 0x0 0x0 0x9 0x2 0x0 0x0 oops 2 7 com/android/tools/r8/graph/L2 9 com/android/tools/r8/graph/I2 methods 0
ciMethod com/android/tools/r8/graph/g n ()Z 566 0 211229 0 -1
ciMethod com/android/tools/r8/synthesis/Q$b e ()Z 0 0 1 0 -1
ciMethodData com/android/tools/r8/graph/L2 c (Ljava/lang/Object;)Z 2 21539 orig 80 0 0 0 0 0 0 0 0 0 0 0 0 0 0 0 0 0 0 0 0 0 0 0 0 0 0 0 0 0 0 0 0 0 0 0 0 0 0 0 0 0 0 0 0 0 0 0 0 0 0 0 0 0 0 0 0 0 0 0 0 0 0 0 0 0 0 0 0 0 0 0 0 0 0 0 0 0 0 0 0 data 38 0x10004 0x0 0x0 0x2c7629c9838 0x5419 0x0 0x0 0x40007 0x0 0xa8 0x5415 0x90004 0x0 0x0 0x2c7629c9838 0x5415 0x0 0x0 0x140007 0x106 0x50 0x5310 0x1f0002 0x5309 0x220007 0x136 0x20 0x518f 0x0 0x0 0x0 0x0 0x0 0x0 0x9 0x2 0x0 0x0 oops 2 3 com/android/tools/r8/graph/L2 14 com/android/tools/r8/graph/L2 methods 0
ciMethodData com/android/tools/r8/graph/M2 c (Ljava/lang/Object;)Z 2 18976 orig 80 0 0 0 0 0 0 0 0 0 0 0 0 0 0 0 0 0 0 0 0 0 0 0 0 0 0 0 0 0 0 0 0 0 0 0 0 0 0 0 0 0 0 0 0 0 0 0 0 0 0 0 0 0 0 0 0 0 0 0 0 0 0 0 0 0 0 0 0 0 0 0 0 0 0 0 0 0 0 0 0 data 35 0x10004 0x0 0x0 0x2c76a156e60 0x4a20 0x0 0x0 0x40007 0x0 0x90 0x4a20 0xc0004 0x0 0x0 0x2c76a156e60 0x49a5 0x0 0x0 0x120005 0x4a1e 0x0 0x0 0x0 0x0 0x0 0x0 0x0 0x0 0x0 0x0 0x0 0x9 0x2 0x0 0x0 oops 2 3 com/android/tools/r8/graph/M2 14 com/android/tools/r8/graph/M2 methods 0
ciMethod com/android/tools/r8/graph/K5 getHolder ()Lcom/android/tools/r8/graph/H2; 275520 0 169968 0 128
ciMethod com/android/tools/r8/graph/K5 <init> (Lcom/android/tools/r8/graph/H2;Lcom/android/tools/r8/graph/j1;)V 370 0 88956 0 -1
ciMethod com/android/tools/r8/graph/h g (Lcom/android/tools/r8/graph/M2;)Lcom/android/tools/r8/graph/E0; 520 0 15129 0 0
ciMethod com/android/tools/r8/graph/h c (Lcom/android/tools/r8/graph/M2;)Lcom/android/tools/r8/graph/E0; 518 0 15162 0 0
ciMethod com/android/tools/r8/graph/h h ()Z 0 0 57106 0 0
ciMethod com/android/tools/r8/graph/h i ()Z 60290 0 19210 0 -1
ciMethod com/android/tools/r8/graph/h c ()V 0 0 1 0 -1
ciMethod com/android/tools/r8/graph/j c (Lcom/android/tools/r8/graph/M2;Lcom/android/tools/r8/graph/M2;)Z 0 0 1 0 -1
ciMethod com/android/tools/r8/graph/j b (Lcom/android/tools/r8/graph/B2;Lcom/android/tools/r8/graph/K5;Lcom/android/tools/r8/graph/y;)Lcom/android/tools/r8/graph/H0; 0 0 1 0 -1
ciMethod com/android/tools/r8/graph/j a (Lcom/android/tools/r8/graph/B2;Lcom/android/tools/r8/graph/H2;Lcom/android/tools/r8/graph/y;Lcom/android/tools/r8/graph/j;)Lcom/android/tools/r8/graph/H0; 0 0 1 0 -1
ciMethod com/android/tools/r8/graph/j a (Lcom/android/tools/r8/graph/B2;Lcom/android/tools/r8/graph/K5;Lcom/android/tools/r8/graph/y;)Lcom/android/tools/r8/graph/H0; 0 0 1 0 -1
ciMethod com/android/tools/r8/internal/hi b ()Ljava/util/function/Consumer; 530 0 89579 0 -1
ciMethod com/android/tools/r8/graph/y f ()Lcom/android/tools/r8/graph/h; 2 0 75524 0 88
ciMethod com/android/tools/r8/graph/y g (Lcom/android/tools/r8/graph/M2;)Lcom/android/tools/r8/graph/E0; 2 0 12379 0 0
ciMethod com/android/tools/r8/graph/y m ()Z 522 0 34479 0 -1
ciMethod com/android/tools/r8/graph/y M ()Lcom/android/tools/r8/graph/y; 0 0 1 0 -1
ciMethod com/android/tools/r8/graph/y N ()Lcom/android/tools/r8/graph/y; 2 0 1 0 -1
ciMethod com/android/tools/r8/internal/rd a (Lcom/android/tools/r8/graph/M2;)Lcom/android/tools/r8/graph/E0; 516 0 39451 0 0
ciMethod com/android/tools/r8/internal/ce a (Lcom/android/tools/r8/graph/M2;Ljava/util/function/Consumer;)V 0 0 1 0 -1
ciMethod com/android/tools/r8/ProgramResource getBytes ()[B 0 0 1 0 -1
ciMethod com/android/tools/r8/graph/r4 <init> (Lcom/android/tools/r8/graph/k4;Ljava/util/function/Consumer;Lcom/android/tools/r8/graph/V;)V 64 0 94 0 -1
ciMethod com/android/tools/r8/graph/r4 b (Lcom/android/tools/r8/origin/Origin;[B)V 1024 0 11214 0 -1
ciMethod com/android/tools/r8/internal/Gt d ()Lcom/android/tools/r8/internal/e20; 0 0 1 0 -1
ciMethod com/android/tools/r8/internal/Gt a ()Lcom/android/tools/r8/internal/It; 0 0 1 0 -1
ciMethod com/android/tools/r8/internal/Gt m ()Lcom/android/tools/r8/internal/It; 1024 0 4300 0 -1
ciMethod com/android/tools/r8/internal/It n ()Lcom/android/tools/r8/internal/mv0; 0 0 1 0 -1
ciMethod com/android/tools/r8/internal/HX G ()Z 0 0 1 0 -1
ciMethod com/android/tools/r8/internal/HX t ()I 0 0 1 0 -1
ciMethod com/android/tools/r8/internal/Kj G ()Z 1122 0 561 0 -1
ciMethod com/android/tools/r8/graph/R4 a (Lcom/android/tools/r8/graph/I2;Lcom/android/tools/r8/graph/L2;)Lcom/android/tools/r8/graph/j1; 0 0 1 0 -1
ciMethod com/android/tools/r8/graph/R4 a (Lcom/android/tools/r8/graph/B2;)Lcom/android/tools/r8/graph/j1; 0 0 1 0 -1
ciMethod com/android/tools/r8/graph/S4 a (Lcom/android/tools/r8/graph/I2;Lcom/android/tools/r8/graph/L2;)Lcom/android/tools/r8/graph/j1; 512 0 9340 0 0
ciMethod com/android/tools/r8/graph/P4 a (Lcom/android/tools/r8/graph/I2;Lcom/android/tools/r8/graph/L2;)Lcom/android/tools/r8/graph/j1; 558 2950 13596 0 0
ciMethodData com/android/tools/r8/internal/hi b ()Ljava/util/function/Consumer; 2 93108 orig 80 0 0 0 0 0 0 0 0 0 0 0 0 0 0 0 0 0 0 0 0 0 0 0 0 0 0 0 0 0 0 0 0 0 0 0 0 0 0 0 0 0 0 0 0 0 0 0 0 0 0 0 0 0 0 0 0 0 0 0 0 0 0 0 0 0 0 0 0 0 0 0 0 0 0 0 0 0 0 0 0 data 7 0xa 0x16cbf 0x1 0x2c769c104e8 0x0 0x9 0x0 oops 1 3  @bci com/android/tools/r8/internal/hi b ()Ljava/util/function/Consumer; 0 <appendix> argL0 ; methods 0
ciMethod com/android/tools/r8/internal/d40 get (Ljava/lang/Object;)Ljava/lang/Object; 514 692 10414 0 0
ciMethodData com/android/tools/r8/graph/M2 a (Lcom/android/tools/r8/graph/M2;)Z 2 53336 orig 80 0 0 0 0 0 0 0 0 0 0 0 0 0 0 0 0 0 0 0 0 0 0 0 0 0 0 0 0 0 0 0 0 0 0 0 0 0 0 0 0 0 0 0 0 0 0 0 0 0 0 0 0 0 0 0 0 0 0 0 0 0 0 0 0 0 0 0 0 0 0 0 0 0 0 0 0 0 0 0 0 data 14 0x20007 0xb14a 0x20 0x1f12 0x0 0x0 0x0 0x0 0x0 0x0 0x9 0x2 0x0 0x0 oops 0 methods 0
ciMethodData com/android/tools/r8/graph/M2 k0 ()I 2 3020 orig 80 0 0 0 0 0 0 0 0 0 0 0 0 0 0 0 0 0 0 0 0 0 0 0 0 0 0 0 0 0 0 0 0 0 0 0 0 0 0 0 0 0 0 0 0 0 0 0 0 0 0 0 0 0 0 0 0 0 0 0 0 0 0 0 0 0 0 0 0 0 0 0 0 0 0 0 0 0 0 0 0 data 16 0x40005 0xbcc 0x0 0x0 0x0 0x0 0x0 0x0 0x0 0x0 0x0 0x0 0x0 0x9 0x1 0x0 oops 0 methods 0
ciMethod com/android/tools/r8/graph/G2 <init> ()V 1024 0 31440 0 0
ciMethod com/android/tools/r8/graph/G2 a ()Lcom/android/tools/r8/graph/L2; 0 0 1 0 -1
ciMethod com/android/tools/r8/graph/G2 b ()Lcom/android/tools/r8/graph/I2; 0 0 1 0 -1
ciMethod com/android/tools/r8/graph/G2 equals (Ljava/lang/Object;)Z 676 0 16303 0 0
ciMethod com/android/tools/r8/graph/G2 hashCode ()I 1024 0 13523 0 0
ciMethod com/android/tools/r8/graph/E2 a ()Lcom/android/tools/r8/graph/L2; 780 0 45832 0 104
ciMethod com/android/tools/r8/graph/E2 b ()Lcom/android/tools/r8/graph/I2; 1024 0 34024 0 104
ciMethodData com/android/tools/r8/internal/wA a (I)I 2 287561 orig 80 0 0 0 0 0 0 0 0 0 0 0 0 0 0 0 0 0 0 0 0 0 0 0 0 0 0 0 0 0 0 0 0 0 0 0 0 0 0 0 0 0 0 0 0 0 0 0 0 0 0 0 0 0 0 0 0 0 0 0 0 0 0 0 0 0 0 0 0 0 0 0 0 0 0 0 0 0 0 0 0 data 5 0x0 0x0 0x9 0x1 0x0 oops 0 methods 0
ciMethodData com/android/tools/r8/graph/E2 a ()Lcom/android/tools/r8/graph/L2; 2 45442 orig 80 0 0 0 0 0 0 0 0 0 0 0 0 0 0 0 0 0 0 0 0 0 0 0 0 0 0 0 0 0 0 0 0 0 0 0 0 0 0 0 0 0 0 0 0 0 0 0 0 0 0 0 0 0 0 0 0 0 0 0 0 0 0 0 0 0 0 0 0 0 0 0 0 0 0 0 0 0 0 0 0 data 16 0x40005 0x0 0x0 0x2c76a156b20 0xb185 0x0 0x0 0x0 0x0 0x0 0x0 0x0 0x0 0x9 0x1 0x0 oops 1 3 com/android/tools/r8/graph/B2 methods 0
ciMethodData com/android/tools/r8/graph/H2 d0 ()Lcom/android/tools/r8/graph/H2; 2 11309 orig 80 0 0 0 0 0 0 0 0 0 0 0 0 0 0 0 0 0 0 0 0 0 0 0 0 0 0 0 0 0 0 0 0 0 0 0 0 0 0 0 0 0 0 0 0 0 0 0 0 0 0 0 0 0 0 0 0 0 0 0 0 0 0 0 0 0 0 0 0 0 0 0 0 0 0 0 0 0 0 0 0 data 5 0x0 0x0 0x9 0x1 0x0 oops 0 methods 0
ciMethodData com/android/tools/r8/graph/E2 b ()Lcom/android/tools/r8/graph/I2; 2 33512 orig 80 0 0 0 0 0 0 0 0 0 0 0 0 0 0 0 0 0 0 0 0 0 0 0 0 0 0 0 0 0 0 0 0 0 0 0 0 0 0 0 0 0 0 0 0 0 0 0 0 0 0 0 0 0 0 0 0 0 0 0 0 0 0 0 0 0 0 0 0 0 0 0 0 0 0 0 0 0 0 0 0 data 16 0x40005 0x0 0x0 0x2c76a156b20 0x82ec 0x0 0x0 0x0 0x0 0x0 0x0 0x0 0x0 0x9 0x1 0x0 oops 1 3 com/android/tools/r8/graph/B2 methods 0
ciMethodData com/android/tools/r8/graph/G2 <init> ()V 2 30929 orig 80 0 0 0 0 0 0 0 0 0 0 0 0 0 0 0 0 0 0 0 0 0 0 0 0 0 0 0 0 0 0 0 0 0 0 0 0 0 0 0 0 0 0 0 0 0 0 0 0 0 0 0 0 0 0 0 0 0 0 0 0 0 0 0 0 0 0 0 0 0 0 0 0 0 0 0 0 0 0 0 0 data 7 0x10002 0x78ce 0x0 0x0 0x9 0x1 0x0 oops 0 methods 0
ciMethodData com/android/tools/r8/graph/G2 hashCode ()I 2 13011 orig 80 0 0 0 0 0 0 0 0 0 0 0 0 0 0 0 0 0 0 0 0 0 0 0 0 0 0 0 0 0 0 0 0 0 0 0 0 0 0 0 0 0 0 0 0 0 0 0 0 0 0 0 0 0 0 0 0 0 0 0 0 0 0 0 0 0 0 0 0 0 0 0 0 0 0 0 0 0 0 0 0 data 39 0x20005 0xa28 0x0 0x2c7677e3380 0x437 0x2c768334d20 0x2475 0x60005 0xa28 0x0 0x2c7677e3380 0x437 0x2c768334d20 0x2474 0x120004 0x0 0x0 0x2c7629c9838 0x32d6 0x0 0x0 0x150004 0x0 0x0 0x2c76a156ca0 0x32d6 0x0 0x0 0x160002 0x32d7 0x0 0x0 0x0 0x0 0x0 0x0 0x9 0x1 0x0 oops 6 3 com/android/tools/r8/graph/E2 5 com/android/tools/r8/graph/F2 10 com/android/tools/r8/graph/E2 12 com/android/tools/r8/graph/F2 17 com/android/tools/r8/graph/L2 24 com/android/tools/r8/graph/I2 methods 0
ciMethodData com/android/tools/r8/graph/G2 equals (Ljava/lang/Object;)Z 2 15965 orig 80 0 0 0 0 0 0 0 0 0 0 0 0 0 0 0 0 0 0 0 0 0 0 0 0 0 0 0 0 0 0 0 0 0 0 0 0 0 0 0 0 0 0 0 0 0 0 0 0 0 0 0 0 0 0 0 0 0 0 0 0 0 0 0 0 0 0 0 0 0 0 0 0 0 0 0 0 0 0 0 0 data 82 0x20007 0x3e5c 0x20 0x0 0x80004 0x0 0x0 0x2c7677e3380 0x3e5a 0x0 0x0 0xb0007 0x3e59 0x20 0x0 0x120004 0x0 0x0 0x2c7677e3380 0x3e58 0x0 0x0 0x160005 0x6d6 0x0 0x2c7677e3380 0x3782 0x0 0x0 0x1a0005 0x6d6 0x0 0x2c7677e3380 0x3781 0x0 0x0 0x1e0005 0x6d5 0x0 0x2c768334d20 0x34ba 0x2c7677e3380 0x2c9 0x220005 0x3e58 0x0 0x0 0x0 0x0 0x0 0x270007 0x1c96 0xb0 0x21c8 0x2b0005 0x8a 0x0 0x2c768334d20 0x2120 0x2c7677e3380 0x1f 0x2f0005 0x21c9 0x0 0x0 0x0 0x0 0x0 0x340007 0xbb 0x20 0x210e 0x0 0x0 0x0 0x0 0x0 0x0 0x9 0x2 0x0 0x0 oops 8 7 com/android/tools/r8/graph/E2 18 com/android/tools/r8/graph/E2 25 com/android/tools/r8/graph/E2 32 com/android/tools/r8/graph/E2 39 com/android/tools/r8/graph/F2 41 com/android/tools/r8/graph/E2 57 com/android/tools/r8/graph/F2 59 com/android/tools/r8/graph/E2 methods 0
ciMethod com/android/tools/r8/internal/Yd a (Lcom/android/tools/r8/graph/M2;Ljava/util/function/Consumer;)V 224 0 891 0 0
ciMethod com/android/tools/r8/synthesis/E a (Ljava/util/function/Function;Lcom/android/tools/r8/graph/M2;)Lcom/android/tools/r8/graph/b0; 522 0 15194 0 0
ciMethod com/android/tools/r8/synthesis/t e ()Z 0 0 1 0 -1
ciMethod com/android/tools/r8/synthesis/t d ()Lcom/android/tools/r8/graph/E0; 0 0 1 0 -1
ciMethod com/android/tools/r8/internal/qK x2 ()Lcom/android/tools/r8/internal/PK; 0 0 1 0 -1
ciMethod com/android/tools/r8/internal/ME c1 ()Lcom/android/tools/r8/internal/ME; 290 0 145 0 -1
ciMethod com/android/tools/r8/internal/ME f1 ()Z 566 0 137512 0 88
ciMethod com/android/tools/r8/internal/ME d ()Lcom/android/tools/r8/internal/zx0; 380 0 190 0 0
ciMethod com/android/tools/r8/internal/ME d (Lcom/android/tools/r8/internal/zx0;)Lcom/android/tools/r8/internal/zx0; 808 0 43124 0 -1
ciMethod com/android/tools/r8/internal/ME B ()Lcom/android/tools/r8/internal/F4; 246 0 476 0 -1
ciMethod com/android/tools/r8/internal/ME e0 ()Lcom/android/tools/r8/internal/zK; 394 0 197 0 -1
ciMethod com/android/tools/r8/internal/ME f0 ()Lcom/android/tools/r8/internal/AK; 0 0 1 0 -1
ciMethod com/android/tools/r8/internal/ME c0 ()Lcom/android/tools/r8/internal/tK; 0 0 1 0 -1
ciMethod com/android/tools/r8/internal/ME S1 ()Z 670 0 335 0 -1
ciMethod com/android/tools/r8/internal/ME i0 ()Lcom/android/tools/r8/internal/KK; 274 0 137 0 -1
ciMethod com/android/tools/r8/internal/ME j0 ()Lcom/android/tools/r8/internal/MK; 0 0 1 0 -1
ciMethod com/android/tools/r8/internal/ME U1 ()Z 0 0 1 0 -1
ciMethod com/android/tools/r8/internal/zK B2 ()Lcom/android/tools/r8/graph/B2; 270 0 135 0 -1
ciMethod com/android/tools/r8/internal/zK b (Lcom/android/tools/r8/graph/y;)Lcom/android/tools/r8/graph/c5; 0 0 1 0 -1
ciMethod com/android/tools/r8/internal/zK f (Lcom/android/tools/r8/graph/y;Lcom/android/tools/r8/graph/K5;)Lcom/android/tools/r8/graph/c5; 52442 0 14102 0 0
ciMethod com/android/tools/r8/internal/zK e (Lcom/android/tools/r8/graph/y;Lcom/android/tools/r8/graph/K5;)Lcom/android/tools/r8/graph/H0; 55268 0 14040 0 0
ciMethod com/android/tools/r8/internal/e20 h ()Lcom/android/tools/r8/internal/e20; 1024 0 21767 0 -1
ciMethod com/android/tools/r8/internal/e20 e ()Z 1024 0 5394 0 -1
ciMethod com/android/tools/r8/internal/e20 d ()Z 1242 0 791 0 -1
ciMethod com/android/tools/r8/internal/e20 a (Lcom/android/tools/r8/internal/e20;)Lcom/android/tools/r8/internal/e20; 2328 0 786 0 -1
ciMethod com/android/tools/r8/internal/AK D2 ()Lcom/android/tools/r8/internal/zx0; 1024 0 3663 0 -1
ciMethod com/android/tools/r8/synthesis/N d ()Lcom/android/tools/r8/graph/E0; 160 0 26 0 0
ciMethodData com/android/tools/r8/graph/H2 get ()Ljava/lang/Object; 2 1534 orig 80 0 0 0 0 0 0 0 0 0 0 0 0 0 0 0 0 0 0 0 0 0 0 0 0 0 0 0 0 0 0 0 0 0 0 0 0 0 0 0 0 0 0 0 0 0 0 0 0 0 0 0 0 0 0 0 0 0 0 0 0 0 0 0 0 0 0 0 0 0 0 0 0 0 0 0 0 0 0 0 0 data 5 0x0 0x0 0x9 0x1 0x0 oops 0 methods 0
ciMethodData com/android/tools/r8/graph/y f ()Lcom/android/tools/r8/graph/h; 2 75523 orig 80 0 0 0 0 0 0 0 0 0 0 0 0 0 0 0 0 0 0 0 0 0 0 0 0 0 0 0 0 0 0 0 0 0 0 0 0 0 0 0 0 0 0 0 0 0 0 0 0 0 0 0 0 0 0 0 0 0 0 0 0 0 0 0 0 0 0 0 0 0 0 0 0 0 0 0 0 0 0 0 0 data 40 0x30007 0x12727 0xf8 0x0 0xa0005 0x0 0x0 0x0 0x0 0x0 0x0 0xd0007 0x0 0xa0 0x0 0x110005 0x0 0x0 0x0 0x0 0x0 0x0 0x140007 0x0 0x38 0x0 0x170003 0x0 0x28 0x1e0002 0x0 0x0 0x0 0x0 0x0 0x0 0x0 0x9 0x1 0x0 oops 0 methods 0
ciMethodData com/android/tools/r8/graph/h h ()Z 2 57110 orig 80 0 0 0 0 0 0 0 0 0 0 0 0 0 0 0 0 0 0 0 0 0 0 0 0 0 0 0 0 0 0 0 0 0 0 0 0 0 0 0 0 0 0 0 0 0 0 0 0 0 0 0 0 0 0 0 0 0 0 0 0 0 0 0 0 0 0 0 0 0 0 0 0 0 0 0 0 0 0 0 0 data 20 0x30007 0xdfc2 0x58 0x0 0x70005 0x0 0x0 0x0 0x0 0x0 0x0 0x0 0x0 0x0 0x0 0x0 0x0 0x9 0x1 0x0 oops 0 methods 0
ciMethod com/android/tools/r8/graph/D4 getHolder ()Lcom/android/tools/r8/graph/E0; 1024 0 3827 0 0
ciMethod com/android/tools/r8/graph/e0 <init> (Lcom/android/tools/r8/graph/I0;Lcom/android/tools/r8/graph/j1;)V 0 0 1 0 -1
ciMethod com/android/tools/r8/graph/D4 <init> (Lcom/android/tools/r8/graph/v2;Lcom/android/tools/r8/graph/j1;)V 156 0 8834 0 -1
ciMethod com/android/tools/r8/graph/D4 K ()Lcom/android/tools/r8/graph/v2; 1024 0 3827 0 0
ciMethodData com/android/tools/r8/graph/j1 L0 ()V 2 214555 orig 80 0 0 0 0 0 0 0 0 0 0 0 0 0 0 0 0 0 0 0 0 0 0 0 0 0 0 0 0 0 0 0 0 0 0 0 0 0 0 0 0 0 0 0 0 0 0 0 0 0 0 0 0 0 0 0 0 0 0 0 0 0 0 0 0 0 0 0 0 0 0 0 0 0 0 0 0 0 0 0 0 data 20 0x30007 0x345d4 0x68 0x0 0xa0007 0x0 0x38 0x0 0xd0003 0x0 0x28 0x140002 0x0 0x0 0x0 0x0 0x0 0x9 0x1 0x0 oops 0 methods 0
ciMethodData com/android/tools/r8/graph/G0 p ()Lcom/android/tools/r8/graph/M2; 2 35989 orig 80 0 0 0 0 0 0 0 0 0 0 0 0 0 0 0 0 0 0 0 0 0 0 0 0 0 0 0 0 0 0 0 0 0 0 0 0 0 0 0 0 0 0 0 0 0 0 0 0 0 0 0 0 0 0 0 0 0 0 0 0 0 0 0 0 0 0 0 0 0 0 0 0 0 0 0 0 0 0 0 0 data 7 0x0 0x0 0x0 0x0 0x9 0x1 0x0 oops 0 methods 0
ciMethod com/android/tools/r8/internal/RY b (Lcom/android/tools/r8/internal/sB;)Lcom/android/tools/r8/internal/De; 15842 483028 4332 0 -1
ciMethod com/android/tools/r8/graph/h3 a ()Lcom/android/tools/r8/graph/W5; 0 0 1 0 -1
ciMethod com/android/tools/r8/graph/W5 <init> (Lcom/android/tools/r8/graph/H0;Lcom/android/tools/r8/graph/c5$c;)V 1024 0 4192 0 -1
ciMethod com/android/tools/r8/graph/W5 a ()Lcom/android/tools/r8/graph/W5; 1024 0 4193 0 0
ciMethod com/android/tools/r8/graph/f6 <init> (Lcom/android/tools/r8/graph/c5$c;)V 1024 0 1752 0 -1
ciMethod com/android/tools/r8/internal/F4 w2 ()Lcom/android/tools/r8/internal/zx0; 0 0 1 0 -1
ciMethod com/android/tools/r8/internal/F4 v2 ()Z 0 0 1 0 -1
ciMethod com/android/tools/r8/internal/zx0 s ()Lcom/android/tools/r8/graph/j0; 168 0 113221 0 104
ciMethod com/android/tools/r8/internal/zx0 z ()Z 554 0 82195 0 96
ciMethod com/android/tools/r8/internal/zx0 V ()I 1024 0 3609 0 -1
ciMethod com/android/tools/r8/internal/zx0 a ()Lcom/android/tools/r8/ir/optimize/a; 36 30 43 0 -1
ciMethod com/android/tools/r8/internal/zx0 f (Lcom/android/tools/r8/internal/zx0;)V 1024 0 3692 0 -1
ciMethod com/android/tools/r8/internal/zx0 Y ()Lcom/android/tools/r8/internal/Mx0; 1026 0 141197 0 -1
ciMethod com/android/tools/r8/internal/zx0 M ()Z 672 0 63116 0 -1
ciMethod com/android/tools/r8/internal/zx0 u ()Lcom/android/tools/r8/internal/mv0; 278 0 139 0 -1
ciMethod com/android/tools/r8/internal/zx0 a (Lcom/android/tools/r8/graph/y;)Lcom/android/tools/r8/internal/It; 0 0 1 0 -1
ciMethod com/android/tools/r8/internal/zx0 a (Lcom/android/tools/r8/internal/Mx0;)V 0 0 1 0 -1
ciMethod com/android/tools/r8/graph/c5$c a (Lcom/android/tools/r8/graph/y;Lcom/android/tools/r8/internal/zK;Lcom/android/tools/r8/graph/K5;)Lcom/android/tools/r8/graph/h3; 1024 0 4956 0 -1
ciMethod com/android/tools/r8/graph/c5$c o ()Lcom/android/tools/r8/graph/c5$c; 1024 0 5946 0 0
ciMethod com/android/tools/r8/graph/c5$c a (Lcom/android/tools/r8/graph/y;Lcom/android/tools/r8/internal/AK;Lcom/android/tools/r8/internal/It;Lcom/android/tools/r8/graph/K5;)Lcom/android/tools/r8/graph/h3; 1024 0 4287 0 -1
ciMethod com/android/tools/r8/graph/c5$c <init> (Lcom/android/tools/r8/graph/E0;Lcom/android/tools/r8/graph/E0;Lcom/android/tools/r8/graph/j1;)V 558 0 7813 0 -1
ciMethod com/android/tools/r8/graph/c5 w ()Z 1364 0 682 0 -1
ciMethod com/android/tools/r8/graph/c5 o ()Lcom/android/tools/r8/graph/c5$c; 0 0 1 0 -1
ciMethod com/android/tools/r8/graph/c5 a (Lcom/android/tools/r8/graph/E0;Lcom/android/tools/r8/graph/E0;Lcom/android/tools/r8/graph/j1;)Lcom/android/tools/r8/graph/c5$c; 792 0 6216 0 0
ciMethod  @bci com/android/tools/r8/graph/h c (Lcom/android/tools/r8/graph/M2;)Lcom/android/tools/r8/graph/E0; 23 <appendix> member <vmtarget> ; <init> (Lcom/android/tools/r8/graph/x0;)V 526 0 15267 0 0
ciMethod  @bci com/android/tools/r8/graph/h c (Lcom/android/tools/r8/graph/M2;)Lcom/android/tools/r8/graph/E0; 23 <appendix> member <vmtarget> ; apply (Ljava/lang/Object;)Ljava/lang/Object; 526 0 15329 0 0
ciMethod com/android/tools/r8/graph/W <init> ()V 526 0 15329 0 0
ciMethod com/android/tools/r8/graph/W a (Lcom/android/tools/r8/graph/H2;)Lcom/android/tools/r8/graph/W; 800 0 6704 0 0
ciMethod com/android/tools/r8/graph/W a (Lcom/android/tools/r8/graph/v2;)Lcom/android/tools/r8/graph/W; 848 0 9208 0 0
ciMethod com/android/tools/r8/graph/W a ()Lcom/android/tools/r8/graph/b0; 526 0 15334 0 0
ciMethod  @bci com/android/tools/r8/internal/rd a (Lcom/android/tools/r8/graph/M2;)Lcom/android/tools/r8/graph/E0; 77 <appendix> member <vmtarget> ; <init> (Lcom/android/tools/r8/internal/rd;Lcom/android/tools/r8/graph/M2;)V 120 0 900 0 0
ciMethod com/android/tools/r8/internal/qd a ()Lcom/android/tools/r8/graph/E0; 526 0 15551 0 0
ciMethod com/android/tools/r8/internal/qd get ()Ljava/lang/Object; 526 0 15552 0 0
ciMethod  @bci com/android/tools/r8/internal/qd a ()Lcom/android/tools/r8/graph/E0; 71 <appendix> member <vmtarget> ; <init> (Lcom/android/tools/r8/internal/qd;)V 224 0 891 0 0
ciMethod  @bci com/android/tools/r8/graph/z4 f (Lcom/android/tools/r8/graph/M2;)Lcom/android/tools/r8/graph/b0; 28 <appendix> member <vmtarget> ; <init> (Lcom/android/tools/r8/graph/W;)V 526 0 15762 0 0
ciMethod  @bci com/android/tools/r8/graph/z4 f (Lcom/android/tools/r8/graph/M2;)Lcom/android/tools/r8/graph/b0; 28 <appendix> member <vmtarget> ; accept (Ljava/lang/Object;)V 850 0 9210 0 0
ciMethod  @bci com/android/tools/r8/graph/z4 f (Lcom/android/tools/r8/graph/M2;)Lcom/android/tools/r8/graph/b0; 60 <appendix> member <vmtarget> ; <init> (Lcom/android/tools/r8/graph/W;)V 526 0 16515 0 0
ciMethod  @bci com/android/tools/r8/graph/z4 f (Lcom/android/tools/r8/graph/M2;)Lcom/android/tools/r8/graph/b0; 60 <appendix> member <vmtarget> ; accept (Ljava/lang/Object;)V 800 0 6702 0 0
ciMethod  @bci com/android/tools/r8/graph/z4 f (Lcom/android/tools/r8/graph/M2;)Lcom/android/tools/r8/graph/b0; 101 <appendix> member <vmtarget> ; <init> (Lcom/android/tools/r8/graph/W;)V 224 0 10172 0 0
ciMethodData com/android/tools/r8/internal/d40 get (Ljava/lang/Object;)Ljava/lang/Object; 2 10157 orig 80 0 0 0 0 0 0 0 0 0 0 0 0 0 0 0 0 0 0 0 0 0 0 0 0 0 0 0 0 0 0 0 0 0 0 0 0 0 0 0 0 0 0 0 0 0 0 0 0 0 0 0 0 0 0 0 0 0 0 0 0 0 0 0 0 0 0 0 0 0 0 0 0 0 0 0 0 0 0 0 0 data 59 0x10007 0x27ad 0x40 0x0 0x80007 0x0 0x20 0x0 0x1e0005 0x0 0x0 0x2c768334d20 0x2376 0x2c76833a248 0x436 0x210002 0x27a8 0x2f0007 0x26cf 0x20 0xd8 0x370005 0x0 0x0 0x2c768334d20 0x229c 0x2c76833a248 0x435 0x3a0007 0xb8c 0x20 0x1b45 0x530007 0x14b9 0x20 0x19c 0x5b0005 0x0 0x0 0x2c768334d20 0x101d 0x2c76833a248 0x49e 0x5e0007 0xacc 0xffffffffffffffa8 0x9ee 0x0 0x0 0x0 0x0 0x0 0x0 0x0 0x0 0x9 0x2 0x0 0x0 oops 6 11 com/android/tools/r8/graph/F2 13 com/android/tools/r8/graph/m1 24 com/android/tools/r8/graph/F2 26 com/android/tools/r8/graph/m1 39 com/android/tools/r8/graph/F2 41 com/android/tools/r8/graph/m1 methods 0
ciMethod com/android/tools/r8/graph/F2 <init> (Lcom/android/tools/r8/graph/I2;Lcom/android/tools/r8/graph/L2;)V 512 0 9340 0 0
ciMethod com/android/tools/r8/graph/F2 a ()Lcom/android/tools/r8/graph/L2; 292 0 146 0 0
ciMethod com/android/tools/r8/graph/F2 b ()Lcom/android/tools/r8/graph/I2; 268 0 134 0 0
ciMethodData com/android/tools/r8/graph/B2 a (Lcom/android/tools/r8/graph/I2;Lcom/android/tools/r8/graph/L2;)Z 2 81949 orig 80 0 0 0 0 0 0 0 0 0 0 0 0 0 0 0 0 0 0 0 0 0 0 0 0 0 0 0 0 0 0 0 0 0 0 0 0 0 0 0 2 0 0 0 0 0 0 0 0 0 0 0 0 0 0 0 0 0 0 0 0 0 0 0 0 0 0 0 0 0 0 0 0 0 0 0 0 0 0 0 0 data 33 0x50005 0x14019 0x0 0x0 0x0 0x0 0x0 0x80000006000a0007 0x12d40 0x78 0x12e9 0x120005 0x12e9 0x0 0x0 0x0 0x0 0x0 0x170007 0x448 0x20 0xea5 0x0 0x0 0x0 0x0 0x0 0x0 0x9 0x3 0x0 0x0 0x0 oops 0 methods 0
ciMethodData com/android/tools/r8/graph/E0 b (Lcom/android/tools/r8/graph/B2;)Lcom/android/tools/r8/graph/j1; 2 12396 orig 80 1 0 0 0 0 0 0 0 0 0 0 0 0 0 0 0 0 0 0 0 0 0 0 0 0 0 0 0 0 0 0 0 0 0 0 0 0 0 0 0 0 0 0 0 0 0 0 0 0 0 0 0 0 0 0 0 0 0 0 0 0 0 0 0 0 0 0 0 0 0 0 0 0 0 0 0 0 0 0 0 data 31 0x90005 0x0 0x0 0x2c76a156b20 0x306c 0x0 0x0 0xd0005 0x0 0x0 0x2c76a156b20 0x306c 0x0 0x0 0x120005 0x0 0x0 0x2c7629c9ce8 0x2bb6 0x2c7629c9d98 0x4b6 0x0 0x0 0x0 0x0 0x0 0x0 0x9 0x2 0x0 0x0 oops 4 3 com/android/tools/r8/graph/B2 10 com/android/tools/r8/graph/B2 17 com/android/tools/r8/graph/P4 19 com/android/tools/r8/graph/S4 methods 0
ciMethodData com/android/tools/r8/graph/P4 a (Lcom/android/tools/r8/graph/I2;Lcom/android/tools/r8/graph/L2;)Lcom/android/tools/r8/graph/j1; 2 13317 orig 80 1 0 0 0 0 0 0 0 0 0 0 0 0 0 0 0 0 0 0 0 0 0 0 0 0 0 0 0 0 0 0 0 0 0 0 0 0 0 0 0 0 0 0 0 0 0 0 0 0 0 0 0 0 0 0 0 0 0 0 0 0 0 0 0 0 0 0 0 0 0 0 0 0 0 0 0 0 0 0 0 data 82 0x100007 0x2ba0 0x118 0xa54d 0x1a0005 0x0 0x0 0x2c768c91760 0xa54e 0x0 0x0 0x1d0004 0x0 0x0 0x2c76a156b20 0xa54b 0x0 0x0 0x220005 0xa549 0x0 0x0 0x0 0x0 0x0 0x250007 0x9ce9 0x38 0x864 0x280003 0x864 0x30 0x2e0003 0x9ce9 0xffffffffffffff00 0x360007 0x864 0x120 0x2ba1 0x470007 0x2563 0x100 0x8ce2 0x510005 0x0 0x0 0x2c768c91760 0x8ce2 0x0 0x0 0x540004 0x0 0x0 0x2c76a156b20 0x8ce2 0x0 0x0 0x590005 0x8ce2 0x0 0x0 0x0 0x0 0x0 0x5c0007 0x86a4 0x20 0x63d 0x650003 0x86a4 0xffffffffffffff18 0x0 0x0 0x0 0x0 0x0 0x0 0x9 0x3 0x0 0x0 0x0 oops 4 7 com/android/tools/r8/graph/j1 14 com/android/tools/r8/graph/B2 46 com/android/tools/r8/graph/j1 53 com/android/tools/r8/graph/B2 methods 0
ciMethodData com/android/tools/r8/graph/S4 a (Lcom/android/tools/r8/graph/I2;Lcom/android/tools/r8/graph/L2;)Lcom/android/tools/r8/graph/j1; 2 9084 orig 80 0 0 0 0 0 0 0 0 0 0 0 0 0 0 0 0 0 0 0 0 0 0 0 0 0 0 0 0 0 0 0 0 0 0 0 0 0 0 0 0 0 0 0 0 0 0 0 0 0 0 0 0 0 0 0 0 0 0 0 0 0 0 0 0 0 0 0 0 0 0 0 0 0 0 0 0 0 0 0 0 data 27 0xc0002 0x237c 0x130005 0x0 0x0 0x2c7683353f0 0x2377 0x0 0x0 0x180104 0x0 0x0 0x2c768c91760 0x20fd 0x0 0x0 0x0 0x0 0x0 0x0 0x0 0x0 0x9 0x3 0x0 0x0 0x0 oops 2 5 com/android/tools/r8/internal/d40 12 com/android/tools/r8/graph/j1 methods 0
ciMethodData com/android/tools/r8/graph/F2 <init> (Lcom/android/tools/r8/graph/I2;Lcom/android/tools/r8/graph/L2;)V 2 9085 orig 80 0 0 0 0 0 0 0 0 0 0 0 0 0 0 0 0 0 0 0 0 0 0 0 0 0 0 0 0 0 0 0 0 0 0 0 0 0 0 0 0 0 0 0 0 0 0 0 0 0 0 0 0 0 0 0 0 0 0 0 0 0 0 0 0 0 0 0 0 0 0 0 0 0 0 0 0 0 0 0 0 data 11 0x30002 0x237d 0x0 0x0 0x0 0x0 0x9 0x3 0x6 0x0 0x0 oops 0 methods 0
ciMethodData com/android/tools/r8/graph/K5 getHolder ()Lcom/android/tools/r8/graph/H2; 2 32208 orig 80 0 0 0 0 0 0 0 0 0 0 0 0 0 0 0 0 0 0 0 0 0 0 0 0 0 0 0 0 0 0 0 0 0 0 0 0 0 0 0 0 0 0 0 0 0 0 0 0 0 0 0 0 0 0 0 0 0 0 0 0 0 0 0 0 0 0 0 0 0 0 0 0 0 0 0 0 0 0 0 0 data 36 0x80007 0x7dc7 0xa0 0x0 0xc0005 0x0 0x0 0x0 0x0 0x0 0x0 0xf0007 0x0 0x38 0x0 0x120003 0x0 0x28 0x190002 0x0 0x1e0005 0x0 0x0 0x2c767c43250 0x7dca 0x0 0x0 0x0 0x0 0x0 0x0 0x0 0x0 0x9 0x1 0x0 oops 1 23 com/android/tools/r8/graph/H2 methods 0
ciMethodData com/android/tools/r8/graph/y g (Lcom/android/tools/r8/graph/M2;)Lcom/android/tools/r8/graph/E0; 2 12378 orig 80 0 0 0 0 0 0 0 0 0 0 0 0 0 0 0 0 0 0 0 0 0 0 0 0 0 0 0 0 0 0 0 0 0 0 0 0 0 0 0 0 0 0 0 0 0 0 0 0 0 0 0 0 0 0 0 0 0 0 0 0 0 0 0 0 0 0 0 0 0 0 0 0 0 0 0 0 0 0 0 0 data 24 0x10005 0x0 0x0 0x2c768c95358 0x3059 0x0 0x0 0x50005 0x0 0x0 0x2c7622f8e10 0x3058 0x0 0x0 0x0 0x0 0x0 0x0 0x0 0x0 0x9 0x2 0x0 0x0 oops 2 3 com/android/tools/r8/graph/y 10 com/android/tools/r8/graph/h methods 0
ciMethod com/android/tools/r8/graph/n5 <init> (Lcom/android/tools/r8/graph/E0;Lcom/android/tools/r8/graph/v2;Lcom/android/tools/r8/graph/j1;)V 20 0 3126 0 -1
ciMethod com/android/tools/r8/graph/m5 <init> (Lcom/android/tools/r8/graph/E0;Lcom/android/tools/r8/graph/I0;Lcom/android/tools/r8/graph/j1;)V 0 0 1 0 -1
ciMethod com/android/tools/r8/graph/o5 <init> (Lcom/android/tools/r8/graph/E0;Lcom/android/tools/r8/graph/H2;Lcom/android/tools/r8/graph/j1;)V 548 0 3167 0 -1
ciMethodData com/android/tools/r8/internal/rd a (Lcom/android/tools/r8/graph/M2;)Lcom/android/tools/r8/graph/E0; 2 39288 orig 80 0 0 0 0 0 0 0 0 0 0 0 0 0 0 0 0 0 0 0 0 0 0 0 0 0 0 0 0 0 0 0 0 0 0 0 0 0 0 0 0 0 0 0 0 0 0 0 0 0 0 0 0 0 0 0 0 0 0 0 0 0 0 0 0 0 0 0 0 0 0 0 0 0 0 0 0 0 0 0 0 data 125 0x40005 0x9977 0x0 0x0 0x0 0x0 0x0 0x70007 0x3b8f 0x120 0x5e4a 0xf0005 0x0 0x0 0x2c76218d0c8 0x5e44 0x0 0x0 0x140104 0x0 0x0 0x2c767c43250 0x18f9 0x0 0x0 0x190007 0x18fb 0x20 0x4553 0x1f0005 0x0 0x0 0x2c767c43250 0x18fa 0x0 0x0 0x240004 0x0 0x0 0x2c767c43250 0x18fa 0x0 0x0 0x2d0005 0x0 0x0 0x2c76218d0c8 0x3b8f 0x0 0x0 0x320104 0x0 0x0 0x2c7692bc970 0x3848 0x0 0x0 0x370007 0x347 0x90 0x3847 0x3b0005 0x0 0x0 0x2c7692bc970 0x3846 0x0 0x0 0x400104 0x0 0x0 0x2c7689fb390 0x224e 0x0 0x0 0x4d000a 0x347 0x5 0x0 0x2c76a1356e0 0x1 0x2c76a156e60 0x2c7692bca20 0x520005 0x0 0x0 0x2c76218d0c8 0x347 0x0 0x0 0x570004 0x0 0x0 0x2c7692bc970 0x347 0x0 0x0 0x5e0007 0x347 0x20 0x0 0x640005 0x0 0x0 0x2c7692bc970 0x347 0x0 0x0 0x690104 0x0 0x0 0x2c7689fb390 0x5b 0x0 0x0 0x0 0x0 0x0 0x0 0x0 0x0 0x9 0x2 0x0 0x0 oops 15 14 java/util/concurrent/ConcurrentHashMap 21 com/android/tools/r8/graph/H2 32 com/android/tools/r8/graph/H2 39 com/android/tools/r8/graph/H2 46 java/util/concurrent/ConcurrentHashMap 53 com/android/tools/r8/internal/qd 64 com/android/tools/r8/internal/qd 71 com/android/tools/r8/graph/v2 79 com/android/tools/r8/internal/AS 81 com/android/tools/r8/graph/M2 82  @bci com/android/tools/r8/internal/rd a (Lcom/android/tools/r8/graph/M2;)Lcom/android/tools/r8/graph/E0; 77 <appendix> member <vmtarget> ; 86 java/util/concurrent/ConcurrentHashMap 93 com/android/tools/r8/internal/qd 104 com/android/tools/r8/internal/qd 111 com/android/tools/r8/graph/v2 methods 0
ciMethodData  @bci com/android/tools/r8/internal/rd a (Lcom/android/tools/r8/graph/M2;)Lcom/android/tools/r8/graph/E0; 77 <appendix> member <vmtarget> ; <init> (Lcom/android/tools/r8/internal/rd;Lcom/android/tools/r8/graph/M2;)V 1 840 orig 80 0 0 0 0 0 0 0 0 0 0 0 0 0 0 0 0 0 0 0 0 0 0 0 0 0 0 0 0 0 0 0 0 0 0 0 0 0 0 0 0 0 0 0 0 0 0 0 0 0 0 0 0 0 0 0 0 0 0 0 0 0 0 0 0 0 0 0 0 0 0 0 0 0 0 0 0 0 0 0 0 data 11 0x10002 0x348 0x0 0x0 0x0 0x0 0x9 0x3 0x6 0x0 0x0 oops 0 methods 0
ciMethodData com/android/tools/r8/graph/H0 a (Lcom/android/tools/r8/graph/E0;Lcom/android/tools/r8/graph/j1;)Lcom/android/tools/r8/graph/H0; 2 13603 orig 80 0 0 0 0 0 0 0 0 0 0 0 0 0 0 0 0 0 0 0 0 0 0 0 0 0 0 0 0 0 0 0 0 0 0 0 0 0 0 0 0 0 0 0 0 0 0 0 0 0 0 0 0 0 0 0 0 0 0 0 0 0 0 0 0 0 0 0 0 0 0 0 0 0 0 0 0 0 0 0 0 data 79 0x10005 0x0 0x0 0x2c767c43250 0xfbf 0x2c7689fb390 0x256f 0x40007 0x256e 0x68 0xfbd 0xc0005 0x0 0x0 0x2c767c43250 0xfbe 0x0 0x0 0x100002 0xfbe 0x150005 0x0 0x0 0x2c7689fb390 0x256e 0x0 0x0 0x180007 0x0 0x68 0x256a 0x200005 0x0 0x0 0x2c7689fb390 0x256b 0x0 0x0 0x240002 0x256d 0x2b0007 0x0 0xa0 0x0 0x2f0004 0x0 0x0 0x0 0x0 0x0 0x0 0x320007 0x0 0x38 0x0 0x350003 0x0 0x28 0x3c0002 0x0 0x450005 0x0 0x0 0x0 0x0 0x0 0x0 0x490002 0x0 0x0 0x0 0x0 0x0 0x0 0x0 0x9 0x2 0xffffffffffffffff 0xffffffffffffffff oops 5 3 com/android/tools/r8/graph/H2 5 com/android/tools/r8/graph/v2 14 com/android/tools/r8/graph/H2 23 com/android/tools/r8/graph/v2 34 com/android/tools/r8/graph/v2 methods 0
ciMethodData com/android/tools/r8/graph/h c (Lcom/android/tools/r8/graph/M2;)Lcom/android/tools/r8/graph/E0; 2 14947 orig 80 0 0 0 0 0 0 0 0 0 0 0 0 0 0 0 0 0 0 0 0 0 0 0 0 0 0 0 0 0 0 0 0 0 0 0 0 0 0 0 0 0 0 0 0 0 0 0 0 0 0 0 0 0 0 0 0 0 0 0 0 0 0 0 0 0 0 0 0 0 0 0 0 0 0 0 0 0 0 0 0 data 43 0x30007 0x3a61 0x58 0x0 0x70005 0x0 0x0 0x0 0x0 0x0 0x0 0x130002 0x3a61 0x17000a 0x3a5f 0x3 0x0 0x2c76a801920 0x2c76a8019d0 0x1d0005 0x3a67 0x0 0x0 0x0 0x0 0x0 0x200005 0x0 0x0 0x2c767c43250 0x1892 0x2c7689fb390 0x21d7 0x0 0x0 0x0 0x0 0x0 0x0 0x9 0x2 0x0 0x0 oops 4 17 com/android/tools/r8/graph/z4 18  @bci com/android/tools/r8/graph/h c (Lcom/android/tools/r8/graph/M2;)Lcom/android/tools/r8/graph/E0; 23 <appendix> member <vmtarget> ; 29 com/android/tools/r8/graph/H2 31 com/android/tools/r8/graph/v2 methods 0
ciMethodData  @bci com/android/tools/r8/graph/h c (Lcom/android/tools/r8/graph/M2;)Lcom/android/tools/r8/graph/E0; 23 <appendix> member <vmtarget> ; apply (Ljava/lang/Object;)Ljava/lang/Object; 2 15066 orig 80 0 0 0 0 0 0 0 0 0 0 0 0 0 0 0 0 0 0 0 0 0 0 0 0 0 0 0 0 0 0 0 0 0 0 0 0 0 0 0 0 0 0 0 0 0 0 0 0 0 0 0 0 0 0 0 0 0 0 0 0 0 0 0 0 0 0 0 0 0 0 0 0 0 0 0 0 0 0 0 0 data 24 0x50004 0x0 0x0 0x2c76a156e60 0x3ada 0x0 0x0 0x80005 0x0 0x0 0x2c76a801920 0x3ada 0x0 0x0 0x0 0x0 0x0 0x0 0x0 0x0 0x9 0x2 0x0 0x0 oops 2 3 com/android/tools/r8/graph/M2 10 com/android/tools/r8/graph/z4 methods 0
ciMethodData  @bci com/android/tools/r8/graph/h c (Lcom/android/tools/r8/graph/M2;)Lcom/android/tools/r8/graph/E0; 23 <appendix> member <vmtarget> ; <init> (Lcom/android/tools/r8/graph/x0;)V 2 15012 orig 80 0 0 0 0 0 0 0 0 0 0 0 0 0 0 0 0 0 0 0 0 0 0 0 0 0 0 0 0 0 0 0 0 0 0 0 0 0 0 0 0 0 0 0 0 0 0 0 0 0 0 0 0 0 0 0 0 0 0 0 0 0 0 0 0 0 0 0 0 0 0 0 0 0 0 0 0 0 0 0 0 data 10 0x10002 0x3aa8 0x0 0x0 0x0 0x0 0x9 0x2 0x6 0x0 oops 0 methods 0
ciMethodData com/android/tools/r8/graph/z4 f (Lcom/android/tools/r8/graph/M2;)Lcom/android/tools/r8/graph/b0; 2 15069 orig 80 0 0 0 0 0 0 0 0 0 0 0 0 0 0 0 0 0 0 0 0 0 0 0 0 0 0 0 0 0 0 0 0 0 0 0 0 0 0 0 0 0 0 0 0 0 0 0 0 0 0 0 0 0 0 0 0 0 0 0 0 0 0 0 0 0 0 0 0 0 0 0 0 0 0 0 0 0 0 0 0 data 188 0x60002 0x3add 0xe0007 0x0 0x118 0x3ad2 0x130005 0x3ad7 0x0 0x0 0x0 0x0 0x0 0x160104 0x0 0x0 0x2c7689fb390 0x2249 0x0 0x0 0x1c000a 0x3ad0 0x3 0x0 0x2c76a1353a8 0x2c7684f6a88 0x230007 0x18a2 0x58 0x2251 0x290005 0x0 0x0 0x2c7684f6a88 0x2252 0x0 0x0 0x330005 0x3aeb 0x0 0x0 0x0 0x0 0x0 0x360104 0x0 0x0 0x2c767c43250 0x189f 0x0 0x0 0x3c000a 0x3ae5 0x3 0x0 0x2c76a1353a8 0x2c7684f6b38 0x430007 0x2253 0x70 0x189f 0x490005 0x0 0x0 0x2c7684f6b38 0x18a0 0x0 0x0 0x4e0003 0x18a1 0x338 0x570007 0x0 0x130 0x2253 0x5c0005 0x2253 0x0 0x0 0x0 0x0 0x0 0x5f0104 0x0 0x0 0x0 0x0 0x0 0x0 0x65000a 0x2252 0x3 0x0 0x2c76a1353a8 0x2c7684f6be8 0x6c0007 0x224f 0x70 0x0 0x720005 0x0 0x0 0x0 0x0 0x0 0x0 0x770003 0x0 0x18 0x820007 0x224f 0x1f0 0x0 0x860007 0x0 0x130 0x0 0x8b0005 0x0 0x0 0x0 0x0 0x0 0x0 0x900004 0x0 0x0 0x0 0x0 0x0 0x0 0x96000a 0x0 0x3 0x0 0x0 0x0 0x9c0007 0x0 0x110 0x0 0xa10005 0x0 0x0 0x0 0x0 0x0 0x0 0xa60003 0x0 0xb8 0xac0007 0x0 0xa0 0x0 0xb10005 0x0 0x0 0x0 0x0 0x0 0x0 0xb60007 0x0 0x38 0x0 0xb90003 0x0 0x28 0xc00002 0x0 0xc50005 0x3ae5 0x0 0x0 0x0 0x0 0x0 0x0 0x0 0x0 0x0 0x0 0x0 0x9 0x2 0x0 0x0 oops 10 16 com/android/tools/r8/graph/v2 24 com/android/tools/r8/graph/W 25  @bci com/android/tools/r8/graph/z4 f (Lcom/android/tools/r8/graph/M2;)Lcom/android/tools/r8/graph/b0; 28 <appendix> member <vmtarget> ; 33  @bci com/android/tools/r8/graph/z4 f (Lcom/android/tools/r8/graph/M2;)Lcom/android/tools/r8/graph/b0; 28 <appendix> member <vmtarget> ; 47 com/android/tools/r8/graph/H2 55 com/android/tools/r8/graph/W 56  @bci com/android/tools/r8/graph/z4 f (Lcom/android/tools/r8/graph/M2;)Lcom/android/tools/r8/graph/b0; 60 <appendix> member <vmtarget> ; 64  @bci com/android/tools/r8/graph/z4 f (Lcom/android/tools/r8/graph/M2;)Lcom/android/tools/r8/graph/b0; 60 <appendix> member <vmtarget> ; 93 com/android/tools/r8/graph/W 94  @bci com/android/tools/r8/graph/z4 f (Lcom/android/tools/r8/graph/M2;)Lcom/android/tools/r8/graph/b0; 101 <appendix> member <vmtarget> ; methods 0
ciMethodData com/android/tools/r8/graph/W <init> ()V 2 15080 orig 80 0 0 0 0 0 0 0 0 0 0 0 0 0 0 0 0 0 0 0 0 0 0 0 0 0 0 0 0 0 0 0 0 0 0 0 0 0 0 0 0 0 0 0 0 0 0 0 0 0 0 0 0 0 0 0 0 0 0 0 0 0 0 0 0 0 0 0 0 0 0 0 0 0 0 0 0 0 0 0 0 data 7 0x10002 0x3aea 0x0 0x0 0x9 0x1 0x0 oops 0 methods 0
ciMethodData  @bci com/android/tools/r8/graph/z4 f (Lcom/android/tools/r8/graph/M2;)Lcom/android/tools/r8/graph/b0; 28 <appendix> member <vmtarget> ; <init> (Lcom/android/tools/r8/graph/W;)V 2 15500 orig 80 0 0 0 0 0 0 0 0 0 0 0 0 0 0 0 0 0 0 0 0 0 0 0 0 0 0 0 0 0 0 0 0 0 0 0 0 0 0 0 0 0 0 0 0 0 0 0 0 0 0 0 0 0 0 0 0 0 0 0 0 0 0 0 0 0 0 0 0 0 0 0 0 0 0 0 0 0 0 0 0 data 10 0x10002 0x3c8e 0x0 0x0 0x0 0x0 0x9 0x2 0x6 0x0 oops 0 methods 0
ciMethodData  @bci com/android/tools/r8/graph/z4 f (Lcom/android/tools/r8/graph/M2;)Lcom/android/tools/r8/graph/b0; 60 <appendix> member <vmtarget> ; <init> (Lcom/android/tools/r8/graph/W;)V 2 16254 orig 80 0 0 0 0 0 0 0 0 0 0 0 0 0 0 0 0 0 0 0 0 0 0 0 0 0 0 0 0 0 0 0 0 0 0 0 0 0 0 0 0 0 0 0 0 0 0 0 0 0 0 0 0 0 0 0 0 0 0 0 0 0 0 0 0 0 0 0 0 0 0 0 0 0 0 0 0 0 0 0 0 data 10 0x10002 0x3f7e 0x0 0x0 0x0 0x0 0x9 0x2 0x6 0x0 oops 0 methods 0
ciMethodData  @bci com/android/tools/r8/graph/z4 f (Lcom/android/tools/r8/graph/M2;)Lcom/android/tools/r8/graph/b0; 101 <appendix> member <vmtarget> ; <init> (Lcom/android/tools/r8/graph/W;)V 2 10064 orig 80 0 0 0 0 0 0 0 0 0 0 0 0 0 0 0 0 0 0 0 0 0 0 0 0 0 0 0 0 0 0 0 0 0 0 0 0 0 0 0 0 0 0 0 0 0 0 0 0 0 0 0 0 0 0 0 0 0 0 0 0 0 0 0 0 0 0 0 0 0 0 0 0 0 0 0 0 0 0 0 0 data 10 0x10002 0x274f 0x0 0x0 0x0 0x0 0x9 0x2 0x6 0x0 oops 0 methods 0
ciMethodData com/android/tools/r8/internal/qd get ()Ljava/lang/Object; 2 15292 orig 80 0 0 0 0 0 0 0 0 0 0 0 0 0 0 0 0 0 0 0 0 0 0 0 0 0 0 0 0 0 0 0 0 0 0 0 0 0 0 0 0 0 0 0 0 0 0 0 0 0 0 0 0 0 0 0 0 0 0 0 0 0 0 0 0 0 0 0 0 0 0 0 0 0 0 0 0 0 0 0 0 data 16 0x10005 0x3bbb 0x0 0x0 0x0 0x0 0x0 0x0 0x0 0x0 0x0 0x0 0x0 0x9 0x1 0x0 oops 0 methods 0
ciMethodData com/android/tools/r8/synthesis/E a (Ljava/util/function/Function;Lcom/android/tools/r8/graph/M2;)Lcom/android/tools/r8/graph/b0; 2 15018 orig 80 0 0 0 0 0 0 0 0 0 0 0 0 0 0 0 0 0 0 0 0 0 0 0 0 0 0 0 0 0 0 0 0 0 0 0 0 0 0 0 0 0 0 0 0 0 0 0 0 0 0 0 0 0 0 0 0 0 0 0 0 0 0 0 0 0 0 0 0 0 0 0 0 0 0 0 0 0 0 0 0 data 179 0xc0005 0x0 0x0 0x2c76218d0c8 0x3aab 0x0 0x0 0xf0104 0x0 0x0 0x2c76bb9ebf0 0x6 0x0 0x0 0x150007 0x3a9e 0x240 0x6 0x1b0005 0x0 0x0 0x2c76bb9ebf0 0x6 0x0 0x0 0x290007 0x6 0xd8 0x0 0x2d0005 0x0 0x0 0x0 0x0 0x0 0x0 0x320005 0x0 0x0 0x0 0x0 0x0 0x0 0x350007 0x0 0x38 0x0 0x380003 0x0 0x28 0x3f0002 0x0 0x450007 0x6 0x110 0x0 0x4a0005 0x0 0x0 0x0 0x0 0x0 0x0 0x4e0004 0x0 0x0 0x0 0x0 0x0 0x0 0x530004 0x0 0x0 0x0 0x0 0x0 0x0 0x560007 0x0 0x38 0x0 0x590003 0x0 0x28 0x600002 0x0 0x650007 0x3a9d 0x220 0x6 0x6e0007 0x6 0x68 0x0 0x720007 0x0 0x38 0x0 0x750003 0x0 0x28 0x7c0002 0x0 0x820007 0x6 0x198 0x0 0x870005 0x0 0x0 0x0 0x0 0x0 0x0 0x8c0004 0x0 0x0 0x0 0x0 0x0 0x0 0x8f0005 0x0 0x0 0x0 0x0 0x0 0x0 0x940007 0x0 0xd0 0x0 0x980005 0x0 0x0 0x0 0x0 0x0 0x0 0x9b0007 0x0 0x38 0x0 0x9e0003 0x0 0x58 0xa6000a 0x0 0x3 0x0 0x0 0x0 0xab0002 0x0 0xb30005 0x0 0x0 0x2c76a8019d0 0x3a9d 0x0 0x0 0xb80004 0x0 0x0 0x2c767c43250 0x1890 0x2c7689fb390 0x2218 0x0 0x0 0x0 0x0 0x0 0x0 0x9 0x3 0x0 0x0 0x0 oops 6 3 java/util/concurrent/ConcurrentHashMap 10 com/android/tools/r8/synthesis/N 21 com/android/tools/r8/synthesis/N 157  @bci com/android/tools/r8/graph/h c (Lcom/android/tools/r8/graph/M2;)Lcom/android/tools/r8/graph/E0; 23 <appendix> member <vmtarget> ; 164 com/android/tools/r8/graph/H2 166 com/android/tools/r8/graph/v2 methods 0
ciMethodData com/android/tools/r8/graph/W a ()Lcom/android/tools/r8/graph/b0; 2 16728 orig 80 0 0 0 0 0 0 0 0 0 0 0 0 0 0 0 0 0 0 0 0 0 0 0 0 0 0 0 0 0 0 0 0 0 0 0 0 0 0 0 0 0 0 0 0 0 0 0 0 0 0 0 0 0 0 0 0 0 0 0 0 0 0 0 0 0 0 0 0 0 0 0 0 0 0 0 0 0 0 0 0 data 90 0x60007 0x1a10 0x40 0x2754 0xd0007 0x2754 0x20 0x0 0x150007 0x1a0f 0x20 0x2753 0x210007 0x0 0x20 0x1a0b 0x270005 0x0 0x0 0x0 0x0 0x0 0x0 0x2c0007 0x0 0x68 0x0 0x380005 0x0 0x0 0x0 0x0 0x0 0x0 0x430002 0x0 0x4a0007 0x0 0x110 0x0 0x510004 0x0 0x0 0x0 0x0 0x0 0x0 0x550005 0x0 0x0 0x0 0x0 0x0 0x0 0x590004 0x0 0x0 0x0 0x0 0x0 0x0 0x5c0007 0x0 0x38 0x0 0x5f0003 0x0 0x28 0x660002 0x0 0x730005 0x0 0x0 0x0 0x0 0x0 0x0 0x7e0002 0x0 0x0 0x0 0x0 0x0 0x0 0x0 0x0 0x0 0x9 0x1 0x0 oops 0 methods 0
ciMethodData com/android/tools/r8/internal/qd a ()Lcom/android/tools/r8/graph/E0; 2 15292 orig 80 0 0 0 0 0 0 0 0 0 0 0 0 0 0 0 0 0 0 0 0 0 0 0 0 0 0 0 0 0 0 0 0 0 0 0 0 0 0 0 0 0 0 0 0 0 0 0 0 0 0 0 0 0 0 0 0 0 0 0 0 0 0 0 0 0 0 0 0 0 0 0 0 0 0 0 0 0 0 0 0 data 97 0x40007 0x323 0x20 0x389a 0x120007 0x19 0x148 0x30b 0x180007 0x30b 0xc0 0x0 0x1f0007 0x0 0x90 0x0 0x260007 0x0 0x70 0x0 0x2d0007 0x0 0x50 0x0 0x300003 0x0 0x40 0x330003 0x0 0x1a0 0x3a0002 0x0 0x47000a 0x30b 0x3 0x0 0x2c7692bc970 0x2c769aa7720 0x4c0005 0x0 0x0 0x2c769aa77d0 0x30b 0x0 0x0 0x6a0007 0x324 0x68 0x0 0x710007 0x0 0x38 0x0 0x740003 0x0 0x28 0x7b0002 0x0 0x800007 0x324 0xa8 0x0 0x870007 0x0 0x78 0x0 0x8e0007 0x0 0x58 0x0 0x950007 0x0 0x38 0x0 0x980003 0x0 0x28 0x9f0002 0x0 0x0 0x0 0x0 0x0 0x0 0x0 0x0 0x0 0x0 0x0 0x0 0x0 0x0 0x0 0x0 0x9 0x1 0x0 oops 3 36 com/android/tools/r8/internal/qd 37  @bci com/android/tools/r8/internal/qd a ()Lcom/android/tools/r8/graph/E0; 71 <appendix> member <vmtarget> ; 41 com/android/tools/r8/internal/Yd methods 0
ciMethodData  @bci com/android/tools/r8/internal/qd a ()Lcom/android/tools/r8/graph/E0; 71 <appendix> member <vmtarget> ; <init> (Lcom/android/tools/r8/internal/qd;)V 1 779 orig 80 0 0 0 0 0 0 0 0 0 0 0 0 0 0 0 0 0 0 0 0 0 0 0 0 0 0 0 0 0 0 0 0 0 0 0 0 0 0 0 0 0 0 0 0 0 0 0 0 0 0 0 0 0 0 0 0 0 0 0 0 0 0 0 0 0 0 0 0 0 0 0 0 0 0 0 0 0 0 0 0 data 10 0x10002 0x30b 0x0 0x0 0x0 0x0 0x9 0x2 0x6 0x0 oops 0 methods 0
ciMethodData com/android/tools/r8/internal/Yd a (Lcom/android/tools/r8/graph/M2;Ljava/util/function/Consumer;)V 1 857 orig 80 0 0 0 0 0 0 0 0 0 0 0 0 0 0 0 0 0 0 0 0 0 0 0 0 0 0 0 0 0 0 0 0 0 0 0 0 0 0 0 0 0 0 0 0 0 0 0 0 0 0 0 0 0 0 0 0 0 0 0 0 0 0 0 0 0 0 0 0 0 0 0 0 0 0 0 0 0 0 0 0 data 103 0x60004 0xfffffffffffffca7 0x0 0x2c7697032c8 0x86 0x0 0x0 0x90007 0x359 0x120 0x0 0xd0004 0x0 0x0 0x0 0x0 0x0 0x0 0x140005 0x0 0x0 0x0 0x0 0x0 0x0 0x190004 0x0 0x0 0x0 0x0 0x0 0x0 0x1e0007 0x0 0x1e0 0x0 0x230005 0x0 0x0 0x0 0x0 0x0 0x0 0x2e0005 0x0 0x0 0x2c7629c9838 0x359 0x0 0x0 0x360005 0x0 0x0 0x2c7697032c8 0x359 0x0 0x0 0x3d0007 0x301 0x118 0x58 0x570002 0x58 0x5a0005 0x0 0x0 0x2c769703378 0x58 0x0 0x0 0x600005 0x0 0x0 0x2c769703378 0x58 0x0 0x0 0x670005 0x0 0x0 0x2c76b2f2730 0x58 0x0 0x0 0x71000a 0x0 0x3 0x0 0x0 0x2c7621897a8 0x770002 0x0 0x0 0x0 0x0 0x0 0x0 0x0 0x9 0x3 0xffffffffffffffff 0xffffffffffffffff 0xffffffffffffffff oops 7 3 com/android/tools/r8/internal/CJ 46 com/android/tools/r8/graph/L2 53 com/android/tools/r8/internal/CJ 66 com/android/tools/r8/ProgramResource$ByteResource 73 com/android/tools/r8/ProgramResource$ByteResource 80 com/android/tools/r8/graph/r4 89 java/lang/String methods 0
ciMethodData com/android/tools/r8/graph/E0 D ()Lcom/android/tools/r8/graph/E0; 2 1557 orig 80 0 0 0 0 0 0 0 0 0 0 0 0 0 0 0 0 0 0 0 0 0 0 0 0 0 0 0 0 0 0 0 0 0 0 0 0 0 0 0 0 0 0 0 0 0 0 0 0 0 0 0 0 0 0 0 0 0 0 0 0 0 0 0 0 0 0 0 0 0 0 0 0 0 0 0 0 0 0 0 0 data 5 0x0 0x0 0x9 0x1 0x0 oops 0 methods 0
ciMethodData com/android/tools/r8/graph/h g (Lcom/android/tools/r8/graph/M2;)Lcom/android/tools/r8/graph/E0; 2 14878 orig 80 0 0 0 0 0 0 0 0 0 0 0 0 0 0 0 0 0 0 0 0 0 0 0 0 0 0 0 0 0 0 0 0 0 0 0 0 0 0 0 0 0 0 0 0 0 0 0 0 0 0 0 0 0 0 0 0 0 0 0 0 0 0 0 0 0 0 0 0 0 0 0 0 0 0 0 0 0 0 0 0 data 17 0x20005 0x3a21 0x0 0x0 0x0 0x0 0x0 0x0 0x0 0x0 0x0 0x0 0x0 0x9 0x2 0x0 0x0 oops 0 methods 0
ciMethodData com/android/tools/r8/graph/E0 a (Lcom/android/tools/r8/graph/B2;)Lcom/android/tools/r8/graph/H0; 2 9358 orig 80 0 0 0 0 0 0 0 0 0 0 0 0 0 0 0 0 0 0 0 0 0 0 0 0 0 0 0 0 0 0 0 0 0 0 0 0 0 0 0 0 0 0 0 0 0 0 0 0 0 0 0 0 0 0 0 0 0 0 0 0 0 0 0 0 0 0 0 0 0 0 0 0 0 0 0 0 0 0 0 0 data 37 0x90005 0x0 0x0 0x2c76a156b20 0x248f 0x0 0x0 0xd0005 0x0 0x0 0x2c76a156b20 0x248f 0x0 0x0 0x120005 0x0 0x0 0x2c7629c9d98 0x1cb8 0x2c7629c9ce8 0x7da 0x170007 0x97 0x30 0x23ee 0x1c0002 0x23ee 0x0 0x0 0x0 0x0 0x0 0x0 0x9 0x2 0x0 0x0 oops 4 3 com/android/tools/r8/graph/B2 10 com/android/tools/r8/graph/B2 17 com/android/tools/r8/graph/S4 19 com/android/tools/r8/graph/P4 methods 0
ciMethodData  @bci com/android/tools/r8/graph/z4 f (Lcom/android/tools/r8/graph/M2;)Lcom/android/tools/r8/graph/b0; 60 <appendix> member <vmtarget> ; accept (Ljava/lang/Object;)V 2 6303 orig 80 0 0 0 0 0 0 0 0 0 0 0 0 0 0 0 0 0 0 0 0 0 0 0 0 0 0 0 0 0 0 0 0 0 0 0 0 0 0 0 0 0 0 0 0 0 0 0 0 0 0 0 0 0 0 0 0 0 0 0 0 0 0 0 0 0 0 0 0 0 0 0 0 0 0 0 0 0 0 0 0 data 24 0x50004 0x0 0x0 0x2c767c43250 0x18a0 0x0 0x0 0x80005 0x18a0 0x0 0x0 0x0 0x0 0x0 0x0 0x0 0x0 0x0 0x0 0x0 0x9 0x2 0x0 0x0 oops 1 3 com/android/tools/r8/graph/H2 methods 0
ciMethodData com/android/tools/r8/graph/W a (Lcom/android/tools/r8/graph/H2;)Lcom/android/tools/r8/graph/W; 2 6308 orig 80 0 0 0 0 0 0 0 0 0 0 0 0 0 0 0 0 0 0 0 0 0 0 0 0 0 0 0 0 0 0 0 0 0 0 0 0 0 0 0 0 0 0 0 0 0 0 0 0 0 0 0 0 0 0 0 0 0 0 0 0 0 0 0 0 0 0 0 0 0 0 0 0 0 0 0 0 0 0 0 0 data 23 0x30007 0x18a4 0x68 0x0 0xa0007 0x0 0x38 0x0 0xd0003 0x0 0x28 0x140002 0x0 0x0 0x0 0x0 0x0 0x0 0x0 0x9 0x2 0x0 0x0 oops 0 methods 0
ciMethodData com/android/tools/r8/graph/r4 <init> (Lcom/android/tools/r8/graph/k4;Ljava/util/function/Consumer;Lcom/android/tools/r8/graph/V;)V 1 72 orig 80 0 0 0 0 0 0 0 0 0 0 0 0 0 0 0 0 0 0 0 0 0 0 0 0 0 0 0 0 0 0 0 0 0 0 0 0 0 0 0 0 0 0 0 0 0 0 0 0 0 0 0 0 0 0 0 0 0 0 0 0 0 0 0 0 0 0 0 0 0 0 0 0 0 0 0 0 0 0 0 0 data 12 0x30002 0x48 0x0 0x0 0x0 0x0 0x9 0x4 0xe 0x0 0x0 0x0 oops 0 methods 0
ciMethodData com/android/tools/r8/graph/o5 <init> (Lcom/android/tools/r8/graph/E0;Lcom/android/tools/r8/graph/H2;Lcom/android/tools/r8/graph/j1;)V 2 3285 orig 80 0 0 0 0 0 0 0 0 0 0 0 0 0 0 0 0 0 0 0 0 0 0 0 0 0 0 0 0 0 0 0 0 0 0 0 0 0 0 0 0 0 0 0 0 0 0 0 0 0 0 0 0 0 0 0 0 0 0 0 0 0 0 0 0 0 0 0 0 0 0 0 0 0 0 0 0 0 0 0 0 data 10 0x40002 0xcd5 0x0 0x0 0x9 0x4 0xffffffffffffffff 0xffffffffffffffff 0xffffffffffffffff 0xffffffffffffffff oops 0 methods 0
ciMethodData com/android/tools/r8/graph/c5$c <init> (Lcom/android/tools/r8/graph/E0;Lcom/android/tools/r8/graph/E0;Lcom/android/tools/r8/graph/j1;)V 2 7534 orig 80 0 0 0 0 0 0 0 0 0 0 0 0 0 0 0 0 0 0 0 0 0 0 0 0 0 0 0 0 0 0 0 0 0 0 0 0 0 0 0 0 0 0 0 0 0 0 0 0 0 0 0 0 0 0 0 0 0 0 0 0 0 0 0 0 0 0 0 0 0 0 0 0 0 0 0 0 0 0 0 0 data 111 0x10002 0x1d6f 0xa0007 0x1d6d 0x68 0x0 0xe0007 0x0 0x38 0x0 0x110003 0x0 0x28 0x180002 0x0 0x1e0007 0x1d6d 0x68 0x0 0x220007 0x0 0x38 0x0 0x250003 0x0 0x28 0x2c0002 0x0 0x320007 0x1d6e 0x68 0x0 0x360007 0x0 0x38 0x0 0x390003 0x0 0x28 0x400002 0x0 0x460007 0x1d6e 0xa0 0x0 0x4e0005 0x0 0x0 0x0 0x0 0x0 0x0 0x510007 0x0 0x38 0x0 0x540003 0x0 0x28 0x5b0002 0x0 0x700007 0x1d6e 0x130 0x0 0x750005 0x0 0x0 0x0 0x0 0x0 0x0 0x7b0005 0x0 0x0 0x0 0x0 0x0 0x0 0x7e0007 0x0 0xa0 0x0 0x860005 0x0 0x0 0x0 0x0 0x0 0x0 0x890007 0x0 0x38 0x0 0x8c0003 0x0 0x28 0x930002 0x0 0x0 0x0 0x0 0x0 0x0 0x0 0x9 0x4 0x0 0x0 0x0 0x0 oops 0 methods 0
ciMethodData  @bci com/android/tools/r8/graph/z4 f (Lcom/android/tools/r8/graph/M2;)Lcom/android/tools/r8/graph/b0; 28 <appendix> member <vmtarget> ; accept (Ljava/lang/Object;)V 2 8785 orig 80 0 0 0 0 0 0 0 0 0 0 0 0 0 0 0 0 0 0 0 0 0 0 0 0 0 0 0 0 0 0 0 0 0 0 0 0 0 0 0 0 0 0 0 0 0 0 0 0 0 0 0 0 0 0 0 0 0 0 0 0 0 0 0 0 0 0 0 0 0 0 0 0 0 0 0 0 0 0 0 0 data 24 0x50004 0x0 0x0 0x2c7689fb390 0x2251 0x0 0x0 0x80005 0x2251 0x0 0x0 0x0 0x0 0x0 0x0 0x0 0x0 0x0 0x0 0x0 0x9 0x2 0x0 0x0 oops 1 3 com/android/tools/r8/graph/v2 methods 0
ciMethodData com/android/tools/r8/graph/W a (Lcom/android/tools/r8/graph/v2;)Lcom/android/tools/r8/graph/W; 2 8784 orig 80 0 0 0 0 0 0 0 0 0 0 0 0 0 0 0 0 0 0 0 0 0 0 0 0 0 0 0 0 0 0 0 0 0 0 0 0 0 0 0 0 0 0 0 0 0 0 0 0 0 0 0 0 0 0 0 0 0 0 0 0 0 0 0 0 0 0 0 0 0 0 0 0 0 0 0 0 0 0 0 0 data 23 0x30007 0x2251 0x68 0x0 0xa0007 0x0 0x38 0x0 0xd0003 0x0 0x28 0x140002 0x0 0x0 0x0 0x0 0x0 0x0 0x0 0x9 0x2 0x0 0x0 oops 0 methods 0
ciMethodData com/android/tools/r8/graph/c5 a (Lcom/android/tools/r8/graph/E0;Lcom/android/tools/r8/graph/E0;Lcom/android/tools/r8/graph/j1;)Lcom/android/tools/r8/graph/c5$c; 2 7408 orig 80 0 0 0 0 0 0 0 0 0 0 0 0 0 0 0 0 0 0 0 0 0 0 0 0 0 0 0 0 0 0 0 0 0 0 0 0 0 0 0 0 0 0 0 0 0 0 0 0 0 0 0 0 0 0 0 0 0 0 0 0 0 0 0 0 0 0 0 0 0 0 0 0 0 0 0 0 0 0 0 0 data 80 0x10005 0x0 0x0 0x2c767c43250 0xc62 0x2c7689fb390 0x1096 0x40007 0xc62 0x68 0x1096 0xc0005 0x0 0x0 0x2c7689fb390 0x1095 0x0 0x0 0x120002 0x1096 0x170004 0xfffffffffffff39e 0x0 0x0 0x0 0x0 0x0 0x1a0007 0xc62 0x68 0x0 0x220005 0x0 0x0 0x0 0x0 0x0 0x0 0x280002 0x0 0x2f0007 0xc63 0xa0 0x0 0x330005 0x0 0x0 0x0 0x0 0x0 0x0 0x360007 0x0 0x38 0x0 0x390003 0x0 0x28 0x400002 0x0 0x490005 0x0 0x0 0x2c767c43250 0xc63 0x0 0x0 0x4f0002 0xc63 0x0 0x0 0x0 0x0 0x0 0x0 0x9 0x3 0xffffffffffffffff 0xffffffffffffffff 0xffffffffffffffff oops 4 3 com/android/tools/r8/graph/H2 5 com/android/tools/r8/graph/v2 14 com/android/tools/r8/graph/v2 63 com/android/tools/r8/graph/H2 methods 0
ciMethod com/android/tools/r8/internal/Y5 k ()Lcom/android/tools/r8/internal/PE; 264 0 132 0 -1
ciMethod com/android/tools/r8/internal/Y5 G ()Lcom/android/tools/r8/internal/a6; 150 0 91558 0 -1
ciMethod com/android/tools/r8/internal/PE size ()I 300 0 150 0 -1
ciMethod com/android/tools/r8/internal/PE j (I)Lcom/android/tools/r8/internal/ME; 454 0 137156 0 -1
ciMethod com/android/tools/r8/internal/a6 hasNext ()Z 844 0 229363 0 88
ciMethod com/android/tools/r8/internal/a6 a ()Lcom/android/tools/r8/internal/ME; 810 0 526867 0 520
ciMethod com/android/tools/r8/internal/a6 next ()Ljava/lang/Object; 802 0 564230 0 520
ciMethod com/android/tools/r8/internal/a6 <init> (Lcom/android/tools/r8/internal/Y5;I)V 198 0 167434 0 -1
ciMethod com/android/tools/r8/internal/a6 <init> (Lcom/android/tools/r8/internal/Y5;Lcom/android/tools/r8/internal/ME;)V 452 0 155743 0 -1
ciMethodData com/android/tools/r8/internal/zx0 s ()Lcom/android/tools/r8/graph/j0; 2 113156 orig 80 0 0 0 0 0 0 0 0 0 0 0 0 0 0 0 0 0 0 0 0 0 0 0 0 0 0 0 0 0 0 0 0 0 0 0 0 0 0 0 0 0 0 0 0 0 0 0 0 0 0 0 0 0 0 0 0 0 0 0 0 0 0 0 0 0 0 0 0 0 0 0 0 0 0 0 0 0 0 0 0 data 13 0x60007 0xbf7b 0x20 0xfb8e 0x0 0x0 0x0 0x0 0x0 0x0 0x9 0x1 0x0 oops 0 methods 0
ciMethod com/android/tools/r8/internal/sB j ()Lcom/android/tools/r8/graph/K5; 288 0 144 0 0
ciMethod com/android/tools/r8/internal/sB b (Ljava/util/Collection;)V 1538 0 7177 0 -1
ciMethod com/android/tools/r8/internal/sB v ()Lcom/android/tools/r8/internal/b6; 850 0 40301 0 -1
ciMethod com/android/tools/r8/internal/sB y ()V 1040 1456 16066 0 -1
ciMethod com/android/tools/r8/internal/sB a (Lcom/android/tools/r8/internal/nB;Lcom/android/tools/r8/ir/optimize/a;)Z 972 4096 1923 0 -1
ciMethod com/android/tools/r8/internal/sB o ()Ljava/util/Set; 0 0 1 0 -1
ciMethod com/android/tools/r8/ir/optimize/a <init> ()V 22262 0 18037 0 -1
ciMethodData com/android/tools/r8/internal/a6 hasNext ()Z 2 228941 orig 80 0 0 0 0 0 0 0 0 0 0 0 0 0 0 0 0 0 0 0 0 0 0 0 0 0 0 0 0 0 0 0 0 0 0 0 0 0 0 0 0 0 0 0 0 0 0 0 0 0 0 0 0 0 0 0 0 0 0 0 0 0 0 0 0 0 0 0 0 0 0 0 0 0 0 0 0 0 0 0 0 data 13 0x40007 0x8bc8 0x20 0x2f58b 0x0 0x0 0x0 0x0 0x0 0x0 0x9 0x1 0x0 oops 0 methods 0
ciMethod com/android/tools/r8/internal/b6 hasNext ()Z 150 0 113636 0 -1
ciMethod com/android/tools/r8/internal/b6 next ()Ljava/lang/Object; 100 0 91856 0 -1
ciMethodData com/android/tools/r8/internal/a6 a ()Lcom/android/tools/r8/internal/ME; 2 526462 orig 80 0 0 0 0 0 0 0 0 0 0 0 0 0 0 0 0 0 0 0 0 0 0 0 0 0 0 0 0 0 0 0 0 0 0 0 0 0 0 0 0 0 0 0 0 0 0 0 0 0 0 0 0 0 0 0 0 0 0 0 0 0 0 0 0 0 0 0 0 0 0 0 0 0 0 0 0 0 0 0 0 data 34 0x60007 0x0 0xb8 0x80129 0xc0007 0x8049c 0x98 0x0 0x170007 0x0 0x38 0x0 0x1a0003 0x0 0x58 0x22000a 0x0 0x3 0x0 0x0 0x0 0x270002 0x0 0x3e0002 0x0 0x0 0x0 0x0 0x0 0x0 0x0 0x9 0x1 0x0 oops 0 methods 0
ciMethodData com/android/tools/r8/internal/a6 next ()Ljava/lang/Object; 2 563829 orig 80 0 0 0 0 0 0 0 0 0 0 0 0 0 0 0 0 0 0 0 0 0 0 0 0 0 0 0 0 0 0 0 0 0 0 0 0 0 0 0 0 0 0 0 0 0 0 0 0 0 0 0 0 0 0 0 0 0 0 0 0 0 0 0 0 0 0 0 0 0 0 0 0 0 0 0 0 0 0 0 0 data 16 0x10005 0x8a5b9 0x0 0x0 0x0 0x0 0x0 0x0 0x0 0x0 0x0 0x0 0x0 0x9 0x1 0x0 oops 0 methods 0
ciMethod com/android/tools/r8/internal/iv0 <init> (Lcom/android/tools/r8/graph/y;Lcom/android/tools/r8/internal/sB;Z)V 1024 0 6066 0 -1
ciMethod com/android/tools/r8/internal/iv0 a ()V 1024 226 6846 0 -1
ciMethod com/android/tools/r8/internal/iv0 a (Ljava/util/function/Consumer;)V 1024 0 4334 0 -1
ciMethod com/android/tools/r8/internal/iv0 a (Ljava/lang/Iterable;I)V 1024 0 4339 0 -1
ciMethod com/android/tools/r8/internal/bz0 b ()Z 546 0 82783 0 -1
ciMethod com/android/tools/r8/ir/optimize/r a (Lcom/android/tools/r8/internal/F4;Lcom/android/tools/r8/internal/a6;Ljava/util/Set;Ljava/util/function/Consumer;)V 0 0 1 0 -1
ciMethodData com/android/tools/r8/internal/b6 hasNext ()Z 2 113561 orig 80 0 0 0 0 0 0 0 0 0 0 0 0 0 0 0 0 0 0 0 0 0 0 0 0 0 0 0 0 0 0 0 0 0 0 0 0 0 0 0 0 0 0 0 0 0 0 0 0 0 0 0 0 0 0 0 0 0 0 0 0 0 0 0 0 0 0 0 0 0 0 0 0 0 0 0 0 0 0 0 0 data 16 0x40005 0x0 0x0 0x2c769c12b08 0x1bbe2 0x0 0x0 0x0 0x0 0x0 0x0 0x0 0x0 0x9 0x1 0x0 oops 1 3 java/util/LinkedList$ListItr methods 0
ciMethodData com/android/tools/r8/internal/b6 next ()Ljava/lang/Object; 2 94130 orig 80 0 0 0 0 0 0 0 0 0 0 0 0 0 0 0 0 0 0 0 0 0 0 0 0 0 0 0 0 0 0 0 0 0 0 0 0 0 0 0 0 0 0 0 0 0 0 0 0 0 0 0 0 0 0 0 0 0 0 0 0 0 0 0 0 0 0 0 0 0 0 0 0 0 0 0 0 0 0 0 0 data 23 0x40005 0x0 0x0 0x2c769c12b08 0x170b8 0x0 0x0 0x90004 0x0 0x0 0x2c768c91130 0x16ec2 0x0 0x0 0x0 0x0 0x0 0x0 0x0 0x0 0x9 0x1 0x4 oops 2 3 java/util/LinkedList$ListItr 10 com/android/tools/r8/internal/Y5 methods 0
ciMethodData com/android/tools/r8/internal/Y5 G ()Lcom/android/tools/r8/internal/a6; 2 95226 orig 80 0 0 0 0 0 0 0 0 0 0 0 0 0 0 0 0 0 0 0 0 0 0 0 0 0 0 0 0 0 0 0 0 0 0 0 0 0 0 0 0 0 0 0 0 0 0 0 0 0 0 0 0 0 0 0 0 0 0 0 0 0 0 0 0 0 0 0 0 0 0 0 0 0 0 0 0 0 0 0 0 data 8 0x60002 0x17444 0x0 0x0 0x0 0x9 0x1 0x0 oops 0 methods 0
ciMethodData com/android/tools/r8/internal/a6 <init> (Lcom/android/tools/r8/internal/Y5;I)V 2 167335 orig 80 0 0 0 0 0 0 0 0 0 0 0 0 0 0 0 0 0 0 0 0 0 0 0 0 0 0 0 0 0 0 0 0 0 0 0 0 0 0 0 0 0 0 0 0 0 0 0 0 0 0 0 0 0 0 0 0 0 0 0 0 0 0 0 0 0 0 0 0 0 0 0 0 0 0 0 0 0 0 0 0 data 41 0x50005 0x0 0x0 0x2c769c10b90 0x28d75 0x0 0x0 0x80007 0x25b04 0x38 0x332e 0xd0003 0x3330 0x88 0x110005 0x0 0x0 0x2c768c91130 0x25a5c 0x0 0x0 0x150005 0x0 0x0 0x2c769c10b90 0x259f4 0x0 0x0 0x1c0002 0x28954 0x0 0x0 0x0 0x0 0x0 0x0 0x9 0x3 0x0 0x0 0x0 oops 3 3 com/android/tools/r8/internal/PE 17 com/android/tools/r8/internal/Y5 24 com/android/tools/r8/internal/PE methods 0
ciMethodData com/android/tools/r8/internal/ME f1 ()Z 2 137835 orig 80 0 0 0 0 0 0 0 0 0 0 0 0 0 0 0 0 0 0 0 0 0 0 0 0 0 0 0 0 0 0 0 0 0 0 0 0 0 0 0 0 0 0 0 0 0 0 0 0 0 0 0 0 0 0 0 0 0 0 0 0 0 0 0 0 0 0 0 0 0 0 0 0 0 0 0 0 0 0 0 0 data 13 0x40007 0xf35d 0x20 0x128b0 0x0 0x0 0x0 0x0 0x0 0x0 0x9 0x1 0x0 oops 0 methods 0
ciMethodData com/android/tools/r8/internal/a6 <init> (Lcom/android/tools/r8/internal/Y5;Lcom/android/tools/r8/internal/ME;)V 2 155517 orig 80 0 0 0 0 0 0 0 0 0 0 0 0 0 0 0 0 0 0 0 0 0 0 0 0 0 0 0 0 0 0 0 0 0 0 0 0 0 0 0 0 0 0 0 0 0 0 0 0 0 0 0 0 0 0 0 0 0 0 0 0 0 0 0 0 0 0 0 0 0 0 0 0 0 0 0 0 0 0 0 0 data 34 0x60002 0x25f88 0xc0005 0x0 0x0 0x2c768c91130 0x259e3 0x0 0x0 0x120007 0x229c9 0x38 0x3280 0x170003 0x3281 0x50 0x1b0005 0x6166 0x0 0x2c768c91340 0x12413 0x2c769c11ce8 0xaf85 0x0 0x0 0x0 0x0 0x0 0x0 0x9 0x3 0x0 0x0 0x0 oops 3 5 com/android/tools/r8/internal/Y5 19 com/android/tools/r8/internal/mj 21 com/android/tools/r8/internal/m3 methods 0
ciMethodData com/android/tools/r8/internal/zx0 z ()Z 2 81948 orig 80 0 0 0 0 0 0 0 0 0 0 0 0 0 0 0 0 0 0 0 0 0 0 0 0 0 0 0 0 0 0 0 0 0 0 0 0 0 0 0 0 0 0 0 0 0 0 0 0 0 0 0 0 0 0 0 0 0 0 0 0 0 0 0 0 0 0 0 0 0 0 0 0 0 0 0 0 0 0 0 0 data 20 0x10005 0x14035 0x0 0x0 0x0 0x0 0x0 0x40007 0xe44f 0x20 0x5c1d 0x0 0x0 0x0 0x0 0x0 0x0 0x9 0x1 0x0 oops 0 methods 0
ciMethodData com/android/tools/r8/ir/optimize/a <init> ()V 2 11178 orig 80 0 0 0 0 0 0 0 0 0 0 0 0 0 0 0 0 0 0 0 0 0 0 0 0 0 0 0 0 0 0 0 0 0 0 0 0 0 0 0 0 0 0 0 0 0 0 0 0 0 0 0 0 0 0 0 0 0 0 0 0 0 0 0 0 0 0 0 0 0 0 0 0 0 0 0 0 0 0 0 0 data 13 0x20002 0x2bae 0x60002 0x2ba6 0x0 0x0 0x0 0x0 0x0 0x0 0x9 0x1 0x6 oops 0 methods 0
ciMethodData com/android/tools/r8/internal/RY b (Lcom/android/tools/r8/internal/sB;)Lcom/android/tools/r8/internal/De; 2 1929 orig 80 0 0 0 0 0 0 0 0 0 0 0 0 0 0 0 0 0 0 0 0 0 0 0 0 0 0 0 0 0 0 0 0 0 0 0 0 0 0 0 0 0 0 0 0 0 0 0 0 0 0 0 0 0 0 0 0 0 0 0 0 0 0 0 0 0 0 0 0 0 0 0 0 0 0 0 0 0 0 0 0 data 583 0x50002 0x789 0xa0005 0x0 0x0 0x2c768c8fc18 0x78a 0x0 0x0 0x1c0002 0x78a 0x250005 0x0 0x0 0x2c768c91080 0x2454 0x0 0x0 0x2a0007 0x78b 0xe20 0x1cc7 0x310005 0x0 0x0 0x2c768c91080 0x1cc7 0x0 0x0 0x360004 0x0 0x0 0x2c768c91130 0x1cbb 0x0 0x0 0x3c0005 0x0 0x0 0x2c768c911e0 0x1cbc 0x0 0x0 0x410007 0x1cbb 0x38 0x0 0x440003 0x0 0xfffffffffffffee0 0x490005 0x0 0x0 0x2c768c91130 0x1cbb 0x0 0x0 0x500005 0x0 0x0 0x2c768c91290 0xad4f 0x0 0x0 0x550007 0x1cc9 0xfffffffffffffe58 0x90a5 0x5a0005 0x0 0x0 0x2c768c91290 0x90aa 0x0 0x0 0x5f0004 0x0 0x0 0x2c768c91340 0x2625 0x2c768c913f0 0x4a1 0x620005 0x6618 0x0 0x2c768c91340 0x2625 0x2c768c913f0 0x4a1 0x680007 0x7b68 0xffffffffffffff00 0x155d 0x6d0005 0x876 0x0 0x2c768c913f0 0x4a1 0x2c768c914a0 0x849 0x700007 0x85b 0xfffffffffffffea8 0xd03 0x750005 0x1bf 0x0 0x2c768c914a0 0x699 0x2c768c91550 0x4ab 0x780005 0xd05 0x0 0x0 0x0 0x0 0x0 0x7b0007 0xb87 0x38 0x17d 0x7e0003 0x17d 0xfffffffffffffdf8 0x8a0005 0x0 0x0 0x2c768c8fc18 0xb87 0x0 0x0 0x900005 0xb87 0x0 0x0 0x0 0x0 0x0 0x960007 0x2f2 0x38 0x897 0x990003 0x897 0xfffffffffffffd50 0x9e0005 0x0 0x0 0x2c768c91600 0x220 0x2c768c916b0 0xd2 0xa10004 0x0 0x0 0x2c768c91760 0x2f2 0x0 0x0 0xa50005 0x2f2 0x0 0x0 0x0 0x0 0x0 0xae0005 0x0 0x0 0x2c768c91810 0x2f2 0x0 0x0 0xb10007 0x0 0x38 0x2f2 0xb40003 0x2f2 0xfffffffffffffc38 0xb90005 0x0 0x0 0x0 0x0 0x0 0x0 0xbf0007 0x0 0xfffffffffffffbe8 0x0 0xc50005 0x0 0x0 0x0 0x0 0x0 0x0 0xcf0002 0x0 0xda0002 0x0 0xdf0005 0x0 0x0 0x0 0x0 0x0 0x0 0xe20007 0x0 0x70 0x0 0xe70005 0x0 0x0 0x0 0x0 0x0 0x0 0xf80003 0x0 0xc0 0xfd0007 0x0 0x70 0x0 0x1020005 0x0 0x0 0x0 0x0 0x0 0x0 0x10a0003 0x0 0x50 0x10f0005 0x0 0x0 0x0 0x0 0x0 0x0 0x1260002 0x0 0x1310002 0x0 0x1390005 0x0 0x0 0x0 0x0 0x0 0x0 0x13c0007 0x0 0x70 0x0 0x1480005 0x0 0x0 0x0 0x0 0x0 0x0 0x14b0003 0x0 0x50 0x1520005 0x0 0x0 0x0 0x0 0x0 0x0 0x1550007 0x0 0x38 0x0 0x1580003 0x0 0xfffffffffffff900 0x1630005 0x0 0x0 0x0 0x0 0x0 0x0 0x1660004 0x0 0x0 0x0 0x0 0x0 0x0 0x16b0005 0x0 0x0 0x0 0x0 0x0 0x0 0x1730007 0x0 0x90 0x0 0x17a0005 0x0 0x0 0x0 0x0 0x0 0x0 0x17d0005 0x0 0x0 0x0 0x0 0x0 0x0 0x1820005 0x0 0x0 0x0 0x0 0x0 0x0 0x1880005 0x0 0x0 0x0 0x0 0x0 0x0 0x1930005 0x0 0x0 0x0 0x0 0x0 0x0 0x1960007 0x0 0x38 0x0 0x1990003 0x0 0xfffffffffffff6e8 0x19e0005 0x0 0x0 0x0 0x0 0x0 0x0 0x1a30005 0x0 0x0 0x0 0x0 0x0 0x0 0x1a60005 0x0 0x0 0x0 0x0 0x0 0x0 0x1a90007 0x0 0x38 0x0 0x1b00003 0x0 0x50 0x1b50005 0x0 0x0 0x0 0x0 0x0 0x0 0x1bb0005 0x0 0x0 0x0 0x0 0x0 0x0 0x1be0007 0x0 0x38 0x0 0x1c40003 0x0 0x18 0x1d60005 0x0 0x0 0x0 0x0 0x0 0x0 0x1da0005 0x0 0x0 0x0 0x0 0x0 0x0 0x1e40005 0x0 0x0 0x0 0x0 0x0 0x0 0x1e90007 0x0 0x170 0x0 0x1fa0002 0x0 0x201000a 0x0 0x5 0x0 0x0 0x1 0x0 0x0 0x2090005 0x0 0x0 0x0 0x0 0x0 0x0 0x20e0005 0x0 0x0 0x0 0x0 0x0 0x0 0x2120005 0x0 0x0 0x0 0x0 0x0 0x0 0x2150007 0x0 0x58 0x0 0x21a0005 0x0 0x0 0x0 0x0 0x0 0x0 0x2240003 0x0 0xfffffffffffff330 0x22e0002 0x78b 0x2310005 0x0 0x0 0x2c768c911e0 0x78b 0x0 0x0 0x2360007 0x78b 0x168 0x0 0x23d0005 0x0 0x0 0x0 0x0 0x0 0x0 0x2420005 0x0 0x0 0x0 0x0 0x0 0x0 0x2490007 0x0 0x130 0x0 0x24d0005 0x0 0x0 0x0 0x0 0x0 0x0 0x2500005 0x0 0x0 0x0 0x0 0x0 0x0 0x2550007 0x0 0x38 0x0 0x2580003 0x0 0x80 0x25f0002 0x0 0x2640007 0x78b 0x58 0x0 0x26a0005 0x0 0x0 0x0 0x0 0x0 0x0 0x2720002 0x78b 0x2780005 0x78b 0x0 0x0 0x0 0x0 0x0 0x27c0005 0x78b 0x0 0x0 0x0 0x0 0x0 0x27f0007 0x78a 0x58 0x0 0x2830005 0x0 0x0 0x0 0x0 0x0 0x0 0x2870007 0x78a 0x20 0x0 0x0 0x0 0x0 0x0 0x0 0x0 0x0 0x0 0x0 0x0 0x0 0x0 0x0 0x9 0x2 0x0 0x0 oops 22 5 com/android/tools/r8/internal/sB 14 com/android/tools/r8/internal/b6 25 com/android/tools/r8/internal/b6 32 com/android/tools/r8/internal/Y5 39 java/util/Collections$SetFromMap 53 com/android/tools/r8/internal/Y5 60 com/android/tools/r8/internal/a6 71 com/android/tools/r8/internal/a6 78 com/android/tools/r8/internal/mj 80 com/android/tools/r8/internal/tK 85 com/android/tools/r8/internal/mj 87 com/android/tools/r8/internal/tK 96 com/android/tools/r8/internal/tK 98 com/android/tools/r8/internal/RK 107 com/android/tools/r8/internal/RK 109 com/android/tools/r8/internal/KK 128 com/android/tools/r8/internal/sB 149 com/android/tools/r8/graph/D4 151 com/android/tools/r8/graph/K5 156 com/android/tools/r8/graph/j1 170 com/android/tools/r8/internal/Kj 475 java/util/Collections$SetFromMap methods 0
ciMethodData com/android/tools/r8/internal/zK e (Lcom/android/tools/r8/graph/y;Lcom/android/tools/r8/graph/K5;)Lcom/android/tools/r8/graph/H0; 2 6807 orig 80 0 0 0 0 0 0 0 0 0 0 0 0 0 0 0 0 0 0 0 0 0 0 0 0 0 0 0 0 0 0 0 0 0 0 0 0 0 0 0 0 0 0 0 0 0 0 0 0 0 0 0 0 0 0 0 0 0 0 0 0 0 0 0 0 0 0 0 0 0 0 0 0 0 0 0 0 0 0 0 0 data 61 0x30005 0x1a97 0x0 0x0 0x0 0x0 0x0 0x80005 0x5c3 0x0 0x2c7622f76b0 0x1134 0x2c7622f7760 0x3a5 0xb0007 0x1135 0x120 0x967 0xf0005 0x0 0x0 0x2c7622f7760 0x3a5 0x2c7622f7810 0x5c3 0x150005 0x967 0x0 0x0 0x0 0x0 0x0 0x1a0004 0xfffffffffffffd07 0x0 0x2c7622f78c0 0x2f9 0x2c7622f6e08 0x66e 0x1d0007 0x2f9 0x58 0x66e 0x210005 0x0 0x0 0x2c7622f6e08 0x66e 0x0 0x0 0x0 0x0 0x0 0x0 0x0 0x0 0x9 0x3 0x0 0x0 0x0 oops 7 10 com/android/tools/r8/graph/p5 12 com/android/tools/r8/graph/o5 21 com/android/tools/r8/graph/o5 23 com/android/tools/r8/graph/n5 35 com/android/tools/r8/graph/f6 37 com/android/tools/r8/graph/W5 46 com/android/tools/r8/graph/W5 methods 0
ciMethodData com/android/tools/r8/internal/zK f (Lcom/android/tools/r8/graph/y;Lcom/android/tools/r8/graph/K5;)Lcom/android/tools/r8/graph/c5; 2 8219 orig 80 0 0 0 0 0 0 0 0 0 0 0 0 0 0 0 0 0 0 0 0 0 0 0 0 0 0 0 0 0 0 0 0 0 0 0 0 0 0 0 0 0 0 0 0 0 0 0 0 0 0 0 0 0 0 0 0 0 0 0 0 0 0 0 0 0 0 0 0 0 0 0 0 0 0 0 0 0 0 0 0 data 140 0x10005 0x0 0x0 0x2c768c95358 0x2019 0x0 0x0 0x40005 0x0 0x0 0x2c7622f8e10 0x2017 0x0 0x0 0x70007 0x2018 0x90 0x0 0xc0005 0x0 0x0 0x0 0x0 0x0 0x0 0xf0005 0x0 0x0 0x0 0x0 0x0 0x0 0x170005 0x0 0x0 0x2c76a156b20 0x2018 0x0 0x0 0x1b0005 0x0 0x0 0x2c768c916b0 0x2017 0x0 0x0 0x1e0005 0x2018 0x0 0x0 0x0 0x0 0x0 0x210007 0x1b13 0xc0 0x50c 0x250005 0x50c 0x0 0x0 0x0 0x0 0x0 0x2e0005 0x50c 0x0 0x0 0x0 0x0 0x0 0x330007 0xc3 0x30 0x449 0x390002 0x449 0x450005 0x0 0x0 0x2c76a156b20 0x1bd5 0x0 0x0 0x4d0005 0x0 0x0 0x2c768c911e0 0x1bd4 0x0 0x0 0x520007 0x155e 0x130 0x678 0x5a0005 0x0 0x0 0x2c768c95358 0x678 0x0 0x0 0x610007 0x0 0xd8 0x679 0x650005 0x0 0x0 0x2c768c91600 0x679 0x0 0x0 0x6a0005 0x0 0x0 0x2c768c91600 0x678 0x0 0x0 0x6d0004 0x0 0x0 0x2c768c91760 0x679 0x0 0x0 0x700002 0x679 0x0 0x0 0x0 0x0 0x0 0x0 0x9 0x3 0x0 0x0 0x0 oops 10 3 com/android/tools/r8/graph/y 10 com/android/tools/r8/graph/h 35 com/android/tools/r8/graph/B2 42 com/android/tools/r8/graph/K5 80 com/android/tools/r8/graph/B2 87 java/util/Collections$SetFromMap 98 com/android/tools/r8/graph/y 109 com/android/tools/r8/graph/D4 116 com/android/tools/r8/graph/D4 123 com/android/tools/r8/graph/j1 methods 0
ciMethodData com/android/tools/r8/internal/iv0 a ()V 2 7470 orig 80 0 0 0 0 0 0 0 0 0 0 0 0 0 0 0 0 0 0 0 0 0 0 0 0 0 0 0 0 0 0 0 0 0 0 0 0 0 0 0 0 0 0 0 0 0 0 0 0 0 0 0 0 0 0 0 0 0 0 0 0 0 0 0 0 0 0 0 0 0 0 0 0 0 0 0 0 0 0 0 0 data 148 0x40005 0x0 0x0 0x2c768b07e78 0x2aaa 0x0 0x0 0x70007 0x1d30 0x420 0xd7d 0x100005 0x0 0x0 0x2c768b07e78 0xd7d 0x0 0x0 0x190005 0x0 0x0 0x2c768c911e0 0xd7d 0x0 0x0 0x1f0004 0x0 0x0 0x2c769702b48 0x2db 0x2c76a154560 0xaa2 0x250005 0x0 0x0 0x2c769702b48 0x2db 0x2c76a154560 0xaa2 0x290005 0x0 0x0 0x2c769702b48 0x2db 0x2c76a154560 0xaa2 0x2e0007 0xaa2 0xa8 0x2db 0x320005 0x0 0x0 0x2c769702b48 0x2db 0x0 0x0 0x3b0005 0x0 0x0 0x2c769702b48 0x2db 0x0 0x0 0x3f0003 0x2db 0x50 0x4a0005 0x104 0x0 0x2c769702bf8 0x789 0x2c769702ca8 0x215 0x540007 0xd7b 0xc0 0x0 0x5b0007 0x0 0xa0 0x0 0x5f0005 0x0 0x0 0x0 0x0 0x0 0x0 0x620007 0x0 0x38 0x0 0x650003 0x0 0x28 0x6c0002 0x0 0x720007 0xd7b 0xf8 0x0 0x760005 0x0 0x0 0x0 0x0 0x0 0x0 0x790007 0x0 0xa0 0x0 0x7d0005 0x0 0x0 0x0 0x0 0x0 0x0 0x800007 0x0 0x38 0x0 0x830003 0x0 0x28 0x8a0002 0x0 0x910005 0xd7b 0x0 0x0 0x0 0x0 0x0 0x940003 0xd7a 0xfffffffffffffbc0 0x0 0x0 0x0 0x0 0x0 0x0 0x9 0x1 0x0 oops 13 3 com/android/tools/r8/internal/bz0 14 com/android/tools/r8/internal/bz0 21 java/util/Collections$SetFromMap 28 com/android/tools/r8/internal/V60 30 com/android/tools/r8/internal/zx0 35 com/android/tools/r8/internal/V60 37 com/android/tools/r8/internal/zx0 42 com/android/tools/r8/internal/V60 44 com/android/tools/r8/internal/zx0 53 com/android/tools/r8/internal/V60 60 com/android/tools/r8/internal/V60 70 com/android/tools/r8/internal/jj 72 com/android/tools/r8/internal/sc methods 0
ciMethodData com/android/tools/r8/internal/iv0 a (Ljava/lang/Iterable;I)V 2 5203 orig 80 0 0 0 0 0 0 0 0 0 0 0 0 0 0 0 0 0 0 0 0 0 0 0 0 0 0 0 0 0 0 0 0 0 0 0 0 0 0 0 0 0 0 0 0 0 0 0 0 0 0 0 0 0 0 0 0 0 0 0 0 0 0 0 0 0 0 0 0 0 0 0 0 0 0 0 0 0 0 0 0 data 51 0x80007 0x1454 0xa0 0x0 0xf0005 0x0 0x0 0x0 0x0 0x0 0x0 0x120007 0x0 0x38 0x0 0x150003 0x0 0x28 0x1c0002 0x0 0x23000a 0x1454 0x3 0x0 0x2c768c95158 0x2c769702228 0x280005 0x0 0x0 0x2c768c95ef0 0x1452 0x0 0x0 0x2d0005 0x1454 0x0 0x0 0x0 0x0 0x0 0x0 0x0 0x0 0x0 0x0 0x0 0x9 0x3 0xffffffffffffffff 0xffffffffffffffff 0x0 oops 3 24 com/android/tools/r8/internal/iv0 25  @bci com/android/tools/r8/internal/iv0 a (Ljava/lang/Iterable;I)V 35 <appendix> member <vmtarget> ; 29 com/android/tools/r8/ir/optimize/a methods 0
ciMethodData com/android/tools/r8/internal/iv0 a (Ljava/util/function/Consumer;)V 2 4389 orig 80 0 0 0 0 0 0 0 0 0 0 0 0 0 0 0 0 0 0 0 0 0 0 0 0 0 0 0 0 0 0 0 0 0 0 0 0 0 0 0 0 0 0 0 0 0 0 0 0 0 0 0 0 0 0 0 0 0 0 0 0 0 0 0 0 0 0 0 0 0 0 0 0 0 0 0 0 0 0 0 0 data 436 0x2 0x1125 0xd0005 0x0 0x0 0x2c768c911e0 0x1125 0x0 0x0 0x120007 0x0 0x38 0x1127 0x170003 0x1126 0xb50 0x240005 0x0 0x0 0x0 0x0 0x0 0x0 0x2b0005 0x0 0x0 0x0 0x0 0x0 0x0 0x300007 0x0 0xa90 0x0 0x350005 0x0 0x0 0x0 0x0 0x0 0x0 0x3a0004 0x0 0x0 0x0 0x0 0x0 0x0 0x3d0005 0x0 0x0 0x0 0x0 0x0 0x0 0x440005 0x0 0x0 0x0 0x0 0x0 0x0 0x490007 0x0 0xfffffffffffffec8 0x0 0x4e0005 0x0 0x0 0x0 0x0 0x0 0x0 0x530004 0x0 0x0 0x0 0x0 0x0 0x0 0x5a0005 0x0 0x0 0x0 0x0 0x0 0x0 0x5e0004 0x0 0x0 0x0 0x0 0x0 0x0 0x610007 0x0 0xfffffffffffffec8 0x0 0x670005 0x0 0x0 0x0 0x0 0x0 0x0 0x710005 0x0 0x0 0x0 0x0 0x0 0x0 0x760007 0x0 0x38 0x0 0x7c0003 0x0 0x7c8 0x810005 0x0 0x0 0x0 0x0 0x0 0x0 0x840005 0x0 0x0 0x0 0x0 0x0 0x0 0x870007 0x0 0x48 0x0 0x900002 0x0 0x960003 0x0 0x710 0x9b0005 0x0 0x0 0x0 0x0 0x0 0x0 0x9e0007 0x0 0x2d8 0x0 0xa60005 0x0 0x0 0x0 0x0 0x0 0x0 0xa90005 0x0 0x0 0x0 0x0 0x0 0x0 0xaf0005 0x0 0x0 0x0 0x0 0x0 0x0 0xb20005 0x0 0x0 0x0 0x0 0x0 0x0 0xbd0005 0x0 0x0 0x0 0x0 0x0 0x0 0xc00007 0x0 0x1a0 0x0 0xc60007 0x0 0xfffffffffffffda0 0x0 0xce0005 0x0 0x0 0x0 0x0 0x0 0x0 0xd30005 0x0 0x0 0x0 0x0 0x0 0x0 0xd60005 0x0 0x0 0x0 0x0 0x0 0x0 0xd90005 0x0 0x0 0x0 0x0 0x0 0x0 0xdf0005 0x0 0x0 0x0 0x0 0x0 0x0 0xe40007 0x0 0x38 0x0 0xe70003 0x0 0xfffffffffffffc48 0xee0002 0x0 0xf70005 0x0 0x0 0x0 0x0 0x0 0x0 0xfa0005 0x0 0x0 0x0 0x0 0x0 0x0 0xfd0007 0x0 0x368 0x0 0x1020005 0x0 0x0 0x0 0x0 0x0 0x0 0x1050005 0x0 0x0 0x0 0x0 0x0 0x0 0x1080007 0x0 0x2d8 0x0 0x10d0005 0x0 0x0 0x0 0x0 0x0 0x0 0x1100005 0x0 0x0 0x0 0x0 0x0 0x0 0x1130005 0x0 0x0 0x0 0x0 0x0 0x0 0x1160007 0x0 0x210 0x0 0x11b0005 0x0 0x0 0x0 0x0 0x0 0x0 0x11e0005 0x0 0x0 0x0 0x0 0x0 0x0 0x1210005 0x0 0x0 0x0 0x0 0x0 0x0 0x1240005 0x0 0x0 0x0 0x0 0x0 0x0 0x1270007 0x0 0x110 0x0 0x12d0007 0x0 0xd8 0x0 0x1350005 0x0 0x0 0x0 0x0 0x0 0x0 0x1380005 0x0 0x0 0x0 0x0 0x0 0x0 0x13b0007 0x0 0x38 0x0 0x13e0003 0x0 0x28 0x1450002 0x0 0x1580003 0x0 0x28 0x1610002 0x0 0x16e0003 0x0 0xfffffffffffff650 0x1750005 0x0 0x0 0x0 0x0 0x0 0x0 0x17e0007 0x1126 0x128 0x0 0x1860005 0x0 0x0 0x0 0x0 0x0 0x0 0x1900002 0x0 0x1980005 0x0 0x0 0x0 0x0 0x0 0x0 0x19d0005 0x0 0x0 0x0 0x0 0x0 0x0 0x1a00005 0x0 0x0 0x0 0x0 0x0 0x0 0x1a50003 0x0 0xfffffffffffff348 0x1ac0007 0x1120 0x58 0x4 0x1b30005 0x0 0x0 0x2c768c8fc18 0x4 0x0 0x0 0x0 0x0 0x0 0x0 0x0 0x0 0x0 0x0 0x0 0x9 0x2 0x0 0x0 oops 2 5 java/util/Collections$SetFromMap 419 com/android/tools/r8/internal/sB methods 0
ciMethodData com/android/tools/r8/graph/c5$c o ()Lcom/android/tools/r8/graph/c5$c; 2 5434 orig 80 0 0 0 0 0 0 0 0 0 0 0 0 0 0 0 0 0 0 0 0 0 0 0 0 0 0 0 0 0 0 0 0 0 0 0 0 0 0 0 0 0 0 0 0 0 0 0 0 0 0 0 0 0 0 0 0 0 0 0 0 0 0 0 0 0 0 0 0 0 0 0 0 0 0 0 0 0 0 0 0 data 5 0x0 0x0 0x9 0x1 0x0 oops 0 methods 0
ciMethodData com/android/tools/r8/graph/c5$c a (Lcom/android/tools/r8/graph/y;Lcom/android/tools/r8/internal/zK;Lcom/android/tools/r8/graph/K5;)Lcom/android/tools/r8/graph/h3; 2 6023 orig 80 0 0 0 0 0 0 0 0 0 0 0 0 0 0 0 0 0 0 0 0 0 0 0 0 0 0 0 0 0 0 0 0 0 0 0 0 0 0 0 0 0 0 0 0 0 0 0 0 0 0 0 0 0 0 0 0 0 0 0 0 0 0 0 0 0 0 0 0 0 0 0 0 0 0 0 0 0 0 0 0 data 833 0x10005 0x69b 0x0 0x2c768c913f0 0x1b9 0x2c768c914a0 0xf35 0x40005 0x1789 0x0 0x0 0x0 0x0 0x0 0xa0007 0x1b9 0x1078 0x15ce 0x110007 0x0 0x1048 0x15cf 0x170007 0x512 0x6b8 0x10be 0x1d0007 0x5 0x2e8 0x10b9 0x230007 0x10b9 0xf8 0x0 0x270004 0x0 0x0 0x0 0x0 0x0 0x0 0x2a0007 0x0 0xa0 0x0 0x2e0005 0x0 0x0 0x0 0x0 0x0 0x0 0x310007 0x0 0x38 0x0 0x340003 0x0 0x28 0x3b0002 0x0 0x410005 0x0 0x0 0x2c768c914a0 0xf34 0x2c76abb4fe8 0x185 0x450005 0x0 0x0 0x2c768c95358 0x10b8 0x0 0x0 0x480005 0x0 0x0 0x2c7622f8e10 0x10ba 0x0 0x0 0x4b0007 0x10b9 0xe0 0x0 0x4f0005 0x0 0x0 0x0 0x0 0x0 0x0 0x530005 0x0 0x0 0x0 0x0 0x0 0x0 0x560005 0x0 0x0 0x0 0x0 0x0 0x0 0x5b0003 0x0 0x28 0x5e0002 0x10b9 0x690005 0x10b9 0x0 0x0 0x0 0x0 0x0 0x6f0005 0x0 0x0 0x2c76abb2b10 0x5 0x0 0x0 0x760005 0x0 0x0 0x2c768c95358 0x5 0x0 0x0 0x790005 0x0 0x0 0x2c7622f8e10 0x5 0x0 0x0 0x7c0007 0x5 0x2c8 0x0 0x800007 0x0 0x2a8 0x0 0x840005 0x0 0x0 0x0 0x0 0x0 0x0 0x890005 0x0 0x0 0x0 0x0 0x0 0x0 0x8c0004 0x0 0x0 0x0 0x0 0x0 0x0 0x930005 0x0 0x0 0x0 0x0 0x0 0x0 0x990005 0x0 0x0 0x0 0x0 0x0 0x0 0x9e0005 0x0 0x0 0x0 0x0 0x0 0x0 0xa40005 0x0 0x0 0x0 0x0 0x0 0x0 0xa70007 0x0 0x100 0x0 0xaf0005 0x0 0x0 0x0 0x0 0x0 0x0 0xb20004 0x0 0x0 0x0 0x0 0x0 0x0 0xb60005 0x0 0x0 0x0 0x0 0x0 0x0 0xbb0005 0x0 0x0 0x0 0x0 0x0 0x0 0xc20007 0x5 0x30 0x0 0xcc0002 0x0 0xd50002 0x5 0xdb0005 0x0 0x0 0x2c768c91550 0x512 0x0 0x0 0xde0005 0x0 0x0 0x2c768c91550 0x512 0x0 0x0 0xe20005 0x0 0x0 0x2c768c95358 0x512 0x0 0x0 0xe50005 0x0 0x0 0x2c7622f8e10 0x512 0x0 0x0 0xe80007 0x512 0x440 0x0 0xec0005 0x0 0x0 0x0 0x0 0x0 0x0 0xf10005 0x0 0x0 0x0 0x0 0x0 0x0 0xf40004 0x0 0x0 0x0 0x0 0x0 0x0 0xfa0005 0x0 0x0 0x0 0x0 0x0 0x0 0x1010007 0x0 0x750 0x0 0x1050005 0x0 0x0 0x0 0x0 0x0 0x0 0x1090005 0x0 0x0 0x0 0x0 0x0 0x0 0x10c0005 0x0 0x0 0x0 0x0 0x0 0x0 0x10f0007 0x0 0x38 0x0 0x1140003 0x0 0x180 0x1180005 0x0 0x0 0x0 0x0 0x0 0x0 0x1240005 0x0 0x0 0x0 0x0 0x0 0x0 0x1290007 0x0 0x48 0x0 0x12e0002 0x0 0x1320003 0x0 0x18 0x1380007 0x0 0xffffffffffffff30 0x0 0x13c0005 0x0 0x0 0x0 0x0 0x0 0x0 0x13f0005 0x0 0x0 0x0 0x0 0x0 0x0 0x1420007 0x0 0xfffffffffffffea0 0x0 0x1460007 0x0 0x38 0x0 0x1490003 0x0 0x4c8 0x14f0007 0x0 0x4b0 0x0 0x1540005 0x0 0x0 0x0 0x0 0x0 0x0 0x1570007 0x0 0x38 0x0 0x15a0003 0x0 0x438 0x1610002 0x0 0x16a0005 0x0 0x0 0x2c768c95358 0x512 0x0 0x0 0x1720007 0x0 0x120 0x512 0x1770005 0x0 0x0 0x2c7689fb390 0x267 0x2c767c43250 0x2ab 0x17a0007 0x267 0x78 0x2ab 0x18e0005 0x0 0x0 0x2c768c911e0 0x2ab 0x0 0x0 0x1930007 0x2ab 0x70 0x0 0x1990005 0x267 0x0 0x0 0x0 0x0 0x0 0x19d0003 0x267 0x2d0 0x1a20005 0x0 0x0 0x2c768c95358 0x2ab 0x0 0x0 0x1a50005 0x2ab 0x0 0x0 0x0 0x0 0x0 0x1a90005 0x0 0x0 0x2c76a156b20 0x2ab 0x0 0x0 0x1ad0005 0x0 0x0 0x2c768c916b0 0x2ab 0x0 0x0 0x1b00005 0x2ab 0x0 0x0 0x0 0x0 0x0 0x1b30007 0x2ab 0x38 0x0 0x1b80003 0x0 0x180 0x1bc0005 0x2ab 0x0 0x0 0x0 0x0 0x0 0x1c80005 0x0 0x0 0x2c7629c9d98 0x151 0x2c7629c9ce8 0x15a 0x1cd0007 0x0 0x48 0x2ab 0x1d20002 0x2ab 0x1d60003 0x2ab 0x18 0x1dc0007 0x0 0xffffffffffffff30 0x2ab 0x1e00005 0x0 0x0 0x2c768c916b0 0x2ab 0x0 0x0 0x1e30005 0x0 0x0 0x2c76b77b260 0x2ab 0x0 0x0 0x1e60007 0x0 0xfffffffffffffea0 0x2ab 0x1ea0007 0x0 0x30 0x512 0x1f30002 0x512 0x1fc0002 0x0 0x2050002 0x0 0x20b0005 0x0 0x0 0x2c768c913f0 0x1b9 0x0 0x0 0x20e0005 0x0 0x0 0x2c768c913f0 0x1b9 0x0 0x0 0x2120005 0x0 0x0 0x2c768c95358 0x1b9 0x0 0x0 0x2150005 0x0 0x0 0x2c7622f8e10 0x1b9 0x0 0x0 0x2180007 0x1b9 0x4b0 0x0 0x21c0005 0x0 0x0 0x0 0x0 0x0 0x0 0x2220005 0x0 0x0 0x0 0x0 0x0 0x0 0x2250004 0x0 0x0 0x0 0x0 0x0 0x0 0x22c0005 0x0 0x0 0x0 0x0 0x0 0x0 0x2340007 0x0 0x668 0x0 0x2390005 0x0 0x0 0x0 0x0 0x0 0x0 0x23c0005 0x0 0x0 0x0 0x0 0x0 0x0 0x2400005 0x0 0x0 0x0 0x0 0x0 0x0 0x2440005 0x0 0x0 0x0 0x0 0x0 0x0 0x2470005 0x0 0x0 0x0 0x0 0x0 0x0 0x24a0007 0x0 0x38 0x0 0x24f0003 0x0 0x180 0x2530005 0x0 0x0 0x0 0x0 0x0 0x0 0x25f0005 0x0 0x0 0x0 0x0 0x0 0x0 0x2640007 0x0 0x48 0x0 0x2690002 0x0 0x26d0003 0x0 0x18 0x2730007 0x0 0xffffffffffffff30 0x0 0x2770005 0x0 0x0 0x0 0x0 0x0 0x0 0x27a0005 0x0 0x0 0x0 0x0 0x0 0x0 0x27d0007 0x0 0xfffffffffffffea0 0x0 0x2810007 0x0 0x38 0x0 0x2840003 0x0 0x370 0x28a0007 0x0 0x358 0x0 0x2900005 0x0 0x0 0x0 0x0 0x0 0x0 0x2930007 0x0 0x38 0x0 0x2960003 0x0 0x2e0 0x29d0002 0x0 0x2a30005 0x0 0x0 0x2c768c95358 0x1b9 0x0 0x0 0x2a60005 0x1b9 0x0 0x0 0x0 0x0 0x0 0x2aa0005 0x0 0x0 0x2c76a156b20 0x1b9 0x0 0x0 0x2ae0005 0x0 0x0 0x2c768c916b0 0x1b9 0x0 0x0 0x2b10005 0x1b9 0x0 0x0 0x0 0x0 0x0 0x2b40007 0x1b6 0x38 0x3 0x2bc0003 0x3 0x180 0x2c00005 0x1b6 0x0 0x0 0x0 0x0 0x0 0x2cc0005 0x0 0x0 0x2c7629c9ce8 0xd8 0x2c7629c9d98 0xde 0x2d10007 0x0 0x48 0x1b6 0x2d60002 0x1b6 0x2da0003 0x1b6 0x18 0x2e00007 0x0 0xffffffffffffff30 0x1b6 0x2e40005 0x0 0x0 0x2c768c916b0 0x1b6 0x0 0x0 0x2e70005 0x0 0x0 0x2c76b77b260 0x1b6 0x0 0x0 0x2ea0007 0x0 0xfffffffffffffea0 0x1b6 0x2f20007 0x3 0x30 0x1b6 0x2fc0002 0x1b6 0x3050002 0x3 0x0 0x0 0x0 0x0 0x0 0x0 0x0 0x0 0x0 0x0 0x0 0x0 0x0 0x9 0x4 0x0 0x0 0x0 0x0 oops 35 3 com/android/tools/r8/internal/tK 5 com/android/tools/r8/internal/RK 64 com/android/tools/r8/internal/RK 66 com/android/tools/r8/internal/xK 71 com/android/tools/r8/graph/y 78 com/android/tools/r8/graph/h 122 com/android/tools/r8/internal/MK 129 com/android/tools/r8/graph/y 136 com/android/tools/r8/graph/h 240 com/android/tools/r8/internal/KK 247 com/android/tools/r8/internal/KK 254 com/android/tools/r8/graph/y 261 com/android/tools/r8/graph/h 404 com/android/tools/r8/graph/y 415 com/android/tools/r8/graph/v2 417 com/android/tools/r8/graph/H2 426 java/util/Collections$SetFromMap 447 com/android/tools/r8/graph/y 461 com/android/tools/r8/graph/B2 468 com/android/tools/r8/graph/K5 496 com/android/tools/r8/graph/S4 498 com/android/tools/r8/graph/P4 516 com/android/tools/r8/graph/K5 523 com/android/tools/r8/graph/O4 544 com/android/tools/r8/internal/tK 551 com/android/tools/r8/internal/tK 558 com/android/tools/r8/graph/y 565 com/android/tools/r8/graph/h 722 com/android/tools/r8/graph/y 736 com/android/tools/r8/graph/B2 743 com/android/tools/r8/graph/K5 771 com/android/tools/r8/graph/P4 773 com/android/tools/r8/graph/S4 791 com/android/tools/r8/graph/K5 798 com/android/tools/r8/graph/O4 methods 0
ciMethodData com/android/tools/r8/graph/W5 a ()Lcom/android/tools/r8/graph/W5; 2 3682 orig 80 0 0 0 0 0 0 0 0 0 0 0 0 0 0 0 0 0 0 0 0 0 0 0 0 0 0 0 0 0 0 0 0 0 0 0 0 0 0 0 0 0 0 0 0 0 0 0 0 0 0 0 0 0 0 0 0 0 0 0 0 0 0 0 0 0 0 0 0 0 0 0 0 0 0 0 0 0 0 0 0 data 5 0x0 0x0 0x9 0x1 0x0 oops 0 methods 0
ciMethodData com/android/tools/r8/graph/d1 b (Lcom/android/tools/r8/graph/B2;)Lcom/android/tools/r8/graph/H0; 2 1245 orig 80 0 0 0 0 0 0 0 0 0 0 0 0 0 0 0 0 0 0 0 0 0 0 0 0 0 0 0 0 0 0 0 0 0 0 0 0 0 0 0 0 0 0 0 0 0 0 0 0 0 0 0 0 0 0 0 0 0 0 0 0 0 0 0 0 0 0 0 0 0 0 0 0 0 0 0 0 0 0 0 0 data 35 0x20005 0x0 0x0 0x2c76a156b20 0x4de 0x0 0x0 0x50005 0x0 0x0 0x2c768c95358 0x4de 0x0 0x0 0xc0007 0x0 0x58 0x4df 0x110005 0x4df 0x0 0x0 0x0 0x0 0x0 0x0 0x0 0x0 0x0 0x0 0x0 0x9 0x2 0x0 0x0 oops 2 3 com/android/tools/r8/graph/B2 10 com/android/tools/r8/graph/y methods 0
ciMethodData com/android/tools/r8/graph/D4 getHolder ()Lcom/android/tools/r8/graph/E0; 2 3317 orig 80 0 0 0 0 0 0 0 0 0 0 0 0 0 0 0 0 0 0 0 0 0 0 0 0 0 0 0 0 0 0 0 0 0 0 0 0 0 0 0 0 0 0 0 0 0 0 0 0 0 0 0 0 0 0 0 0 0 0 0 0 0 0 0 0 0 0 0 0 0 0 0 0 0 0 0 0 0 0 0 0 data 16 0x10005 0xcf6 0x0 0x0 0x0 0x0 0x0 0x0 0x0 0x0 0x0 0x0 0x0 0x9 0x1 0x0 oops 0 methods 0
ciMethodData com/android/tools/r8/graph/D4 K ()Lcom/android/tools/r8/graph/v2; 2 3716 orig 80 0 0 0 0 0 0 0 0 0 0 0 0 0 0 0 0 0 0 0 0 0 0 0 0 0 0 0 0 0 0 0 0 0 0 0 0 0 0 0 0 0 0 0 0 0 0 0 0 0 0 0 0 0 0 0 0 0 0 0 0 0 0 0 0 0 0 0 0 0 0 0 0 0 0 0 0 0 0 0 0 data 36 0x80007 0xe85 0xa0 0x0 0xc0005 0x0 0x0 0x0 0x0 0x0 0x0 0xf0007 0x0 0x38 0x0 0x120003 0x0 0x28 0x190002 0x0 0x1e0005 0x0 0x0 0x2c7689fb390 0xe85 0x0 0x0 0x0 0x0 0x0 0x0 0x0 0x0 0x9 0x1 0x0 oops 1 23 com/android/tools/r8/graph/v2 methods 0
compile com/android/tools/r8/internal/RY b (Lcom/android/tools/r8/internal/sB;)Lcom/android/tools/r8/internal/De; 78 4 inline 279 0 -1 0 com/android/tools/r8/internal/RY b (Lcom/android/tools/r8/internal/sB;)Lcom/android/tools/r8/internal/De; 1 80 0 com/android/tools/r8/internal/a6 hasNext ()Z 1 90 0 com/android/tools/r8/internal/a6 next ()Ljava/lang/Object; 2 1 0 com/android/tools/r8/internal/a6 a ()Lcom/android/tools/r8/internal/ME; 1 109 0 com/android/tools/r8/internal/ME f1 ()Z 1 117 0 com/android/tools/r8/internal/ME d ()Lcom/android/tools/r8/internal/zx0; 1 120 0 com/android/tools/r8/internal/zx0 z ()Z 2 1 0 com/android/tools/r8/internal/zx0 s ()Lcom/android/tools/r8/graph/j0; 1 138 0 com/android/tools/r8/internal/sB j ()Lcom/android/tools/r8/graph/K5; 1 144 0 com/android/tools/r8/internal/zK e (Lcom/android/tools/r8/graph/y;Lcom/android/tools/r8/graph/K5;)Lcom/android/tools/r8/graph/H0; 2 3 0 com/android/tools/r8/internal/zK f (Lcom/android/tools/r8/graph/y;Lcom/android/tools/r8/graph/K5;)Lcom/android/tools/r8/graph/c5; 3 1 0 com/android/tools/r8/graph/y f ()Lcom/android/tools/r8/graph/h; 3 4 0 com/android/tools/r8/graph/h h ()Z 3 23 0 com/android/tools/r8/graph/w2 s0 ()Lcom/android/tools/r8/graph/M2; 3 27 0 com/android/tools/r8/graph/G0 p ()Lcom/android/tools/r8/graph/M2; 3 30 0 com/android/tools/r8/graph/M2 a (Lcom/android/tools/r8/graph/M2;)Z 3 37 0 com/android/tools/r8/graph/K5 getHolder ()Lcom/android/tools/r8/graph/H2; 4 30 0 com/android/tools/r8/graph/H2 d0 ()Lcom/android/tools/r8/graph/H2; 3 46 0 com/android/tools/r8/graph/E0 b (Lcom/android/tools/r8/graph/B2;)Lcom/android/tools/r8/graph/j1; 4 9 0 com/android/tools/r8/graph/B2 y0 ()Lcom/android/tools/r8/graph/I2; 4 13 0 com/android/tools/r8/graph/w2 t0 ()Lcom/android/tools/r8/graph/L2; 4 18 0 com/android/tools/r8/graph/P4 a (Lcom/android/tools/r8/graph/I2;Lcom/android/tools/r8/graph/L2;)Lcom/android/tools/r8/graph/j1; 5 26 0 com/android/tools/r8/graph/h1 E0 ()Lcom/android/tools/r8/graph/w2; 5 34 0 com/android/tools/r8/graph/B2 a (Lcom/android/tools/r8/graph/I2;Lcom/android/tools/r8/graph/L2;)Z 5 81 0 com/android/tools/r8/graph/h1 E0 ()Lcom/android/tools/r8/graph/w2; 5 89 0 com/android/tools/r8/graph/B2 a (Lcom/android/tools/r8/graph/I2;Lcom/android/tools/r8/graph/L2;)Z 4 18 0 com/android/tools/r8/graph/S4 a (Lcom/android/tools/r8/graph/I2;Lcom/android/tools/r8/graph/L2;)Lcom/android/tools/r8/graph/j1; 5 12 0 com/android/tools/r8/graph/F2 <init> (Lcom/android/tools/r8/graph/I2;Lcom/android/tools/r8/graph/L2;)V 6 3 0 com/android/tools/r8/graph/G2 <init> ()V 7 1 0 java/lang/Object <init> ()V 5 19 0 com/android/tools/r8/internal/d40 get (Ljava/lang/Object;)Ljava/lang/Object; 6 30 0 com/android/tools/r8/graph/G2 hashCode ()I 7 2 0 com/android/tools/r8/graph/F2 a ()Lcom/android/tools/r8/graph/L2; 7 6 0 com/android/tools/r8/graph/F2 b ()Lcom/android/tools/r8/graph/I2; 7 22 0 java/util/Objects hash ([Ljava/lang/Object;)I 8 1 0 java/util/Arrays hashCode ([Ljava/lang/Object;)I 6 33 0 com/android/tools/r8/internal/wA a (I)I 6 55 0 com/android/tools/r8/graph/G2 equals (Ljava/lang/Object;)Z 7 22 0 com/android/tools/r8/graph/E2 a ()Lcom/android/tools/r8/graph/L2; 8 4 0 com/android/tools/r8/graph/w2 t0 ()Lcom/android/tools/r8/graph/L2; 7 26 0 com/android/tools/r8/graph/E2 b ()Lcom/android/tools/r8/graph/I2; 8 4 0 com/android/tools/r8/graph/B2 y0 ()Lcom/android/tools/r8/graph/I2; 7 30 0 com/android/tools/r8/graph/F2 a ()Lcom/android/tools/r8/graph/L2; 7 43 0 com/android/tools/r8/graph/F2 b ()Lcom/android/tools/r8/graph/I2; 6 91 0 com/android/tools/r8/graph/G2 equals (Ljava/lang/Object;)Z 7 22 0 com/android/tools/r8/graph/E2 a ()Lcom/android/tools/r8/graph/L2; 8 4 0 com/android/tools/r8/graph/w2 t0 ()Lcom/android/tools/r8/graph/L2; 7 26 0 com/android/tools/r8/graph/E2 b ()Lcom/android/tools/r8/graph/I2; 8 4 0 com/android/tools/r8/graph/B2 y0 ()Lcom/android/tools/r8/graph/I2; 7 30 0 com/android/tools/r8/graph/F2 a ()Lcom/android/tools/r8/graph/L2; 7 43 0 com/android/tools/r8/graph/F2 b ()Lcom/android/tools/r8/graph/I2; 3 69 0 com/android/tools/r8/graph/w2 s0 ()Lcom/android/tools/r8/graph/M2; 3 77 0 java/util/Collections$SetFromMap contains (Ljava/lang/Object;)Z 4 5 0 java/util/IdentityHashMap containsKey (Ljava/lang/Object;)Z 5 1 0 java/util/IdentityHashMap maskNull (Ljava/lang/Object;)Ljava/lang/Object; 5 17 0 java/util/IdentityHashMap hash (Ljava/lang/Object;I)I 5 47 0 java/util/IdentityHashMap nextKeyIndex (II)I 3 90 0 com/android/tools/r8/graph/d1 b (Lcom/android/tools/r8/graph/B2;)Lcom/android/tools/r8/graph/H0; 4 2 0 com/android/tools/r8/graph/w2 s0 ()Lcom/android/tools/r8/graph/M2; 4 5 0 com/android/tools/r8/graph/y g (Lcom/android/tools/r8/graph/M2;)Lcom/android/tools/r8/graph/E0; 5 1 0 com/android/tools/r8/graph/y f ()Lcom/android/tools/r8/graph/h; 5 5 0 com/android/tools/r8/graph/h g (Lcom/android/tools/r8/graph/M2;)Lcom/android/tools/r8/graph/E0; 6 2 0 com/android/tools/r8/graph/h c (Lcom/android/tools/r8/graph/M2;)Lcom/android/tools/r8/graph/E0; 7 19 0 java/util/Objects requireNonNull (Ljava/lang/Object;)Ljava/lang/Object; 7 23 0 java/lang/invoke/Invokers$Holder linkToTargetMethod (Ljava/lang/Object;Ljava/lang/Object;)Ljava/lang/Object; 8 5 0 java/lang/invoke/DirectMethodHandle$Holder newInvokeSpecial (Ljava/lang/Object;Ljava/lang/Object;)Ljava/lang/Object; 9 1 0 java/lang/invoke/DirectMethodHandle allocateInstance (Ljava/lang/Object;)Ljava/lang/Object; 9 6 0 java/lang/invoke/DirectMethodHandle constructorMethod (Ljava/lang/Object;)Ljava/lang/Object; 9 16 0  @bci com/android/tools/r8/graph/h c (Lcom/android/tools/r8/graph/M2;)Lcom/android/tools/r8/graph/E0; 23 <appendix> member <vmtarget> ; <init> (Lcom/android/tools/r8/graph/x0;)V 10 1 0 java/lang/Object <init> ()V 7 29 0 com/android/tools/r8/synthesis/E a (Ljava/util/function/Function;Lcom/android/tools/r8/graph/M2;)Lcom/android/tools/r8/graph/b0; 8 12 0 java/util/concurrent/ConcurrentHashMap get (Ljava/lang/Object;)Ljava/lang/Object; 9 1 0 com/android/tools/r8/graph/E hashCode ()I 10 11 0 com/android/tools/r8/graph/M2 k0 ()I 11 4 0 com/android/tools/r8/graph/E hashCode ()I 12 11 0 com/android/tools/r8/graph/L2 k0 ()I 13 12 0 java/util/Arrays hashCode ([B)I 9 4 0 java/util/concurrent/ConcurrentHashMap spread (I)I 9 34 0 java/util/concurrent/ConcurrentHashMap tabAt ([Ljava/util/concurrent/ConcurrentHashMap$Node;I)Ljava/util/concurrent/ConcurrentHashMap$Node; 9 73 0 com/android/tools/r8/graph/E equals (Ljava/lang/Object;)Z 10 7 0 com/android/tools/r8/graph/M2 c (Ljava/lang/Object;)Z 11 18 0 com/android/tools/r8/graph/E equals (Ljava/lang/Object;)Z 9 149 0 com/android/tools/r8/graph/E equals (Ljava/lang/Object;)Z 10 7 0 com/android/tools/r8/graph/M2 c (Ljava/lang/Object;)Z 11 18 0 com/android/tools/r8/graph/E equals (Ljava/lang/Object;)Z 8 179 0  @bci com/android/tools/r8/graph/h c (Lcom/android/tools/r8/graph/M2;)Lcom/android/tools/r8/graph/E0; 23 <appendix> member <vmtarget> ; apply (Ljava/lang/Object;)Ljava/lang/Object; 9 8 0 com/android/tools/r8/graph/z4 f (Lcom/android/tools/r8/graph/M2;)Lcom/android/tools/r8/graph/b0; 10 6 0 com/android/tools/r8/graph/W <init> ()V 11 1 0 java/lang/Object <init> ()V 10 19 0 com/android/tools/r8/internal/rd a (Lcom/android/tools/r8/graph/M2;)Lcom/android/tools/r8/graph/E0; 11 4 0 java/util/concurrent/atomic/AtomicReference get ()Ljava/lang/Object; 11 15 0 java/util/concurrent/ConcurrentHashMap get (Ljava/lang/Object;)Ljava/lang/Object; 12 1 0 com/android/tools/r8/graph/E hashCode ()I 13 11 0 com/android/tools/r8/graph/M2 k0 ()I 14 4 0 com/android/tools/r8/graph/E hashCode ()I 15 11 0 com/android/tools/r8/graph/L2 k0 ()I 16 12 0 java/util/Arrays hashCode ([B)I 12 4 0 java/util/concurrent/ConcurrentHashMap spread (I)I 12 34 0 java/util/concurrent/ConcurrentHashMap tabAt ([Ljava/util/concurrent/ConcurrentHashMap$Node;I)Ljava/util/concurrent/ConcurrentHashMap$Node; 12 73 0 com/android/tools/r8/graph/E equals (Ljava/lang/Object;)Z 13 7 0 com/android/tools/r8/graph/M2 c (Ljava/lang/Object;)Z 14 18 0 com/android/tools/r8/graph/E equals (Ljava/lang/Object;)Z 12 149 0 com/android/tools/r8/graph/E equals (Ljava/lang/Object;)Z 13 7 0 com/android/tools/r8/graph/M2 c (Ljava/lang/Object;)Z 14 18 0 com/android/tools/r8/graph/E equals (Ljava/lang/Object;)Z 11 31 0 com/android/tools/r8/graph/H2 get ()Ljava/lang/Object; 11 45 0 java/util/concurrent/ConcurrentHashMap get (Ljava/lang/Object;)Ljava/lang/Object; 12 1 0 com/android/tools/r8/graph/E hashCode ()I 13 11 0 com/android/tools/r8/graph/M2 k0 ()I 14 4 0 com/android/tools/r8/graph/E hashCode ()I 15 11 0 com/android/tools/r8/graph/L2 k0 ()I 16 12 0 java/util/Arrays hashCode ([B)I 12 4 0 java/util/concurrent/ConcurrentHashMap spread (I)I 12 34 0 java/util/concurrent/ConcurrentHashMap tabAt ([Ljava/util/concurrent/ConcurrentHashMap$Node;I)Ljava/util/concurrent/ConcurrentHashMap$Node; 12 73 0 com/android/tools/r8/graph/E equals (Ljava/lang/Object;)Z 13 7 0 com/android/tools/r8/graph/M2 c (Ljava/lang/Object;)Z 14 18 0 com/android/tools/r8/graph/E equals (Ljava/lang/Object;)Z 12 149 0 com/android/tools/r8/graph/E equals (Ljava/lang/Object;)Z 13 7 0 com/android/tools/r8/graph/M2 c (Ljava/lang/Object;)Z 14 18 0 com/android/tools/r8/graph/E equals (Ljava/lang/Object;)Z 11 59 0 com/android/tools/r8/internal/qd get ()Ljava/lang/Object; 12 1 0 com/android/tools/r8/internal/qd a ()Lcom/android/tools/r8/graph/E0; 13 71 0 java/lang/invoke/Invokers$Holder linkToTargetMethod (Ljava/lang/Object;Ljava/lang/Object;)Ljava/lang/Object; 14 5 0 java/lang/invoke/DirectMethodHandle$Holder newInvokeSpecial (Ljava/lang/Object;Ljava/lang/Object;)Ljava/lang/Object; 15 1 0 java/lang/invoke/DirectMethodHandle allocateInstance (Ljava/lang/Object;)Ljava/lang/Object; 15 6 0 java/lang/invoke/DirectMethodHandle constructorMethod (Ljava/lang/Object;)Ljava/lang/Object; 15 16 0  @bci com/android/tools/r8/internal/qd a ()Lcom/android/tools/r8/graph/E0; 71 <appendix> member <vmtarget> ; <init> (Lcom/android/tools/r8/internal/qd;)V 16 1 0 java/lang/Object <init> ()V 11 77 0 java/lang/invoke/Invokers$Holder linkToTargetMethod (Ljava/lang/Object;Ljava/lang/Object;Ljava/lang/Object;)Ljava/lang/Object; 12 6 0 java/lang/invoke/DirectMethodHandle$Holder newInvokeSpecial (Ljava/lang/Object;Ljava/lang/Object;Ljava/lang/Object;)Ljava/lang/Object; 13 1 0 java/lang/invoke/DirectMethodHandle allocateInstance (Ljava/lang/Object;)Ljava/lang/Object; 13 6 0 java/lang/invoke/DirectMethodHandle constructorMethod (Ljava/lang/Object;)Ljava/lang/Object; 13 19 0  @bci com/android/tools/r8/internal/rd a (Lcom/android/tools/r8/graph/M2;)Lcom/android/tools/r8/graph/E0; 77 <appendix> member <vmtarget> ; <init> (Lcom/android/tools/r8/internal/rd;Lcom/android/tools/r8/graph/M2;)V 14 1 0 java/lang/Object <init> ()V 11 100 0 com/android/tools/r8/internal/qd get ()Ljava/lang/Object; 12 1 0 com/android/tools/r8/internal/qd a ()Lcom/android/tools/r8/graph/E0; 13 71 0 java/lang/invoke/Invokers$Holder linkToTargetMethod (Ljava/lang/Object;Ljava/lang/Object;)Ljava/lang/Object; 14 5 0 java/lang/invoke/DirectMethodHandle$Holder newInvokeSpecial (Ljava/lang/Object;Ljava/lang/Object;)Ljava/lang/Object; 15 1 0 java/lang/invoke/DirectMethodHandle allocateInstance (Ljava/lang/Object;)Ljava/lang/Object; 15 6 0 java/lang/invoke/DirectMethodHandle constructorMethod (Ljava/lang/Object;)Ljava/lang/Object; 15 16 0  @bci com/android/tools/r8/internal/qd a ()Lcom/android/tools/r8/graph/E0; 71 <appendix> member <vmtarget> ; <init> (Lcom/android/tools/r8/internal/qd;)V 16 1 0 java/lang/Object <init> ()V 10 28 0 java/lang/invoke/Invokers$Holder linkToTargetMethod (Ljava/lang/Object;Ljava/lang/Object;)Ljava/lang/Object; 11 5 0 java/lang/invoke/DirectMethodHandle$Holder newInvokeSpecial (Ljava/lang/Object;Ljava/lang/Object;)Ljava/lang/Object; 12 1 0 java/lang/invoke/DirectMethodHandle allocateInstance (Ljava/lang/Object;)Ljava/lang/Object; 12 6 0 java/lang/invoke/DirectMethodHandle constructorMethod (Ljava/lang/Object;)Ljava/lang/Object; 12 16 0  @bci com/android/tools/r8/graph/z4 f (Lcom/android/tools/r8/graph/M2;)Lcom/android/tools/r8/graph/b0; 28 <appendix> member <vmtarget> ; <init> (Lcom/android/tools/r8/graph/W;)V 13 1 0 java/lang/Object <init> ()V 10 41 0  @bci com/android/tools/r8/graph/z4 f (Lcom/android/tools/r8/graph/M2;)Lcom/android/tools/r8/graph/b0; 28 <appendix> member <vmtarget> ; accept (Ljava/lang/Object;)V 11 8 0 com/android/tools/r8/graph/W a (Lcom/android/tools/r8/graph/v2;)Lcom/android/tools/r8/graph/W; 10 51 0 com/android/tools/r8/internal/rd a (Lcom/android/tools/r8/graph/M2;)Lcom/android/tools/r8/graph/E0; 11 4 0 java/util/concurrent/atomic/AtomicReference get ()Ljava/lang/Object; 11 15 0 java/util/concurrent/ConcurrentHashMap get (Ljava/lang/Object;)Ljava/lang/Object; 12 1 0 com/android/tools/r8/graph/E hashCode ()I 13 11 0 com/android/tools/r8/graph/M2 k0 ()I 14 4 0 com/android/tools/r8/graph/E hashCode ()I 15 11 0 com/android/tools/r8/graph/L2 k0 ()I 16 12 0 java/util/Arrays hashCode ([B)I 12 4 0 java/util/concurrent/ConcurrentHashMap spread (I)I 12 34 0 java/util/concurrent/ConcurrentHashMap tabAt ([Ljava/util/concurrent/ConcurrentHashMap$Node;I)Ljava/util/concurrent/ConcurrentHashMap$Node; 12 73 0 com/android/tools/r8/graph/E equals (Ljava/lang/Object;)Z 13 7 0 com/android/tools/r8/graph/M2 c (Ljava/lang/Object;)Z 14 18 0 com/android/tools/r8/graph/E equals (Ljava/lang/Object;)Z 12 149 0 com/android/tools/r8/graph/E equals (Ljava/lang/Object;)Z 13 7 0 com/android/tools/r8/graph/M2 c (Ljava/lang/Object;)Z 14 18 0 com/android/tools/r8/graph/E equals (Ljava/lang/Object;)Z 11 31 0 com/android/tools/r8/graph/H2 get ()Ljava/lang/Object; 11 45 0 java/util/concurrent/ConcurrentHashMap get (Ljava/lang/Object;)Ljava/lang/Object; 12 1 0 com/android/tools/r8/graph/E hashCode ()I 13 11 0 com/android/tools/r8/graph/M2 k0 ()I 14 4 0 com/android/tools/r8/graph/E hashCode ()I 15 11 0 com/android/tools/r8/graph/L2 k0 ()I 16 12 0 java/util/Arrays hashCode ([B)I 12 4 0 java/util/concurrent/ConcurrentHashMap spread (I)I 12 34 0 java/util/concurrent/ConcurrentHashMap tabAt ([Ljava/util/concurrent/ConcurrentHashMap$Node;I)Ljava/util/concurrent/ConcurrentHashMap$Node; 12 73 0 com/android/tools/r8/graph/E equals (Ljava/lang/Object;)Z 13 7 0 com/android/tools/r8/graph/M2 c (Ljava/lang/Object;)Z 14 18 0 com/android/tools/r8/graph/E equals (Ljava/lang/Object;)Z 12 149 0 com/android/tools/r8/graph/E equals (Ljava/lang/Object;)Z 13 7 0 com/android/tools/r8/graph/M2 c (Ljava/lang/Object;)Z 14 18 0 com/android/tools/r8/graph/E equals (Ljava/lang/Object;)Z 11 59 0 com/android/tools/r8/internal/qd get ()Ljava/lang/Object; 12 1 0 com/android/tools/r8/internal/qd a ()Lcom/android/tools/r8/graph/E0; 13 71 0 java/lang/invoke/Invokers$Holder linkToTargetMethod (Ljava/lang/Object;Ljava/lang/Object;)Ljava/lang/Object; 14 5 0 java/lang/invoke/DirectMethodHandle$Holder newInvokeSpecial (Ljava/lang/Object;Ljava/lang/Object;)Ljava/lang/Object; 15 1 0 java/lang/invoke/DirectMethodHandle allocateInstance (Ljava/lang/Object;)Ljava/lang/Object; 15 6 0 java/lang/invoke/DirectMethodHandle constructorMethod (Ljava/lang/Object;)Ljava/lang/Object; 15 16 0  @bci com/android/tools/r8/internal/qd a ()Lcom/android/tools/r8/graph/E0; 71 <appendix> member <vmtarget> ; <init> (Lcom/android/tools/r8/internal/qd;)V 16 1 0 java/lang/Object <init> ()V 11 77 0 java/lang/invoke/Invokers$Holder linkToTargetMethod (Ljava/lang/Object;Ljava/lang/Object;Ljava/lang/Object;)Ljava/lang/Object; 12 6 0 java/lang/invoke/DirectMethodHandle$Holder newInvokeSpecial (Ljava/lang/Object;Ljava/lang/Object;Ljava/lang/Object;)Ljava/lang/Object; 13 1 0 java/lang/invoke/DirectMethodHandle allocateInstance (Ljava/lang/Object;)Ljava/lang/Object; 13 6 0 java/lang/invoke/DirectMethodHandle constructorMethod (Ljava/lang/Object;)Ljava/lang/Object; 13 19 0  @bci com/android/tools/r8/internal/rd a (Lcom/android/tools/r8/graph/M2;)Lcom/android/tools/r8/graph/E0; 77 <appendix> member <vmtarget> ; <init> (Lcom/android/tools/r8/internal/rd;Lcom/android/tools/r8/graph/M2;)V 14 1 0 java/lang/Object <init> ()V 11 100 0 com/android/tools/r8/internal/qd get ()Ljava/lang/Object; 12 1 0 com/android/tools/r8/internal/qd a ()Lcom/android/tools/r8/graph/E0; 13 71 0 java/lang/invoke/Invokers$Holder linkToTargetMethod (Ljava/lang/Object;Ljava/lang/Object;)Ljava/lang/Object; 14 5 0 java/lang/invoke/DirectMethodHandle$Holder newInvokeSpecial (Ljava/lang/Object;Ljava/lang/Object;)Ljava/lang/Object; 15 1 0 java/lang/invoke/DirectMethodHandle allocateInstance (Ljava/lang/Object;)Ljava/lang/Object; 15 6 0 java/lang/invoke/DirectMethodHandle constructorMethod (Ljava/lang/Object;)Ljava/lang/Object; 15 16 0  @bci com/android/tools/r8/internal/qd a ()Lcom/android/tools/r8/graph/E0; 71 <appendix> member <vmtarget> ; <init> (Lcom/android/tools/r8/internal/qd;)V 16 1 0 java/lang/Object <init> ()V 10 60 0 java/lang/invoke/Invokers$Holder linkToTargetMethod (Ljava/lang/Object;Ljava/lang/Object;)Ljava/lang/Object; 11 5 0 java/lang/invoke/DirectMethodHandle$Holder newInvokeSpecial (Ljava/lang/Object;Ljava/lang/Object;)Ljava/lang/Object; 12 1 0 java/lang/invoke/DirectMethodHandle allocateInstance (Ljava/lang/Object;)Ljava/lang/Object; 12 6 0 java/lang/invoke/DirectMethodHandle constructorMethod (Ljava/lang/Object;)Ljava/lang/Object; 12 16 0  @bci com/android/tools/r8/graph/z4 f (Lcom/android/tools/r8/graph/M2;)Lcom/android/tools/r8/graph/b0; 60 <appendix> member <vmtarget> ; <init> (Lcom/android/tools/r8/graph/W;)V 13 1 0 java/lang/Object <init> ()V 10 73 0  @bci com/android/tools/r8/graph/z4 f (Lcom/android/tools/r8/graph/M2;)Lcom/android/tools/r8/graph/b0; 60 <appendix> member <vmtarget> ; accept (Ljava/lang/Object;)V 11 8 0 com/android/tools/r8/graph/W a (Lcom/android/tools/r8/graph/H2;)Lcom/android/tools/r8/graph/W; 10 92 0 com/android/tools/r8/internal/rd a (Lcom/android/tools/r8/graph/M2;)Lcom/android/tools/r8/graph/E0; 11 4 0 java/util/concurrent/atomic/AtomicReference get ()Ljava/lang/Object; 11 15 0 java/util/concurrent/ConcurrentHashMap get (Ljava/lang/Object;)Ljava/lang/Object; 12 1 0 com/android/tools/r8/graph/E hashCode ()I 13 11 0 com/android/tools/r8/graph/M2 k0 ()I 14 4 0 com/android/tools/r8/graph/E hashCode ()I 15 11 0 com/android/tools/r8/graph/L2 k0 ()I 16 12 0 java/util/Arrays hashCode ([B)I 12 4 0 java/util/concurrent/ConcurrentHashMap spread (I)I 12 34 0 java/util/concurrent/ConcurrentHashMap tabAt ([Ljava/util/concurrent/ConcurrentHashMap$Node;I)Ljava/util/concurrent/ConcurrentHashMap$Node; 12 73 0 com/android/tools/r8/graph/E equals (Ljava/lang/Object;)Z 13 7 0 com/android/tools/r8/graph/M2 c (Ljava/lang/Object;)Z 14 18 0 com/android/tools/r8/graph/E equals (Ljava/lang/Object;)Z 12 149 0 com/android/tools/r8/graph/E equals (Ljava/lang/Object;)Z 13 7 0 com/android/tools/r8/graph/M2 c (Ljava/lang/Object;)Z 14 18 0 com/android/tools/r8/graph/E equals (Ljava/lang/Object;)Z 11 31 0 com/android/tools/r8/graph/H2 get ()Ljava/lang/Object; 11 45 0 java/util/concurrent/ConcurrentHashMap get (Ljava/lang/Object;)Ljava/lang/Object; 12 1 0 com/android/tools/r8/graph/E hashCode ()I 13 11 0 com/android/tools/r8/graph/M2 k0 ()I 14 4 0 com/android/tools/r8/graph/E hashCode ()I 15 11 0 com/android/tools/r8/graph/L2 k0 ()I 16 12 0 java/util/Arrays hashCode ([B)I 12 4 0 java/util/concurrent/ConcurrentHashMap spread (I)I 12 34 0 java/util/concurrent/ConcurrentHashMap tabAt ([Ljava/util/concurrent/ConcurrentHashMap$Node;I)Ljava/util/concurrent/ConcurrentHashMap$Node; 12 73 0 com/android/tools/r8/graph/E equals (Ljava/lang/Object;)Z 13 7 0 com/android/tools/r8/graph/M2 c (Ljava/lang/Object;)Z 14 18 0 com/android/tools/r8/graph/E equals (Ljava/lang/Object;)Z 12 149 0 com/android/tools/r8/graph/E equals (Ljava/lang/Object;)Z 13 7 0 com/android/tools/r8/graph/M2 c (Ljava/lang/Object;)Z 14 18 0 com/android/tools/r8/graph/E equals (Ljava/lang/Object;)Z 11 59 0 com/android/tools/r8/internal/qd get ()Ljava/lang/Object; 12 1 0 com/android/tools/r8/internal/qd a ()Lcom/android/tools/r8/graph/E0; 13 71 0 java/lang/invoke/Invokers$Holder linkToTargetMethod (Ljava/lang/Object;Ljava/lang/Object;)Ljava/lang/Object; 14 5 0 java/lang/invoke/DirectMethodHandle$Holder newInvokeSpecial (Ljava/lang/Object;Ljava/lang/Object;)Ljava/lang/Object; 15 1 0 java/lang/invoke/DirectMethodHandle allocateInstance (Ljava/lang/Object;)Ljava/lang/Object; 15 6 0 java/lang/invoke/DirectMethodHandle constructorMethod (Ljava/lang/Object;)Ljava/lang/Object; 15 16 0  @bci com/android/tools/r8/internal/qd a ()Lcom/android/tools/r8/graph/E0; 71 <appendix> member <vmtarget> ; <init> (Lcom/android/tools/r8/internal/qd;)V 16 1 0 java/lang/Object <init> ()V 11 77 0 java/lang/invoke/Invokers$Holder linkToTargetMethod (Ljava/lang/Object;Ljava/lang/Object;Ljava/lang/Object;)Ljava/lang/Object; 12 6 0 java/lang/invoke/DirectMethodHandle$Holder newInvokeSpecial (Ljava/lang/Object;Ljava/lang/Object;Ljava/lang/Object;)Ljava/lang/Object; 13 1 0 java/lang/invoke/DirectMethodHandle allocateInstance (Ljava/lang/Object;)Ljava/lang/Object; 13 6 0 java/lang/invoke/DirectMethodHandle constructorMethod (Ljava/lang/Object;)Ljava/lang/Object; 13 19 0  @bci com/android/tools/r8/internal/rd a (Lcom/android/tools/r8/graph/M2;)Lcom/android/tools/r8/graph/E0; 77 <appendix> member <vmtarget> ; <init> (Lcom/android/tools/r8/internal/rd;Lcom/android/tools/r8/graph/M2;)V 14 1 0 java/lang/Object <init> ()V 11 100 0 com/android/tools/r8/internal/qd get ()Ljava/lang/Object; 12 1 0 com/android/tools/r8/internal/qd a ()Lcom/android/tools/r8/graph/E0; 13 71 0 java/lang/invoke/Invokers$Holder linkToTargetMethod (Ljava/lang/Object;Ljava/lang/Object;)Ljava/lang/Object; 14 5 0 java/lang/invoke/DirectMethodHandle$Holder newInvokeSpecial (Ljava/lang/Object;Ljava/lang/Object;)Ljava/lang/Object; 15 1 0 java/lang/invoke/DirectMethodHandle allocateInstance (Ljava/lang/Object;)Ljava/lang/Object; 15 6 0 java/lang/invoke/DirectMethodHandle constructorMethod (Ljava/lang/Object;)Ljava/lang/Object; 15 16 0  @bci com/android/tools/r8/internal/qd a ()Lcom/android/tools/r8/graph/E0; 71 <appendix> member <vmtarget> ; <init> (Lcom/android/tools/r8/internal/qd;)V 16 1 0 java/lang/Object <init> ()V 10 101 0 java/lang/invoke/Invokers$Holder linkToTargetMethod (Ljava/lang/Object;Ljava/lang/Object;)Ljava/lang/Object; 11 5 0 java/lang/invoke/DirectMethodHandle$Holder newInvokeSpecial (Ljava/lang/Object;Ljava/lang/Object;)Ljava/lang/Object; 12 1 0 java/lang/invoke/DirectMethodHandle allocateInstance (Ljava/lang/Object;)Ljava/lang/Object; 12 6 0 java/lang/invoke/DirectMethodHandle constructorMethod (Ljava/lang/Object;)Ljava/lang/Object; 12 16 0  @bci com/android/tools/r8/graph/z4 f (Lcom/android/tools/r8/graph/M2;)Lcom/android/tools/r8/graph/b0; 101 <appendix> member <vmtarget> ; <init> (Lcom/android/tools/r8/graph/W;)V 13 1 0 java/lang/Object <init> ()V 10 197 0 com/android/tools/r8/graph/W a ()Lcom/android/tools/r8/graph/b0; 7 32 0 com/android/tools/r8/graph/E0 D ()Lcom/android/tools/r8/graph/E0; 4 17 0 com/android/tools/r8/graph/E0 a (Lcom/android/tools/r8/graph/B2;)Lcom/android/tools/r8/graph/H0; 5 9 0 com/android/tools/r8/graph/B2 y0 ()Lcom/android/tools/r8/graph/I2; 5 13 0 com/android/tools/r8/graph/w2 t0 ()Lcom/android/tools/r8/graph/L2; 3 101 0 com/android/tools/r8/graph/D4 getHolder ()Lcom/android/tools/r8/graph/E0; 3 106 0 com/android/tools/r8/graph/G0 d ()Lcom/android/tools/r8/graph/h1; 2 15 0 com/android/tools/r8/graph/c5$c o ()Lcom/android/tools/r8/graph/c5$c; 2 33 0 com/android/tools/r8/graph/W5 a ()Lcom/android/tools/r8/graph/W5;
